HoleID,From_m,To_m,Zn_pct,Pb_pct,Ag_ppm,BD_tonnes_m3,LowRecovery_<=85pct
BX20-001,0.00,1.50,0.251,0.010,3.5,2.631,N
BX20-001,1.50,2.50,0.197,0.099,0.7,2.610,N
BX20-001,2.50,4.50,0.445,0.120,2.0,2.638,N
BX20-001,4.50,5.50,0.147,0.054,0.5,2.596,N
BX20-001,5.50,7.50,0.291,0.117,5.7,2.660,N
BX20-001,7.50,8.50,0.297,0.025,0.5,2.596,N
BX20-001,8.50,9.50,0.020,0.010,0.5,2.620,N
BX20-001,9.50,11.00,0.635,0.323,5.5,2.666,N
BX20-001,11.00,12.00,0.580,0.248,3.0,2.649,N
BX20-001,12.00,13.00,0.020,0.039,3.6,2.654,N
BX20-001,13.00,14.00,0.020,0.010,0.5,2.602,N
BX20-001,14.00,15.00,0.952,0.493,3.7,2.668,N
BX20-001,15.00,16.00,0.020,0.010,0.5,2.624,N
BX20-001,16.00,17.00,0.761,0.258,4.1,2.666,N
BX20-001,17.00,18.00,0.233,0.010,0.5,2.656,N
BX20-001,18.00,19.50,0.020,0.067,1.3,2.615,Y
BX20-001,19.50,21.50,0.181,0.230,0.5,2.609,N
BX20-001,21.50,23.50,0.367,0.114,4.2,2.619,N
BX20-001,23.50,25.50,0.020,0.127,0.5,2.583,Y
BX20-001,25.50,26.50,0.834,0.334,4.0,2.711,N
BX20-001,26.50,28.00,0.627,0.325,4.8,2.615,N
BX20-001,28.00,29.50,0.234,0.010,1.5,2.663,N
BX20-001,29.50,30.50,0.217,0.010,1.4,2.629,N
BX20-001,30.50,31.50,0.189,0.022,0.9,2.639,N
BX20-001,31.50,32.50,0.020,0.010,0.5,2.610,N
BX20-001,32.50,33.50,0.020,0.010,2.0,2.656,N
BX20-001,33.50,35.00,0.151,0.098,0.5,2.589,N
BX20-001,35.00,36.00,0.166,0.010,0.5,2.610,N
BX20-001,36.00,38.00,0.631,0.010,0.7,2.640,N
BX20-001,38.00,39.00,0.722,0.418,3.5,2.634,N
BX20-001,39.00,40.00,0.080,0.030,0.5,2.613,N
BX20-001,40.00,41.50,0.020,0.010,0.5,2.612,N
BX20-001,41.50,43.50,0.020,0.010,2.2,2.615,N
BX20-001,43.50,44.50,0.020,0.079,0.5,2.632,N
BX20-001,44.50,46.50,0.920,0.445,3.8,2.641,N
BX20-001,46.50,48.00,0.373,0.130,2.6,2.590,N
BX20-001,48.00,50.00,0.308,0.273,3.3,2.640,N
BX20-001,50.00,51.00,0.120,0.023,0.9,2.641,N
BX20-001,51.00,52.00,0.891,0.210,2.1,2.684,N
BX20-001,52.00,53.50,0.081,0.010,2.0,2.642,N
BX20-001,53.50,54.50,0.315,0.191,1.2,2.655,N
BX20-001,54.50,55.50,0.020,0.175,0.7,2.577,N
BX20-001,55.50,56.50,0.020,0.028,1.5,2.662,N
BX20-001,56.50,58.50,0.768,0.365,7.1,2.657,N
BX20-001,58.50,60.50,0.020,0.048,0.5,2.589,N
BX20-001,60.50,61.50,0.402,0.076,4.7,2.644,N
BX20-001,61.50,62.50,0.020,0.010,0.5,2.630,N
BX20-001,62.50,63.50,0.442,0.059,3.6,2.642,N
BX20-001,63.50,65.00,0.660,0.154,3.1,2.656,N
BX20-001,65.00,67.00,0.020,0.137,3.6,2.680,N
BX20-001,67.00,68.00,0.020,0.010,0.7,2.617,N
BX20-001,68.00,69.00,0.020,0.010,0.5,2.608,N
BX20-001,69.00,70.50,0.020,0.010,0.5,2.615,N
BX20-001,70.50,71.50,0.050,0.025,1.0,2.614,N
BX20-001,71.50,73.50,0.246,0.157,3.2,2.628,N
BX20-001,73.50,74.50,0.020,0.010,0.5,2.620,N
BX20-001,74.50,76.00,0.472,0.147,2.5,2.605,N
BX20-001,76.00,77.00,0.020,0.066,0.5,2.611,N
BX20-001,77.00,78.00,0.696,0.274,5.1,2.691,N
BX20-001,78.00,79.00,0.020,0.010,1.4,2.584,N
BX20-001,79.00,80.50,0.465,0.129,4.6,2.662,N
BX20-001,80.50,82.00,0.020,0.207,0.5,2.591,N
BX20-001,82.00,83.00,0.139,0.010,0.5,2.671,N
BX20-001,83.00,84.00,0.187,0.010,0.5,2.637,N
BX20-001,84.00,85.00,0.020,0.010,3.0,2.653,N
BX20-001,85.00,86.50,0.020,0.208,0.5,2.691,N
BX20-001,86.50,87.50,0.020,0.209,0.5,2.667,N
BX20-001,87.50,89.00,0.208,0.049,3.1,2.624,N
BX20-001,89.00,90.00,0.020,0.010,0.9,2.605,N
BX20-001,90.00,91.50,0.020,0.061,1.3,2.679,N
BX20-001,91.50,93.50,0.165,0.010,0.9,2.588,N
BX20-001,93.50,94.50,0.020,0.010,1.0,2.629,N
BX20-001,94.50,95.50,0.500,0.177,3.6,2.650,N
BX20-001,95.50,96.50,0.020,0.010,0.5,2.643,N
BX20-001,96.50,98.50,0.099,0.010,0.5,2.621,N
BX20-001,98.50,99.50,0.062,0.010,3.3,2.680,N
BX20-001,99.50,101.00,0.020,0.010,1.6,2.580,N
BX20-001,101.00,102.00,0.411,0.010,0.9,2.638,N
BX20-001,102.00,103.00,0.056,0.091,1.2,2.596,N
BX20-001,103.00,105.00,0.020,0.010,1.5,2.629,N
BX20-001,105.00,107.00,0.275,0.037,0.5,2.671,N
BX20-001,107.00,108.50,0.020,0.010,0.5,2.642,N
BX20-001,108.50,109.50,0.021,0.010,0.5,2.583,N
BX20-001,109.50,110.50,0.020,0.010,0.5,2.603,N
BX20-001,110.50,112.00,0.175,0.306,1.4,2.696,N
BX20-001,112.00,114.00,0.020,0.010,0.5,2.639,N
BX20-001,114.00,115.00,0.020,0.010,0.5,2.616,N
BX20-001,115.00,116.00,0.418,0.077,1.1,2.568,N
BX20-001,116.00,117.00,0.318,0.021,3.7,2.660,N
BX20-001,117.00,118.50,0.020,0.111,2.3,2.633,N
BX20-001,118.50,119.50,0.487,0.323,1.7,2.675,N
BX20-001,119.50,121.00,0.020,0.010,0.5,2.650,N
BX20-001,121.00,123.00,0.261,0.045,4.3,2.684,N
BX20-001,123.00,124.00,0.020,0.010,5.5,2.605,N
BX20-001,124.00,125.00,0.051,0.083,0.5,2.626,N
BX20-001,125.00,126.50,0.667,0.411,4.2,2.658,N
BX20-001,126.50,127.50,0.889,0.322,6.6,2.663,N
BX20-001,127.50,128.50,0.020,0.058,0.5,2.635,N
BX20-001,128.50,130.00,0.250,0.120,1.3,2.650,Y
BX20-001,130.00,131.50,0.020,0.010,2.1,2.612,N
BX20-001,131.50,132.50,0.554,0.281,2.6,2.713,N
BX20-001,132.50,134.00,0.751,0.290,5.9,2.695,N
BX20-001,134.00,135.00,0.362,0.012,0.5,2.633,N
BX20-001,135.00,137.00,0.456,0.127,4.0,2.587,N
BX20-001,137.00,138.00,0.203,0.025,0.5,2.586,N
BX20-001,138.00,140.00,0.020,0.177,0.5,2.643,N
BX20-001,140.00,141.00,0.415,0.010,4.7,2.651,N
BX20-001,141.00,142.00,0.020,0.044,0.5,2.598,N
BX20-001,142.00,143.00,0.023,0.065,2.1,2.567,N
BX20-001,143.00,145.00,0.337,0.147,2.2,2.609,N
BX20-001,145.00,147.00,0.627,0.206,2.2,2.682,Y
BX20-001,147.00,148.00,0.098,0.010,0.6,2.605,N
BX20-001,148.00,149.00,0.382,0.165,2.2,2.684,N
BX20-001,149.00,151.00,0.305,0.079,0.5,2.653,N
BX20-001,151.00,152.00,0.370,0.010,2.0,2.650,N
BX20-001,152.00,153.00,0.122,0.010,0.5,2.607,N
BX20-001,153.00,155.00,0.052,0.010,0.5,2.581,N
BX20-001,155.00,157.00,0.020,0.010,0.5,2.679,N
BX20-001,157.00,158.00,0.020,0.160,3.9,2.652,N
BX20-001,158.00,159.00,0.238,0.077,0.7,2.636,N
BX20-001,159.00,160.00,0.020,0.232,1.6,2.616,N
BX20-001,160.00,161.50,0.624,0.367,1.6,2.637,N
BX20-001,161.50,163.50,0.049,0.038,0.5,2.590,N
BX20-001,163.50,164.50,0.206,0.263,2.4,2.627,N
BX20-001,164.50,166.00,0.213,0.031,1.9,2.597,N
BX20-001,166.00,167.00,0.020,0.010,0.5,2.627,N
BX20-001,167.00,169.00,0.020,0.010,0.5,2.591,N
BX20-001,169.00,171.00,0.020,0.010,5.1,2.612,N
BX20-001,171.00,173.00,0.444,0.088,0.5,2.681,N
BX20-001,173.00,175.00,0.020,0.010,0.5,2.574,N
BX20-001,175.00,176.50,0.634,0.330,1.6,2.653,N
BX20-001,176.50,178.00,0.031,0.010,0.5,2.674,N
BX20-001,178.00,179.00,0.403,0.072,0.8,2.642,N
BX20-001,179.00,180.00,0.020,0.010,2.5,2.599,N
BX20-001,180.00,181.50,0.020,0.010,0.5,2.611,N
BX20-001,181.50,182.50,0.815,0.010,2.6,2.666,Y
BX20-001,182.50,184.50,0.020,0.267,0.5,2.640,N
BX20-001,184.50,186.50,0.372,0.118,3.7,2.681,N
BX20-001,186.50,187.50,0.020,0.010,0.5,2.595,N
BX20-001,187.50,188.50,0.020,0.010,0.5,2.665,N
BX20-001,188.50,189.50,0.141,0.127,1.9,2.563,N
BX20-001,189.50,190.50,0.020,0.010,0.5,2.630,N
BX20-001,190.50,192.00,0.020,0.010,0.5,2.600,N
BX20-001,192.00,193.00,0.081,0.174,0.5,2.662,N
BX20-001,193.00,194.00,0.056,0.010,0.5,2.588,N
BX20-001,194.00,195.50,0.106,0.010,2.9,2.603,N
BX20-001,195.50,196.50,0.020,0.010,1.7,2.631,N
BX20-001,196.50,198.50,0.020,0.010,2.0,2.632,N
BX20-001,198.50,200.50,0.020,0.127,0.5,2.599,N
BX20-001,200.50,202.50,0.264,0.047,0.5,2.631,N
BX20-001,202.50,204.00,0.452,0.170,1.2,2.632,N
BX20-001,204.00,206.00,0.020,0.010,0.5,2.584,N
BX20-001,206.00,208.00,0.020,0.255,1.1,2.638,N
BX20-001,208.00,209.00,0.020,0.010,1.2,2.636,N
BX20-001,209.00,210.00,0.480,0.270,5.1,2.656,N
BX20-001,210.00,211.00,0.020,0.103,0.5,2.664,N
BX20-001,211.00,212.00,0.020,0.087,0.6,2.593,N
BX20-001,212.00,214.00,0.384,0.108,2.7,2.627,N
BX20-001,214.00,216.00,0.020,0.102,0.5,2.627,N
BX20-001,216.00,218.00,0.422,0.137,2.5,2.670,N
BX20-001,218.00,219.00,0.715,0.180,3.7,2.731,N
BX20-001,219.00,220.50,0.166,0.118,0.5,2.637,N
BX20-001,220.50,221.50,0.379,0.115,1.1,2.630,N
BX20-001,221.50,222.50,0.151,0.010,0.5,2.599,N
BX20-001,222.50,224.00,0.188,0.010,0.5,2.631,N
BX20-001,224.00,225.00,0.020,0.048,1.8,2.654,Y
BX20-001,225.00,226.00,0.262,0.037,0.5,2.643,N
BX20-001,226.00,227.00,0.020,0.010,0.8,2.615,N
BX20-001,227.00,228.00,0.382,0.091,0.9,2.631,N
BX20-001,228.00,229.00,0.076,0.010,0.5,2.614,N
BX20-001,229.00,230.00,0.210,0.026,1.1,2.656,N
BX20-001,230.00,231.50,0.020,0.010,1.3,2.670,N
BX20-001,231.50,233.50,0.020,0.151,0.5,2.629,N
BX20-001,233.50,234.50,0.020,0.022,3.1,2.637,N
BX20-001,234.50,236.00,0.092,0.125,4.0,2.649,N
BX20-001,236.00,237.50,0.300,0.117,0.5,2.640,N
BX20-001,237.50,239.00,0.020,0.010,1.1,2.574,N
BX20-001,239.00,240.00,0.020,0.010,0.5,2.636,N
BX20-001,240.00,241.00,0.020,0.010,2.5,2.643,N
BX20-001,241.00,242.00,0.020,0.049,0.5,2.579,N
BX20-001,242.00,243.00,0.020,0.010,3.5,2.595,N
BX20-001,243.00,244.00,0.020,0.010,0.5,2.617,N
BX20-001,244.00,246.00,0.471,0.188,4.1,2.654,N
BX20-001,246.00,247.50,0.020,0.065,0.5,2.665,N
BX20-001,247.50,249.00,0.024,0.215,0.5,2.583,N
BX20-001,249.00,250.00,0.020,0.010,0.5,2.601,N
BX20-001,250.00,251.50,0.389,0.139,0.5,2.622,N
BX20-001,251.50,252.50,0.020,0.010,0.5,2.673,N
BX20-001,252.50,253.50,0.020,0.010,0.5,2.654,N
BX20-001,253.50,254.50,0.366,0.171,0.5,2.592,N
BX20-001,254.50,256.00,0.020,0.010,1.0,2.574,N
BX20-001,256.00,257.50,0.020,0.063,6.9,2.637,N
BX20-001,257.50,259.00,0.020,0.010,0.5,2.636,N
BX20-001,259.00,260.00,0.020,0.052,1.8,2.651,N
BX20-001,260.00,261.50,0.020,0.068,0.5,2.613,N
BX20-001,261.50,263.00,0.443,0.027,4.8,2.631,N
BX20-001,263.00,264.00,0.020,0.010,0.5,2.673,N
BX20-001,264.00,265.00,0.020,0.010,0.7,2.652,N
BX20-001,265.00,266.00,0.200,0.091,1.0,2.673,N
BX20-001,266.00,267.50,0.020,0.010,2.0,2.607,N
BX20-001,267.50,269.50,0.259,0.148,1.0,2.639,N
BX20-001,269.50,271.00,0.386,0.166,2.1,2.629,N
BX20-001,271.00,272.00,0.020,0.104,0.5,2.604,N
BX20-001,272.00,274.00,0.091,0.010,1.0,2.583,N
BX20-001,274.00,275.50,0.020,0.046,2.9,2.609,N
BX20-001,275.50,277.00,0.643,0.249,4.1,2.643,N
BX20-001,277.00,278.50,0.469,0.187,1.3,2.689,N
BX20-001,278.50,279.00,0.020,0.010,0.7,2.570,N
BX20-003,0.00,1.00,4.977,1.733,30.8,2.925,N
BX20-003,1.00,2.00,4.492,1.545,25.5,2.910,N
BX20-003,2.00,3.00,4.580,1.392,27.0,2.925,N
BX20-003,3.00,4.50,4.719,1.480,27.5,2.932,N
BX20-003,4.50,6.00,4.839,1.806,28.4,2.937,N
BX20-003,6.00,7.00,5.207,1.959,33.1,2.888,Y
BX20-003,7.00,8.50,4.376,1.725,23.6,2.845,N
BX20-003,8.50,9.50,4.466,1.537,27.5,2.890,N
BX20-003,9.50,10.50,4.216,1.642,25.5,2.928,N
BX20-003,10.50,12.00,4.655,1.787,27.1,2.968,N
BX20-003,12.00,13.00,4.818,1.655,27.9,2.904,N
BX20-003,13.00,14.00,4.223,1.507,27.9,2.935,N
BX20-003,14.00,15.00,4.543,1.662,30.9,2.900,N
BX20-003,15.00,16.00,4.606,1.569,29.3,2.876,N
BX20-003,16.00,18.00,4.640,1.734,29.9,2.927,N
BX20-003,18.00,20.00,4.851,1.915,24.0,2.951,N
BX20-003,20.00,21.00,4.394,1.477,25.4,2.852,N
BX20-003,21.00,22.00,4.311,1.371,28.4,2.902,N
BX20-003,22.00,23.00,4.496,1.545,25.5,2.895,N
BX20-003,23.00,24.50,4.384,1.660,27.8,2.906,N
BX20-003,24.50,25.50,3.772,1.290,25.8,2.809,N
BX20-003,25.50,26.50,3.847,1.368,23.8,2.845,N
BX20-003,26.50,27.50,4.460,1.499,30.4,2.865,N
BX20-003,27.50,29.00,4.172,1.356,25.6,2.806,N
BX20-003,29.00,30.50,3.716,1.233,22.2,2.850,N
BX20-003,30.50,31.50,3.441,1.166,22.5,2.805,N
BX20-003,31.50,32.50,3.905,1.444,24.1,2.848,N
BX20-003,32.50,34.00,2.860,1.039,15.6,2.809,N
BX20-003,34.00,35.00,4.259,1.424,21.6,2.875,N
BX20-003,35.00,36.00,4.155,1.361,26.2,2.894,N
BX20-003,36.00,37.00,3.012,1.064,16.6,2.792,N
BX20-003,37.00,38.00,3.975,1.555,25.1,2.821,N
BX20-003,38.00,40.00,3.155,1.062,21.1,2.791,N
BX20-003,40.00,42.00,3.085,1.096,17.4,2.856,N
BX20-003,42.00,43.00,3.947,1.277,27.3,2.865,N
BX20-003,43.00,44.50,3.158,1.114,20.6,2.854,N
BX20-003,44.50,46.00,3.276,1.096,19.0,2.863,N
BX20-003,46.00,48.00,2.614,0.737,16.9,2.794,N
BX20-003,48.00,49.00,3.171,1.042,15.6,2.782,N
BX20-003,49.00,51.00,3.188,1.248,15.4,2.768,N
BX20-003,51.00,53.00,3.032,0.859,16.7,2.803,N
BX20-003,53.00,54.00,2.849,0.937,17.8,2.787,N
BX20-003,54.00,56.00,2.256,0.762,12.1,2.747,N
BX20-003,56.00,57.00,1.936,0.788,12.6,2.750,N
BX20-003,57.00,58.00,2.957,1.071,14.1,2.776,N
BX20-003,58.00,59.50,2.406,0.897,12.1,2.740,N
BX20-003,59.50,61.50,2.461,0.900,12.9,2.778,N
BX20-003,61.50,62.50,1.614,0.558,11.9,2.704,N
BX20-003,62.50,64.00,2.028,0.760,11.0,2.772,N
BX20-003,64.00,65.00,2.118,0.784,14.6,2.722,N
BX20-003,65.00,67.00,1.789,0.670,14.3,2.711,N
BX20-003,67.00,68.50,2.439,0.703,15.8,2.726,N
BX20-003,68.50,70.50,2.148,0.725,12.7,2.764,N
BX20-003,70.50,71.50,2.225,0.691,13.2,2.736,N
BX20-003,71.50,72.50,2.538,0.808,17.7,2.817,N
BX20-003,72.50,73.50,1.961,0.715,11.0,2.791,N
BX20-003,73.50,74.50,1.020,0.324,8.5,2.650,N
BX20-003,74.50,76.50,1.750,0.592,10.2,2.779,N
BX20-003,76.50,77.50,1.508,0.411,9.5,2.696,N
BX20-003,77.50,79.50,2.432,0.716,13.6,2.792,N
BX20-003,79.50,81.00,1.599,0.403,11.0,2.711,N
BX20-003,81.00,82.50,1.286,0.360,11.0,2.643,N
BX20-003,82.50,83.50,1.518,0.655,9.6,2.679,N
BX20-003,83.50,84.50,1.759,0.600,9.0,2.709,N
BX20-003,84.50,85.50,0.752,0.431,3.0,2.710,N
BX20-003,85.50,87.00,0.865,0.387,5.0,2.651,N
BX20-003,87.00,88.00,1.165,0.328,6.4,2.665,N
BX20-003,88.00,89.00,1.594,0.543,7.9,2.737,N
BX20-003,89.00,90.50,0.819,0.158,8.4,2.664,N
BX20-003,90.50,92.00,0.733,0.425,3.8,2.656,N
BX20-003,92.00,93.00,0.699,0.342,1.6,2.683,N
BX20-003,93.00,94.00,1.288,0.557,4.2,2.706,N
BX20-003,94.00,95.00,0.689,0.149,5.7,2.661,N
BX20-003,95.00,96.50,0.729,0.194,3.7,2.627,N
BX20-003,96.50,97.50,0.128,0.035,1.8,2.611,N
BX20-003,97.50,98.50,0.900,0.426,5.8,2.648,N
BX20-003,98.50,100.00,0.711,0.356,5.7,2.654,N
BX20-003,100.00,101.50,1.212,0.506,6.8,2.673,N
BX20-003,101.50,103.50,1.129,0.280,7.5,2.735,N
BX20-003,103.50,105.50,0.360,0.108,3.1,2.610,N
BX20-003,105.50,107.50,0.519,0.198,2.2,2.621,N
BX20-003,107.50,108.50,0.116,0.046,4.9,2.610,N
BX20-003,108.50,110.00,0.236,0.015,0.5,2.641,N
BX20-003,110.00,112.00,0.889,0.159,7.1,2.666,N
BX20-003,112.00,114.00,0.508,0.145,3.6,2.642,N
BX20-003,114.00,115.50,0.881,0.181,4.5,2.708,N
BX20-003,115.50,116.50,0.470,0.152,4.9,2.589,N
BX20-003,116.50,117.50,0.020,0.120,0.5,2.612,N
BX20-003,117.50,118.50,0.323,0.138,1.9,2.659,N
BX20-003,118.50,119.50,0.396,0.303,7.1,2.636,N
BX20-003,119.50,120.50,0.637,0.284,0.9,2.608,N
BX20-003,120.50,121.50,0.348,0.010,5.0,2.635,N
BX20-003,121.50,123.50,0.278,0.133,3.2,2.626,N
BX20-003,123.50,124.50,0.345,0.068,6.1,2.624,N
BX20-003,124.50,125.50,0.615,0.233,1.5,2.672,N
BX20-003,125.50,127.50,0.317,0.010,0.5,2.633,N
BX20-003,127.50,129.00,0.553,0.162,3.7,2.622,N
BX20-003,129.00,130.00,0.232,0.178,0.8,2.619,N
BX20-003,130.00,132.00,0.960,0.172,6.1,2.667,N
BX20-003,132.00,133.00,0.499,0.241,2.5,2.637,N
BX20-003,133.00,134.00,0.568,0.044,6.2,2.645,N
BX20-003,134.00,135.50,0.913,0.348,9.1,2.657,N
BX20-003,135.50,136.50,0.614,0.289,4.4,2.695,N
BX20-003,136.50,137.50,0.020,0.010,1.5,2.640,N
BX20-003,137.50,138.50,0.394,0.121,2.5,2.674,N
BX20-003,138.50,140.50,0.377,0.118,2.7,2.610,N
BX20-003,140.50,141.50,0.404,0.225,1.1,2.670,N
BX20-003,141.50,142.50,0.160,0.125,1.5,2.705,N
BX20-003,142.50,143.50,0.566,0.201,0.5,2.670,N
BX20-003,143.50,145.50,0.585,0.286,5.2,2.632,N
BX20-003,145.50,146.50,0.020,0.191,3.3,2.591,N
BX20-003,146.50,147.50,0.020,0.010,0.5,2.608,N
BX20-003,147.50,149.00,0.027,0.086,0.5,2.626,N
BX20-003,149.00,150.00,0.020,0.010,0.5,2.638,N
BX20-003,150.00,151.00,0.317,0.310,2.7,2.572,N
BX20-003,151.00,153.00,0.326,0.160,4.4,2.672,N
BX20-003,153.00,154.00,0.020,0.010,1.8,2.566,N
BX20-003,154.00,155.00,0.499,0.368,4.9,2.639,N
BX20-003,155.00,156.50,0.573,0.376,6.4,2.689,N
BX20-003,156.50,157.50,0.264,0.103,0.5,2.633,N
BX20-003,157.50,159.00,0.165,0.099,0.5,2.609,Y
BX20-003,159.00,161.00,0.070,0.010,0.5,2.652,N
BX20-003,161.00,163.00,0.020,0.167,0.5,2.622,Y
BX20-003,163.00,164.00,0.292,0.194,1.1,2.665,N
BX20-003,164.00,165.00,0.020,0.056,3.6,2.678,N
BX20-003,165.00,166.00,0.020,0.119,1.3,2.591,N
BX20-003,166.00,167.00,0.020,0.010,0.5,2.587,N
BX20-003,167.00,168.00,0.020,0.040,0.5,2.590,N
BX20-003,168.00,169.00,0.380,0.223,0.5,2.674,N
BX20-003,169.00,170.50,0.020,0.010,0.5,2.604,N
BX20-003,170.50,172.00,0.020,0.010,0.5,2.625,N
BX20-003,172.00,174.00,0.020,0.177,2.2,2.638,N
BX20-003,174.00,175.00,0.279,0.089,3.0,2.646,N
BX20-003,175.00,176.00,0.020,0.124,2.6,2.664,N
BX20-003,176.00,177.00,0.020,0.010,0.5,2.627,N
BX20-003,177.00,178.00,0.364,0.135,5.4,2.651,N
BX20-003,178.00,179.00,0.020,0.010,0.9,2.609,N
BX20-003,179.00,180.00,0.020,0.010,0.6,2.641,N
BX20-003,180.00,182.00,0.020,0.010,0.5,2.598,N
BX20-003,182.00,184.00,0.020,0.148,0.5,2.593,N
BX20-003,184.00,185.50,0.076,0.159,0.5,2.611,N
BX20-003,185.50,186.50,0.045,0.010,3.1,2.660,N
BX20-003,186.50,188.50,0.020,0.010,0.5,2.616,N
BX20-003,188.50,189.50,0.313,0.117,1.2,2.639,N
BX20-003,189.50,191.00,0.297,0.187,0.5,2.682,Y
BX20-003,191.00,192.00,0.020,0.010,1.5,2.591,N
BX20-003,192.00,194.00,0.020,0.056,0.5,2.611,N
BX20-003,194.00,195.50,0.098,0.011,0.5,2.680,N
BX20-003,195.50,196.50,0.020,0.129,1.2,2.630,N
BX20-003,196.50,198.00,0.881,0.516,5.4,2.673,N
BX20-003,198.00,199.00,0.020,0.061,0.5,2.588,N
BX20-003,199.00,201.00,0.020,0.010,1.3,2.608,N
BX20-003,201.00,202.00,0.505,0.114,5.9,2.657,N
BX20-003,202.00,203.00,0.027,0.010,0.5,2.635,N
BX20-003,203.00,204.00,0.287,0.010,0.5,2.649,N
BX20-003,204.00,206.00,0.567,0.241,4.9,2.661,N
BX20-003,206.00,207.50,0.020,0.017,0.5,2.616,N
BX20-003,207.50,208.50,0.406,0.094,1.7,2.657,N
BX20-003,208.50,210.00,0.020,0.068,0.5,2.647,N
BX20-003,210.00,211.00,0.020,0.125,0.5,2.593,N
BX20-003,211.00,212.00,0.020,0.010,2.5,2.592,N
BX20-003,212.00,214.00,0.020,0.010,1.6,2.557,N
BX20-003,214.00,215.00,0.020,0.010,3.7,2.615,N
BX20-003,215.00,216.00,0.020,0.111,3.5,2.657,N
BX20-003,216.00,218.00,0.187,0.010,0.5,2.669,N
BX20-003,218.00,219.00,0.020,0.010,1.4,2.612,N
BX20-003,219.00,220.50,0.020,0.070,0.5,2.615,N
BX20-003,220.50,222.50,0.020,0.010,0.5,2.637,N
BX20-003,222.50,223.50,0.020,0.010,1.0,2.645,N
BX20-003,223.50,224.50,0.329,0.010,1.3,2.622,N
BX20-003,224.50,226.50,0.347,0.122,3.0,2.665,N
BX20-003,226.50,228.50,0.020,0.010,0.5,2.625,N
BX20-003,228.50,230.50,0.020,0.076,3.0,2.675,N
BX20-003,230.50,231.50,0.020,0.010,0.5,2.630,N
BX20-003,231.50,233.50,0.020,0.010,2.1,2.622,N
BX20-003,233.50,234.50,0.020,0.098,3.5,2.584,N
BX20-003,234.50,235.50,0.020,0.053,0.5,2.583,N
BX20-003,235.50,236.50,0.473,0.075,3.7,2.618,N
BX20-003,236.50,237.50,0.032,0.010,3.9,2.658,N
BX20-003,237.50,238.50,0.488,0.034,1.8,2.690,N
BX20-003,238.50,240.00,0.176,0.039,1.1,2.595,Y
BX20-003,240.00,241.00,0.578,0.253,3.4,2.650,N
BX20-003,241.00,243.00,0.020,0.010,0.5,2.592,N
BX20-003,243.00,245.00,0.020,0.120,0.5,2.605,N
BX20-003,245.00,246.50,0.102,0.010,1.5,2.660,N
BX20-003,246.50,248.50,0.020,0.080,0.5,2.605,N
BX20-003,248.50,250.00,0.020,0.010,0.5,2.609,N
BX20-003,250.00,252.00,0.092,0.010,1.3,2.637,N
BX20-003,252.00,254.00,0.020,0.010,0.5,2.674,N
BX20-003,254.00,255.50,0.020,0.010,1.6,2.626,N
BX20-003,255.50,256.50,0.020,0.087,1.1,2.602,N
BX20-003,256.50,257.50,0.020,0.049,0.5,2.590,N
BX20-003,257.50,259.00,0.395,0.038,1.4,2.631,N
BX20-003,259.00,260.50,0.041,0.010,1.5,2.635,N
BX20-003,260.50,261.50,0.020,0.010,0.5,2.605,N
BX20-003,261.50,263.50,0.020,0.010,2.1,2.612,N
BX20-003,263.50,265.50,0.217,0.117,0.5,2.588,N
BX20-003,265.50,267.50,0.171,0.137,2.4,2.581,N
BX20-003,267.50,268.50,0.020,0.089,0.6,2.645,Y
BX20-003,268.50,270.00,0.020,0.010,0.5,2.694,N
BX20-003,270.00,271.50,0.020,0.024,0.7,2.599,Y
BX20-003,271.50,273.00,0.020,0.038,2.3,2.642,N
BX20-003,273.00,275.00,0.020,0.065,0.5,2.598,N
BX20-003,275.00,276.00,0.020,0.078,1.3,2.651,N
BX20-003,276.00,277.00,0.356,0.098,0.5,2.632,N
BX20-003,277.00,278.00,0.020,0.020,0.5,2.620,N
BX20-003,278.00,279.50,0.020,0.029,1.0,2.557,N
BX20-003,279.50,281.00,0.120,0.010,1.0,2.666,N
BX20-003,281.00,282.00,0.236,0.063,1.4,2.597,N
BX20-003,282.00,283.00,0.020,0.010,1.0,2.558,N
BX20-003,283.00,284.00,0.192,0.034,0.5,2.602,N
BX20-003,284.00,285.50,0.020,0.101,0.5,2.587,N
BX20-003,285.50,286.50,0.242,0.022,0.5,2.666,N
BX20-003,286.50,288.50,0.463,0.036,0.5,2.621,N
BX20-003,288.50,289.50,0.020,0.101,0.5,2.671,N
BX20-003,289.50,290.50,0.020,0.076,2.3,2.599,N
BX20-003,290.50,291.50,0.774,0.284,2.8,2.620,N
BX20-003,291.50,293.00,0.020,0.142,0.5,2.564,N
BX20-003,293.00,294.00,0.020,0.010,2.7,2.603,N
BX20-003,294.00,295.00,0.573,0.201,3.5,2.672,N
BX20-003,295.00,296.50,0.161,0.033,2.2,2.632,N
BX20-003,296.50,297.50,0.168,0.010,0.5,2.580,N
BX20-003,297.50,299.00,0.296,0.347,2.4,2.670,N
BX20-003,299.00,300.50,0.020,0.010,0.8,2.631,N
BX20-003,300.50,302.50,0.020,0.010,0.9,2.656,N
BX20-003,302.50,303.50,0.020,0.010,0.5,2.646,N
BX20-003,303.50,305.50,0.056,0.112,0.5,2.587,N
BX20-003,305.50,307.00,0.020,0.010,0.5,2.640,N
BX20-003,307.00,308.00,0.039,0.075,0.5,2.652,N
BX20-004,0.00,2.00,2.608,1.017,14.3,2.760,N
BX20-004,2.00,3.00,3.157,1.303,19.0,2.782,N
BX20-004,3.00,4.00,2.301,0.850,16.3,2.727,N
BX20-004,4.00,5.00,2.367,0.761,11.5,2.784,N
BX20-004,5.00,7.00,1.726,0.546,11.0,2.642,N
BX20-004,7.00,8.00,2.897,1.124,16.8,2.822,N
BX20-004,8.00,9.00,2.466,1.074,12.7,2.774,N
BX20-004,9.00,10.50,2.821,0.801,16.5,2.755,N
BX20-004,10.50,11.50,2.953,1.030,20.6,2.809,N
BX20-004,11.50,13.50,3.457,1.212,21.1,2.850,N
BX20-004,13.50,14.50,2.825,0.976,16.8,2.782,N
BX20-004,14.50,16.50,2.933,0.797,20.0,2.785,N
BX20-004,16.50,17.50,3.354,1.052,23.2,2.819,N
BX20-004,17.50,18.50,3.355,0.895,15.7,2.808,N
BX20-004,18.50,20.00,3.041,1.162,17.5,2.791,N
BX20-004,20.00,21.00,2.889,1.049,16.5,2.782,N
BX20-004,21.00,22.50,3.584,1.329,19.0,2.812,N
BX20-004,22.50,24.00,3.235,1.196,17.7,2.742,N
BX20-004,24.00,25.00,3.268,1.380,21.1,2.838,N
BX20-004,25.00,26.00,2.903,1.025,17.3,2.854,N
BX20-004,26.00,27.50,3.542,1.225,21.5,2.841,N
BX20-004,27.50,28.50,3.348,1.134,24.8,2.804,N
BX20-004,28.50,29.50,3.015,1.152,18.6,2.843,N
BX20-004,29.50,31.00,3.622,1.383,22.5,2.818,N
BX20-004,31.00,32.50,4.500,1.661,29.2,2.914,N
BX20-004,32.50,33.50,3.749,1.566,21.1,2.806,N
BX20-004,33.50,34.50,4.208,1.477,28.0,2.882,N
BX20-004,34.50,35.50,3.795,1.420,22.0,2.829,N
BX20-004,35.50,37.50,4.393,1.601,28.5,2.884,N
BX20-004,37.50,39.00,4.795,1.634,29.7,2.910,N
BX20-004,39.00,40.00,3.841,1.236,22.4,2.857,N
BX20-004,40.00,42.00,4.341,1.498,25.1,2.841,N
BX20-004,42.00,43.00,4.413,1.638,27.9,2.887,N
BX20-004,43.00,44.00,3.894,1.317,24.5,2.926,N
BX20-004,44.00,46.00,5.408,1.918,32.1,2.949,N
BX20-004,46.00,47.50,3.693,1.388,18.9,2.828,N
BX20-004,47.50,48.50,4.323,1.474,24.4,2.888,N
BX20-004,48.50,49.50,4.175,1.332,23.4,2.875,N
BX20-004,49.50,50.50,4.483,1.683,25.5,2.860,N
BX20-004,50.50,51.50,4.350,1.261,28.4,2.887,N
BX20-004,51.50,53.00,4.658,1.598,31.0,2.919,N
BX20-004,53.00,55.00,4.179,1.372,24.2,2.851,N
BX20-004,55.00,56.00,4.297,1.474,29.3,2.868,N
BX20-004,56.00,57.00,4.115,1.381,24.3,2.858,N
BX20-004,57.00,59.00,5.173,1.634,31.1,2.950,N
BX20-004,59.00,60.00,5.235,1.816,30.5,2.908,N
BX20-004,60.00,61.00,4.729,1.647,29.5,2.894,N
BX20-004,61.00,62.50,5.132,1.678,29.2,2.866,Y
BX20-004,62.50,63.50,4.368,1.499,27.2,2.860,N
BX20-004,63.50,65.00,4.987,1.797,26.1,2.942,Y
BX20-004,65.00,66.00,4.711,1.732,28.7,2.923,N
BX20-004,66.00,67.00,5.455,1.883,31.7,2.914,N
BX20-004,67.00,68.00,5.039,1.744,29.5,2.930,N
BX20-004,68.00,69.50,5.003,1.817,34.0,2.892,N
BX20-004,69.50,71.00,5.023,1.852,28.6,2.884,N
BX20-004,71.00,73.00,5.719,1.795,34.4,2.898,N
BX20-004,73.00,74.00,5.655,2.189,33.8,2.994,N
BX20-004,74.00,76.00,5.872,1.984,37.5,2.964,N
BX20-004,76.00,77.00,5.916,2.086,36.9,2.994,N
BX20-004,77.00,78.00,6.577,2.232,37.0,2.979,N
BX20-004,78.00,79.00,5.933,2.190,36.4,2.985,N
BX20-004,79.00,80.00,6.092,2.286,36.7,3.012,N
BX20-004,80.00,81.50,5.834,2.146,32.5,2.977,N
BX20-004,81.50,83.00,5.978,2.176,31.2,2.958,N
BX20-004,83.00,85.00,5.099,1.904,31.3,2.871,N
BX20-004,85.00,86.00,5.978,2.198,37.4,2.951,N
BX20-004,86.00,87.00,6.341,2.183,36.9,3.020,N
BX20-004,87.00,88.00,6.510,2.334,41.2,2.954,N
BX20-004,88.00,89.50,5.833,2.081,34.5,2.986,N
BX20-004,89.50,91.50,6.477,2.355,35.4,2.977,N
BX20-004,91.50,92.50,6.459,2.442,35.7,3.014,Y
BX20-004,92.50,93.50,6.119,2.127,32.5,2.996,N
BX20-004,93.50,95.50,6.767,2.296,41.0,3.004,N
BX20-004,95.50,96.50,6.160,2.185,34.9,3.004,N
BX20-004,96.50,98.50,6.271,2.113,39.5,2.954,N
BX20-004,98.50,100.00,7.063,2.511,43.4,3.036,N
BX20-004,100.00,101.00,6.461,2.351,38.3,3.024,N
BX20-004,101.00,102.50,7.025,2.443,43.1,3.131,N
BX20-004,102.50,103.50,6.828,2.391,39.0,3.003,N
BX20-004,103.50,105.50,6.288,2.122,39.4,2.950,N
BX20-004,105.50,106.50,6.164,1.967,42.5,2.975,N
BX20-004,106.50,107.50,7.388,2.576,44.7,3.071,N
BX20-004,107.50,108.50,7.421,2.725,45.0,3.106,Y
BX20-004,108.50,109.50,6.640,2.324,41.0,2.974,Y
BX20-004,109.50,110.50,6.466,2.307,36.7,3.017,N
BX20-004,110.50,112.00,7.022,2.392,38.3,2.964,N
BX20-004,112.00,113.50,7.209,2.380,41.6,3.004,N
BX20-004,113.50,115.00,7.245,2.630,41.3,3.088,N
BX20-004,115.00,116.00,6.993,2.217,41.9,3.014,N
BX20-004,116.00,117.50,6.580,2.277,39.0,2.990,N
BX20-004,117.50,119.50,7.231,2.490,42.9,3.055,N
BX20-004,119.50,121.50,7.074,2.482,44.6,3.066,N
BX20-004,121.50,123.00,6.927,2.543,40.8,3.032,N
BX20-004,123.00,124.50,7.483,2.554,46.1,3.058,N
BX20-004,124.50,125.50,6.968,2.561,40.3,3.023,N
BX20-004,125.50,127.00,6.774,2.462,40.7,3.029,N
BX20-004,127.00,128.50,7.929,2.828,48.9,3.120,N
BX20-004,128.50,129.50,7.480,2.519,42.2,3.026,N
BX20-004,129.50,131.50,6.935,2.387,42.7,3.024,N
BX20-004,131.50,133.50,7.061,2.482,41.1,3.020,N
BX20-004,133.50,134.50,7.818,2.612,47.8,3.053,N
BX20-004,134.50,135.50,7.256,2.538,43.3,3.065,N
BX20-004,135.50,136.50,7.808,2.793,43.5,3.100,N
BX20-004,136.50,138.50,7.376,2.576,40.9,3.094,N
BX20-004,138.50,140.00,8.085,2.653,47.8,3.088,N
BX20-004,140.00,141.50,7.908,3.022,45.2,3.111,Y
BX20-004,141.50,142.50,7.684,2.756,44.8,3.068,N
BX20-004,142.50,143.50,7.671,2.682,42.4,3.094,N
BX20-004,143.50,144.50,8.239,2.680,51.2,3.050,N
BX20-004,144.50,146.00,6.997,2.527,41.6,3.025,N
BX20-005,0.00,1.00,0.840,0.306,3.7,2.666,N
BX20-005,1.00,3.00,1.134,0.357,7.0,2.732,N
BX20-005,3.00,4.00,1.231,0.308,10.5,2.691,N
BX20-005,4.00,5.50,1.286,0.311,7.4,2.686,N
BX20-005,5.50,6.50,1.772,0.611,10.7,2.754,N
BX20-005,6.50,7.50,0.818,0.430,5.6,2.679,N
BX20-005,7.50,8.50,0.994,0.262,6.3,2.647,N
BX20-005,8.50,10.50,1.872,0.689,8.9,2.792,N
BX20-005,10.50,11.50,0.269,0.233,1.8,2.671,N
BX20-005,11.50,13.00,0.804,0.463,6.4,2.670,N
BX20-005,13.00,14.50,1.412,0.553,6.0,2.722,N
BX20-005,14.50,16.00,1.856,0.553,6.7,2.712,N
BX20-005,16.00,18.00,1.301,0.472,10.3,2.748,Y
BX20-005,18.00,20.00,0.836,0.287,4.5,2.666,N
BX20-005,20.00,21.00,0.641,0.272,4.7,2.666,N
BX20-005,21.00,23.00,1.748,0.433,10.1,2.739,N
BX20-005,23.00,24.00,1.808,0.604,8.8,2.710,N
BX20-005,24.00,25.00,1.107,0.376,5.6,2.684,N
BX20-005,25.00,26.50,1.520,0.542,10.4,2.684,N
BX20-005,26.50,27.50,1.124,0.505,6.7,2.646,N
BX20-005,27.50,29.50,1.655,0.404,13.2,2.723,N
BX20-005,29.50,31.00,1.491,0.432,5.8,2.711,N
BX20-005,31.00,32.00,1.889,0.684,9.1,2.719,N
BX20-005,32.00,33.00,1.172,0.613,5.8,2.764,N
BX20-005,33.00,34.00,1.833,0.644,10.0,2.730,N
BX20-005,34.00,35.00,0.572,0.267,2.7,2.653,N
BX20-005,35.00,36.00,1.297,0.530,7.0,2.703,N
BX20-005,36.00,37.00,1.691,0.488,13.2,2.689,N
BX20-005,37.00,38.00,1.856,0.617,13.0,2.737,N
BX20-005,38.00,39.50,2.816,0.927,18.2,2.760,N
BX20-005,39.50,40.50,2.136,0.810,12.4,2.781,N
BX20-005,40.50,41.50,1.538,0.529,5.6,2.752,N
BX20-005,41.50,43.00,1.767,0.661,7.9,2.722,N
BX20-005,43.00,44.00,1.856,0.661,14.3,2.732,N
BX20-005,44.00,46.00,1.386,0.560,8.5,2.686,N
BX20-005,46.00,47.00,1.615,0.527,11.1,2.742,N
BX20-005,47.00,48.50,2.038,0.775,11.8,2.679,Y
BX20-005,48.50,49.50,2.566,0.814,15.0,2.799,Y
BX20-005,49.50,51.00,2.057,0.700,10.6,2.739,N
BX20-005,51.00,52.50,1.555,0.431,8.9,2.713,N
BX20-005,52.50,54.00,2.346,0.826,16.3,2.805,N
BX20-005,54.00,55.50,1.979,0.778,14.3,2.752,N
BX20-005,55.50,56.50,2.326,0.633,17.1,2.762,N
BX20-005,56.50,58.00,2.263,0.714,15.3,2.759,N
BX20-005,58.00,60.00,2.122,0.677,11.4,2.761,N
BX20-005,60.00,62.00,2.389,0.946,12.4,2.757,N
BX20-005,62.00,63.50,2.413,0.914,16.2,2.745,N
BX20-005,63.50,64.50,2.175,0.646,11.1,2.692,N
BX20-005,64.50,65.50,2.478,1.129,13.0,2.705,N
BX20-005,65.50,66.50,2.068,0.718,12.4,2.750,N
BX20-005,66.50,67.50,2.552,0.883,13.8,2.754,N
BX20-005,67.50,69.50,2.804,0.967,18.2,2.798,N
BX20-005,69.50,70.50,2.762,0.909,18.9,2.781,Y
BX20-005,70.50,72.50,2.112,0.800,16.1,2.789,N
BX20-005,72.50,73.50,2.387,0.677,12.0,2.803,Y
BX20-005,73.50,74.50,2.235,0.825,14.2,2.747,N
BX20-005,74.50,75.50,3.117,1.175,18.7,2.820,N
BX20-005,75.50,77.50,2.682,0.997,16.0,2.773,N
BX20-005,77.50,79.00,2.398,0.848,19.7,2.736,N
BX20-005,79.00,80.00,2.323,0.775,13.5,2.780,N
BX20-005,80.00,81.00,2.879,0.977,14.8,2.761,N
BX20-005,81.00,82.00,3.015,1.044,16.5,2.809,N
BX20-005,82.00,83.00,3.871,1.296,25.3,2.823,N
BX20-005,83.00,84.50,3.063,1.194,18.5,2.845,N
BX20-005,84.50,85.50,2.907,1.027,17.2,2.851,N
BX20-005,85.50,86.50,3.292,1.197,23.9,2.812,N
BX20-005,86.50,88.50,1.845,0.691,13.3,2.778,N
BX20-005,88.50,90.00,2.958,1.164,15.6,2.775,N
BX20-005,90.00,91.50,3.542,1.360,21.8,2.803,N
BX20-005,91.50,93.50,3.114,1.136,18.9,2.833,N
BX20-005,93.50,94.50,2.698,1.156,16.0,2.814,N
BX20-005,94.50,95.50,3.310,1.150,19.1,2.814,N
BX20-005,95.50,97.50,3.492,1.262,22.8,2.857,N
BX20-005,97.50,98.50,3.300,1.185,21.9,2.810,N
BX20-005,98.50,100.00,3.300,1.274,18.7,2.771,N
BX20-005,100.00,101.00,3.089,0.993,21.8,2.817,N
BX20-005,101.00,102.50,3.306,1.225,20.6,2.856,N
BX20-005,102.50,104.00,3.546,1.059,24.0,2.819,N
BX20-005,104.00,105.00,3.091,1.210,16.2,2.813,N
BX20-005,105.00,106.00,4.047,1.465,27.1,2.865,N
BX20-005,106.00,107.50,3.263,1.158,19.7,2.771,N
BX20-005,107.50,109.00,3.363,1.009,17.4,2.756,N
BX20-005,109.00,110.50,3.185,1.118,18.5,2.828,Y
BX20-005,110.50,112.50,3.496,1.146,18.7,2.804,N
BX20-005,112.50,114.50,4.113,1.526,22.0,2.881,N
BX20-005,114.50,115.50,3.400,1.318,19.0,2.873,N
BX20-005,115.50,117.50,3.072,1.067,17.0,2.816,N
BX20-005,117.50,119.00,3.867,1.308,24.4,2.878,N
BX20-005,119.00,120.00,4.116,1.348,26.0,2.876,N
BX20-005,120.00,121.00,3.687,1.393,18.8,2.880,N
BX20-005,121.00,122.00,4.089,1.308,24.2,2.869,N
BX20-005,122.00,123.00,3.610,1.364,21.8,2.830,N
BX20-005,123.00,124.00,4.472,1.679,27.9,2.849,N
BX20-005,124.00,125.50,3.510,1.137,23.5,2.813,N
BX20-005,125.50,127.50,3.828,1.323,20.2,2.838,N
BX20-005,127.50,128.50,4.149,1.472,26.3,2.875,Y
BX20-005,128.50,130.50,3.986,1.225,19.7,2.838,N
BX20-005,130.50,131.50,4.314,1.511,26.2,2.898,N
BX20-005,131.50,132.50,4.104,1.401,23.0,2.883,N
BX20-005,132.50,133.50,4.031,1.178,22.7,2.850,N
BX20-005,133.50,134.50,3.867,1.455,25.8,2.855,N
BX20-005,134.50,135.50,3.603,1.327,20.1,2.836,N
BX20-005,135.50,136.50,4.165,1.354,23.7,2.875,N
BX20-005,136.50,138.50,3.594,1.449,18.7,2.867,N
BX20-005,138.50,139.50,3.471,1.305,21.1,2.852,N
BX20-005,139.50,141.50,4.211,1.496,25.5,2.855,N
BX20-005,141.50,143.00,3.606,1.112,24.4,2.809,N
BX20-005,143.00,144.00,3.912,1.334,22.9,2.839,N
BX20-005,144.00,146.00,4.193,1.617,25.9,2.868,N
BX20-005,146.00,147.00,4.248,1.545,28.8,2.886,N
BX20-005,147.00,148.50,4.815,1.799,29.0,2.865,N
BX20-005,148.50,150.00,4.297,1.422,22.9,2.824,N
BX20-005,150.00,151.50,4.395,1.660,25.1,2.892,N
BX20-005,151.50,153.50,4.005,1.175,22.4,2.893,N
BX20-005,153.50,154.50,4.376,1.735,29.2,2.863,Y
BX20-005,154.50,155.50,4.754,1.688,28.7,2.941,N
BX20-005,155.50,156.50,5.445,1.949,30.0,2.957,N
BX20-005,156.50,157.50,4.986,1.781,28.7,2.931,N
BX20-005,157.50,158.50,4.525,1.499,23.1,2.860,N
BX20-005,158.50,159.50,4.606,1.564,27.5,2.867,N
BX20-005,159.50,161.50,4.613,1.636,30.5,2.913,N
BX20-005,161.50,162.50,4.118,1.458,26.1,2.913,N
BX20-005,162.50,163.50,3.785,1.218,22.2,2.837,N
BX20-005,163.50,164.50,4.418,1.572,23.0,2.884,N
BX20-005,164.50,165.50,4.284,1.301,26.4,2.859,N
BX20-005,165.50,166.50,4.552,1.587,27.9,2.903,N
BX20-005,166.50,168.50,4.746,1.572,32.6,2.868,N
BX20-005,168.50,169.50,4.447,1.572,24.6,2.893,N
BX20-005,169.50,171.50,3.708,1.350,22.8,2.859,N
BX20-005,171.50,172.50,4.638,1.700,26.6,2.896,N
BX20-005,172.50,173.50,4.420,1.554,30.3,2.942,N
BX20-005,173.50,175.50,5.277,1.797,33.5,2.896,N
BX20-005,175.50,177.00,4.810,1.691,29.5,2.917,N
BX20-005,177.00,178.00,4.851,1.696,28.7,2.888,N
BX20-005,178.00,179.00,4.661,1.719,27.4,2.955,N
BX20-005,179.00,180.00,4.552,1.614,27.0,2.834,N
BX20-005,180.00,181.50,3.959,1.459,22.3,2.846,N
BX20-005,181.50,183.00,4.537,1.616,26.1,2.887,N
BX20-005,183.00,184.00,4.535,1.567,28.2,2.918,N
BX20-005,184.00,185.50,4.872,1.872,26.7,2.910,N
BX20-005,185.50,186.50,4.671,1.652,30.4,2.891,N
BX20-005,186.50,187.50,4.371,1.553,22.9,2.835,N
BX20-005,187.50,189.50,4.588,1.481,24.0,2.914,N
BX20-005,189.50,190.50,4.293,1.716,25.7,2.889,N
BX20-005,190.50,192.00,4.941,1.730,30.4,2.917,N
BX20-005,192.00,193.00,5.413,1.926,31.8,2.961,N
BX20-005,193.00,195.00,5.544,1.861,34.0,2.914,N
BX20-005,195.00,197.00,4.986,1.631,27.8,2.951,Y
BX20-005,197.00,198.50,4.780,1.532,25.0,2.846,N
BX20-005,198.50,200.50,4.089,1.240,23.2,2.857,N
BX20-005,200.50,202.00,5.051,1.660,30.3,2.918,N
BX20-005,202.00,203.50,4.721,1.674,30.4,2.958,N
BX20-005,203.50,204.50,4.823,1.641,25.7,2.919,N
BX20-005,204.50,206.50,4.484,1.510,27.6,2.874,N
BX20-005,206.50,208.00,4.395,1.566,29.0,2.845,N
BX20-005,208.00,209.00,4.385,1.532,25.1,2.886,N
BX20-005,209.00,210.00,4.043,1.479,24.2,2.841,N
BX20-005,210.00,211.00,5.139,1.775,28.9,2.948,N
BX20-005,211.00,212.50,4.661,1.765,26.6,2.886,N
BX20-005,212.50,213.50,5.168,1.826,33.4,2.943,N
BX20-005,213.50,214.00,5.309,1.973,27.2,2.961,N
BX20-006,0.00,1.00,0.020,0.010,1.5,2.618,N
BX20-006,1.00,2.50,0.040,0.063,0.5,2.580,N
BX20-006,2.50,4.50,0.020,0.017,0.5,2.631,N
BX20-006,4.50,6.00,0.193,0.137,0.5,2.577,Y
BX20-006,6.00,7.00,0.218,0.024,3.3,2.649,N
BX20-006,7.00,9.00,0.451,0.119,3.8,2.693,N
BX20-006,9.00,10.00,0.418,0.146,1.9,2.674,N
BX20-006,10.00,11.50,0.025,0.013,0.5,2.639,N
BX20-006,11.50,13.00,0.171,0.150,0.6,2.636,N
BX20-006,13.00,14.00,0.020,0.010,0.5,2.703,N
BX20-006,14.00,16.00,0.317,0.201,0.5,2.669,N
BX20-006,16.00,17.50,0.267,0.261,2.9,2.674,N
BX20-006,17.50,19.00,0.020,0.010,0.8,2.617,N
BX20-006,19.00,20.00,0.977,0.344,5.3,2.699,N
BX20-006,20.00,21.50,0.580,0.395,2.2,2.683,N
BX20-006,21.50,22.50,0.020,0.010,3.1,2.627,N
BX20-006,22.50,23.50,0.354,0.275,3.0,2.638,N
BX20-006,23.50,25.00,0.541,0.044,0.5,2.678,N
BX20-006,25.00,26.00,0.439,0.094,3.3,2.627,N
BX20-006,26.00,27.00,0.358,0.114,5.4,2.664,N
BX20-006,27.00,29.00,0.301,0.122,2.8,2.621,N
BX20-006,29.00,30.00,0.275,0.059,3.5,2.632,N
BX20-006,30.00,31.00,0.493,0.156,0.5,2.661,N
BX20-006,31.00,33.00,0.170,0.151,0.5,2.669,N
BX20-006,33.00,34.50,0.907,0.318,5.8,2.684,N
BX20-006,34.50,36.00,0.828,0.227,3.1,2.681,N
BX20-006,36.00,37.00,0.432,0.129,2.6,2.660,N
BX20-006,37.00,38.00,0.604,0.322,5.9,2.678,N
BX20-006,38.00,39.00,0.481,0.165,6.3,2.655,N
BX20-006,39.00,40.00,0.485,0.043,5.1,2.661,N
BX20-006,40.00,41.50,0.144,0.024,0.5,2.647,N
BX20-006,41.50,42.50,0.760,0.166,5.3,2.671,N
BX20-006,42.50,43.50,0.701,0.064,3.0,2.656,N
BX20-006,43.50,45.50,0.855,0.392,8.6,2.645,N
BX20-006,45.50,47.00,0.771,0.238,2.5,2.682,N
BX20-006,47.00,48.50,0.573,0.035,4.4,2.616,N
BX20-006,48.50,50.50,0.804,0.370,4.2,2.632,N
BX20-006,50.50,51.50,0.651,0.183,0.8,2.643,N
BX20-006,51.50,52.50,0.347,0.104,1.9,2.667,N
BX20-006,52.50,53.50,1.244,0.447,8.0,2.673,N
BX20-006,53.50,54.50,0.760,0.226,5.1,2.598,N
BX20-006,54.50,55.50,0.898,0.203,5.5,2.677,N
BX20-006,55.50,57.00,0.907,0.111,5.8,2.677,N
BX20-006,57.00,58.50,0.859,0.391,2.8,2.645,N
BX20-006,58.50,60.00,0.907,0.219,5.4,2.636,N
BX20-006,60.00,61.50,0.876,0.439,3.7,2.684,N
BX20-006,61.50,62.50,0.828,0.461,1.9,2.654,N
BX20-006,62.50,63.50,1.493,0.428,9.6,2.750,N
BX20-006,63.50,65.00,0.829,0.212,4.0,2.670,N
BX20-006,65.00,66.50,0.770,0.252,6.8,2.681,N
BX20-006,66.50,67.50,0.162,0.035,0.5,2.682,N
BX20-006,67.50,69.50,0.542,0.038,1.7,2.672,N
BX20-006,69.50,70.50,1.109,0.524,6.0,2.717,N
BX20-006,70.50,71.50,0.664,0.201,1.2,2.649,N
BX20-006,71.50,72.50,1.189,0.461,5.4,2.734,N
BX20-006,72.50,74.50,1.265,0.411,8.7,2.708,N
BX20-006,74.50,76.50,1.484,0.775,9.8,2.714,N
BX20-006,76.50,78.00,1.211,0.301,7.6,2.764,N
BX20-006,78.00,79.50,1.415,0.500,13.0,2.725,N
BX20-006,79.50,80.50,1.229,0.617,6.3,2.667,N
BX20-006,80.50,82.00,1.332,0.367,6.7,2.670,N
BX20-006,82.00,83.50,0.834,0.314,3.7,2.661,N
BX20-006,83.50,85.00,1.356,0.363,8.3,2.674,N
BX20-006,85.00,86.00,0.823,0.374,3.9,2.674,N
BX20-006,86.00,88.00,0.989,0.317,7.2,2.748,N
BX20-006,88.00,90.00,1.227,0.428,10.4,2.672,N
BX20-006,90.00,91.00,1.767,0.543,8.2,2.741,N
BX20-006,91.00,92.00,2.047,0.493,11.9,2.734,N
BX20-006,92.00,93.00,0.996,0.356,6.6,2.687,N
BX20-006,93.00,94.50,1.016,0.273,5.6,2.706,N
BX20-006,94.50,96.00,1.335,0.609,8.4,2.685,N
BX20-006,96.00,97.50,1.331,0.398,9.6,2.693,N
BX20-006,97.50,99.50,1.720,0.519,9.7,2.764,N
BX20-006,99.50,101.50,0.847,0.146,3.5,2.667,N
BX20-006,101.50,103.00,1.593,0.503,8.5,2.717,N
BX20-006,103.00,104.00,1.462,0.391,11.4,2.694,N
BX20-006,104.00,105.00,1.336,0.470,8.5,2.696,N
BX20-006,105.00,107.00,1.598,0.369,5.0,2.681,N
BX20-006,107.00,108.00,1.055,0.270,6.9,2.720,N
BX20-006,108.00,110.00,2.086,0.948,14.8,2.763,N
BX20-006,110.00,111.00,1.368,0.520,10.6,2.711,N
BX20-006,111.00,113.00,1.735,0.545,6.4,2.740,N
BX20-006,113.00,114.50,2.224,0.712,13.5,2.736,N
BX20-006,114.50,115.50,1.848,0.790,8.5,2.750,N
BX20-006,115.50,117.50,1.848,0.599,12.3,2.676,N
BX20-006,117.50,119.50,1.155,0.382,4.2,2.608,N
BX20-006,119.50,120.50,1.833,0.770,7.2,2.741,N
BX20-006,120.50,122.50,2.281,0.869,14.1,2.800,N
BX20-006,122.50,123.50,1.850,0.571,10.9,2.782,N
BX20-006,123.50,124.50,2.090,0.824,12.3,2.765,N
BX20-006,124.50,126.00,2.615,1.104,14.7,2.743,N
BX20-006,126.00,127.00,2.319,0.918,13.2,2.761,N
BX20-006,127.00,128.50,2.662,0.894,18.5,2.841,N
BX20-006,128.50,130.50,2.528,0.885,19.4,2.812,N
BX20-006,130.50,131.50,2.590,0.847,12.9,2.810,N
BX20-006,131.50,132.50,2.487,0.909,14.9,2.778,N
BX20-006,132.50,134.50,2.399,0.673,10.9,2.725,N
BX20-006,134.50,136.50,2.482,0.997,20.1,2.698,N
BX20-006,136.50,137.50,2.929,0.975,18.0,2.739,N
BX20-006,137.50,139.50,2.222,0.724,13.7,2.776,N
BX20-006,139.50,140.50,2.509,0.950,14.0,2.846,N
BX20-006,140.50,142.50,2.464,0.811,13.4,2.759,N
BX20-006,142.50,144.50,2.363,0.849,14.3,2.734,N
BX20-006,144.50,146.50,3.009,1.000,16.7,2.803,N
BX20-006,146.50,147.50,3.078,0.966,18.5,2.826,N
BX20-006,147.50,148.50,2.718,0.968,14.1,2.782,N
BX20-006,148.50,149.50,2.351,0.744,14.7,2.727,N
BX20-006,149.50,151.00,3.364,0.960,19.9,2.815,N
BX20-006,151.00,152.50,2.835,0.996,15.9,2.763,N
BX20-006,152.50,154.00,2.784,0.898,17.5,2.829,N
BX20-006,154.00,156.00,3.487,1.236,23.2,2.812,N
BX20-006,156.00,157.00,3.396,1.189,22.8,2.844,N
BX20-006,157.00,158.00,2.932,1.092,19.3,2.776,N
BX20-006,158.00,159.00,3.430,1.176,17.0,2.825,N
BX20-006,159.00,160.00,3.311,1.261,20.8,2.844,N
BX20-006,160.00,161.00,3.205,1.194,16.2,2.819,N
BX20-006,161.00,162.50,3.018,1.122,18.5,2.816,N
BX20-006,162.50,164.00,3.581,1.236,21.7,2.904,N
BX20-007,0.00,1.50,0.020,0.010,0.5,2.638,N
BX20-007,1.50,3.00,0.020,0.082,3.9,2.642,N
BX20-007,3.00,4.00,0.020,0.101,1.8,2.586,N
BX20-007,4.00,5.50,0.020,0.103,2.2,2.632,N
BX20-007,5.50,6.50,0.020,0.050,2.5,2.582,N
BX20-007,6.50,8.00,0.020,0.010,0.5,2.571,N
BX20-007,8.00,9.50,0.020,0.010,0.5,2.596,N
BX20-007,9.50,10.50,0.020,0.010,0.7,2.590,N
BX20-007,10.50,11.50,0.548,0.184,4.9,2.611,N
BX20-007,11.50,13.00,0.254,0.019,0.5,2.657,N
BX20-007,13.00,15.00,0.028,0.083,4.5,2.620,N
BX20-007,15.00,16.00,0.055,0.047,0.5,2.593,N
BX20-007,16.00,17.00,0.172,0.010,0.5,2.609,N
BX20-007,17.00,18.00,0.020,0.010,1.4,2.599,N
BX20-007,18.00,19.50,0.020,0.044,2.1,2.632,N
BX20-007,19.50,20.50,0.443,0.285,4.5,2.601,N
BX20-007,20.50,21.50,0.306,0.194,1.8,2.644,N
BX20-007,21.50,23.50,0.020,0.010,2.2,2.587,N
BX20-007,23.50,25.00,0.728,0.315,3.5,2.652,N
BX20-007,25.00,27.00,0.020,0.035,0.5,2.640,N
BX20-007,27.00,28.50,0.020,0.010,2.3,2.612,N
BX20-007,28.50,29.50,0.020,0.010,0.5,2.593,N
BX20-007,29.50,31.50,0.092,0.064,0.5,2.533,N
BX20-007,31.50,33.50,0.020,0.010,0.5,2.660,N
BX20-007,33.50,35.50,0.169,0.097,0.5,2.612,N
BX20-007,35.50,36.50,0.054,0.090,0.5,2.618,N
BX20-007,36.50,38.50,0.076,0.206,0.5,2.684,N
BX20-007,38.50,39.50,0.020,0.048,0.5,2.638,N
BX20-007,39.50,40.50,0.020,0.010,1.5,2.583,N
BX20-007,40.50,41.50,0.148,0.138,0.5,2.599,N
BX20-007,41.50,43.00,0.020,0.152,3.6,2.644,N
BX20-007,43.00,45.00,0.020,0.051,3.1,2.611,N
BX20-007,45.00,46.00,0.614,0.390,1.7,2.665,N
BX20-007,46.00,47.00,0.020,0.026,0.5,2.637,N
BX20-007,47.00,48.00,0.020,0.010,0.5,2.580,N
BX20-007,48.00,49.00,0.215,0.201,0.5,2.617,N
BX20-007,49.00,51.00,0.485,0.334,3.4,2.644,N
BX20-007,51.00,52.50,0.020,0.050,0.5,2.633,N
BX20-007,52.50,54.00,0.020,0.078,0.5,2.648,N
BX20-007,54.00,55.00,0.297,0.189,1.6,2.645,N
BX20-007,55.00,56.50,0.020,0.010,0.9,2.579,N
BX20-007,56.50,58.50,0.065,0.010,0.6,2.614,Y
BX20-007,58.50,59.50,0.020,0.137,0.5,2.561,N
BX20-007,59.50,60.50,0.021,0.010,0.5,2.673,N
BX20-007,60.50,62.00,0.876,0.135,2.9,2.661,N
BX20-007,62.00,64.00,0.020,0.010,0.5,2.653,N
BX20-007,64.00,65.00,0.020,0.010,1.7,2.629,N
BX20-007,65.00,67.00,0.215,0.109,0.5,2.651,N
BX20-007,67.00,68.00,0.157,0.010,0.9,2.610,N
BX20-007,68.00,70.00,0.549,0.094,5.3,2.626,N
BX20-007,70.00,71.00,0.020,0.090,0.5,2.635,N
BX20-007,71.00,72.50,0.020,0.177,3.2,2.634,N
BX20-007,72.50,74.00,0.020,0.068,0.8,2.594,N
BX20-007,74.00,76.00,0.394,0.179,2.9,2.644,N
BX20-007,76.00,77.00,0.020,0.134,0.5,2.626,N
BX20-007,77.00,78.50,0.115,0.182,3.4,2.657,N
BX20-007,78.50,80.00,0.020,0.114,0.5,2.637,N
BX20-007,80.00,81.50,0.020,0.059,0.5,2.584,Y
BX20-007,81.50,83.00,0.020,0.010,0.6,2.647,N
BX20-007,83.00,85.00,0.520,0.061,2.6,2.662,N
BX20-007,85.00,86.50,0.020,0.010,0.5,2.607,N
BX20-007,86.50,87.50,0.020,0.080,0.5,2.632,N
BX20-007,87.50,89.00,0.496,0.204,3.7,2.626,N
BX20-007,89.00,91.00,0.929,0.461,7.2,2.628,N
BX20-007,91.00,93.00,0.329,0.113,3.5,2.620,N
BX20-007,93.00,94.00,0.861,0.353,3.4,2.697,N
BX20-007,94.00,96.00,0.734,0.351,3.9,2.696,N
BX20-007,96.00,98.00,0.722,0.083,5.4,2.623,N
BX20-007,98.00,99.50,0.468,0.177,2.1,2.656,N
BX20-007,99.50,100.50,0.553,0.222,4.6,2.623,N
BX20-007,100.50,102.00,0.917,0.324,0.6,2.706,N
BX20-007,102.00,103.50,0.149,0.010,0.5,2.606,N
BX20-007,103.50,104.50,0.944,0.067,5.6,2.706,N
BX20-007,104.50,105.50,0.597,0.141,4.9,2.693,N
BX20-007,105.50,106.50,1.379,0.401,3.9,2.684,N
BX20-007,106.50,107.50,0.872,0.237,7.9,2.684,N
BX20-007,107.50,108.50,0.638,0.258,4.9,2.657,N
BX20-007,108.50,110.00,0.900,0.469,7.7,2.706,N
BX20-007,110.00,111.00,1.026,0.490,8.2,2.688,N
BX20-007,111.00,112.00,0.978,0.215,5.6,2.701,N
BX20-007,112.00,113.50,1.184,0.421,5.3,2.709,N
BX20-007,113.50,114.50,1.080,0.264,6.8,2.695,N
BX20-007,114.50,115.50,0.971,0.490,4.6,2.644,N
BX20-007,115.50,116.50,0.572,0.034,3.7,2.665,N
BX20-007,116.50,117.50,1.025,0.458,7.0,2.689,N
BX20-007,117.50,119.00,1.367,0.675,7.0,2.646,N
BX20-007,119.00,120.00,0.733,0.286,7.0,2.684,N
BX20-007,120.00,122.00,1.177,0.223,8.0,2.674,N
BX20-007,122.00,123.00,1.106,0.560,8.6,2.690,N
BX20-007,123.00,124.00,1.143,0.498,8.2,2.707,N
BX20-007,124.00,125.50,1.621,0.851,7.0,2.688,N
BX20-007,125.50,126.50,1.415,0.513,11.6,2.674,N
BX20-007,126.50,128.00,0.820,0.374,7.0,2.659,N
BX20-007,128.00,129.00,1.537,0.638,8.0,2.687,N
BX20-007,129.00,130.00,1.212,0.491,7.6,2.703,N
BX20-007,130.00,131.00,0.999,0.239,6.6,2.691,N
BX20-007,131.00,132.00,1.479,0.427,8.4,2.701,N
BX20-007,132.00,134.00,1.758,0.671,11.7,2.744,N
BX20-007,134.00,135.00,2.056,0.893,14.2,2.795,N
BX20-007,135.00,136.00,1.914,0.679,11.5,2.788,N
BX20-007,136.00,138.00,2.197,0.727,10.0,2.779,N
BX20-007,138.00,139.00,1.966,0.817,12.9,2.737,N
BX20-007,139.00,140.00,2.097,0.701,13.8,2.691,N
BX20-007,140.00,141.50,2.247,0.701,13.5,2.776,N
BX20-007,141.50,143.50,2.143,0.836,12.3,2.820,N
BX20-007,143.50,144.50,2.199,0.662,11.6,2.748,N
BX20-007,144.50,146.00,2.540,0.859,20.1,2.786,N
BX20-007,146.00,147.00,2.490,0.890,16.2,2.768,N
BX20-007,147.00,148.00,1.417,0.434,8.6,2.761,N
BX20-007,148.00,149.50,1.809,0.581,11.8,2.722,N
BX20-007,149.50,151.50,2.755,0.931,16.5,2.808,N
BX20-007,151.50,152.50,1.850,0.793,11.3,2.739,N
BX20-007,152.50,153.50,3.052,1.067,18.8,2.746,N
BX20-007,153.50,154.50,2.717,1.027,16.1,2.816,N
BX20-007,154.50,156.50,2.593,0.913,12.4,2.711,N
BX20-007,156.50,157.50,2.506,0.938,13.8,2.804,N
BX20-007,157.50,159.00,2.820,1.050,21.3,2.834,N
BX20-007,159.00,160.00,2.932,0.908,16.6,2.827,N
BX20-007,160.00,161.50,2.563,0.835,12.9,2.727,N
BX20-007,161.50,163.50,3.335,1.013,17.8,2.832,N
BX20-007,163.50,165.50,3.008,0.932,17.4,2.758,N
BX20-007,165.50,166.50,2.798,1.097,14.7,2.804,N
BX20-007,166.50,168.00,3.058,1.198,15.0,2.792,N
BX20-007,168.00,170.00,2.756,0.970,16.9,2.754,N
BX20-007,170.00,171.00,3.510,1.298,20.5,2.826,N
BX20-007,171.00,172.00,3.111,0.964,19.6,2.843,N
BX20-007,172.00,173.00,3.358,1.244,23.0,2.829,N
BX20-007,173.00,174.00,4.316,1.553,27.4,2.932,N
BX20-007,174.00,175.00,3.864,1.507,25.3,2.861,N
BX20-007,175.00,176.00,3.202,1.084,17.1,2.813,N
BX20-007,176.00,177.50,3.500,1.197,21.3,2.797,N
BX20-007,177.50,179.00,3.961,1.366,23.6,2.865,N
BX20-007,179.00,180.00,3.686,1.270,21.3,2.834,N
BX20-007,180.00,181.50,3.536,1.382,20.2,2.833,N
BX20-007,181.50,182.50,3.970,1.519,22.7,2.866,N
BX20-007,182.50,183.50,3.936,1.380,23.4,2.804,N
BX20-007,183.50,185.50,4.577,1.535,29.4,2.899,N
BX20-007,185.50,187.50,4.254,1.632,26.9,2.886,N
BX20-007,187.50,189.50,3.981,1.425,22.4,2.912,N
BX20-007,189.50,191.50,3.756,1.437,25.5,2.865,N
BX20-007,191.50,193.00,4.614,1.635,27.7,2.907,N
BX20-007,193.00,194.50,3.847,1.382,23.8,2.855,N
BX20-007,194.50,195.50,4.011,1.346,23.8,2.865,N
BX20-007,195.50,197.00,4.491,1.580,25.5,2.882,N
BX20-007,197.00,198.00,4.213,1.533,26.7,2.850,N
BX20-007,198.00,200.00,4.649,1.644,27.9,2.915,N
BX20-007,200.00,201.50,5.246,1.809,31.2,2.948,N
BX20-007,201.50,203.50,4.068,1.567,23.8,2.865,N
BX20-007,203.50,205.50,5.154,1.655,28.4,2.912,N
BX20-007,205.50,206.50,4.427,1.661,28.9,2.856,N
BX20-007,206.50,207.50,4.793,1.799,27.4,2.903,N
BX20-007,207.50,209.50,4.497,1.753,26.8,2.927,N
BX20-007,209.50,210.50,5.768,2.171,31.2,2.988,N
BX20-007,210.50,211.50,4.504,1.387,25.4,2.884,N
BX20-007,211.50,213.00,4.634,1.678,26.7,2.887,N
BX20-007,213.00,214.00,4.495,1.572,25.5,2.884,N
BX20-008,0.00,1.00,0.086,0.010,0.5,2.599,N
BX20-008,1.00,2.50,0.020,0.122,2.0,2.630,N
BX20-008,2.50,4.00,0.020,0.010,0.5,2.627,N
BX20-008,4.00,5.00,0.020,0.010,2.2,2.613,N
BX20-008,5.00,6.50,0.020,0.010,0.5,2.563,N
BX20-008,6.50,8.00,0.263,0.056,1.3,2.616,N
BX20-008,8.00,9.00,0.148,0.187,0.8,2.655,N
BX20-008,9.00,10.00,0.020,0.010,0.5,2.642,N
BX20-008,10.00,11.00,0.020,0.010,0.5,2.598,N
BX20-008,11.00,13.00,0.020,0.010,0.8,2.679,N
BX20-008,13.00,14.00,0.020,0.010,0.5,2.614,N
BX20-008,14.00,15.50,0.020,0.010,0.5,2.620,N
BX20-008,15.50,16.50,0.257,0.082,3.5,2.639,N
BX20-008,16.50,18.50,0.020,0.010,1.3,2.601,N
BX20-008,18.50,20.50,0.020,0.167,0.5,2.626,N
BX20-008,20.50,21.50,0.220,0.042,2.9,2.670,N
BX20-008,21.50,23.50,0.020,0.010,0.5,2.591,N
BX20-008,23.50,25.00,0.063,0.230,0.5,2.588,N
BX20-008,25.00,26.00,0.491,0.189,4.8,2.609,N
BX20-008,26.00,28.00,0.070,0.199,0.5,2.640,N
BX20-008,28.00,29.00,0.020,0.010,2.1,2.629,N
BX20-008,29.00,30.00,0.020,0.088,0.5,2.577,N
BX20-008,30.00,31.50,0.343,0.043,2.3,2.656,N
BX20-008,31.50,32.50,0.088,0.187,0.5,2.648,N
BX20-008,32.50,33.50,0.065,0.010,0.5,2.644,N
BX20-008,33.50,35.50,0.115,0.010,0.5,2.686,N
BX20-008,35.50,37.00,0.020,0.010,0.5,2.651,N
BX20-008,37.00,38.00,0.020,0.010,1.0,2.675,N
BX20-008,38.00,39.50,0.020,0.010,0.5,2.614,N
BX20-008,39.50,40.50,0.020,0.010,1.5,2.666,N
BX20-008,40.50,41.50,0.168,0.183,0.5,2.656,N
BX20-008,41.50,42.50,0.429,0.142,2.0,2.618,N
BX20-008,42.50,43.50,0.020,0.189,4.0,2.606,N
BX20-008,43.50,45.00,0.020,0.010,0.5,2.672,N
BX20-008,45.00,46.00,0.020,0.012,0.5,2.700,N
BX20-008,46.00,47.00,0.020,0.094,0.5,2.591,N
BX20-008,47.00,48.50,0.609,0.343,2.9,2.764,N
BX20-008,48.50,50.50,0.020,0.010,0.5,2.610,N
BX20-008,50.50,51.50,0.399,0.092,3.0,2.631,Y
BX20-008,51.50,53.50,0.083,0.128,0.8,2.665,N
BX20-008,53.50,55.50,0.482,0.061,5.6,2.669,N
BX20-008,55.50,57.00,0.020,0.010,0.9,2.611,N
BX20-008,57.00,59.00,0.020,0.010,0.5,2.610,N
BX20-008,59.00,60.50,0.576,0.179,2.4,2.650,N
BX20-008,60.50,62.50,0.020,0.011,2.2,2.594,N
BX20-008,62.50,63.50,0.020,0.010,0.5,2.632,N
BX20-008,63.50,65.00,0.385,0.010,2.3,2.663,N
BX20-008,65.00,66.00,0.020,0.010,0.5,2.602,N
BX20-008,66.00,67.00,0.228,0.010,2.8,2.670,N
BX20-008,67.00,68.00,0.422,0.010,0.5,2.648,N
BX20-008,68.00,69.00,0.020,0.010,0.5,2.602,N
BX20-008,69.00,70.00,0.020,0.010,0.8,2.638,Y
BX20-008,70.00,71.50,0.020,0.010,0.5,2.635,Y
BX20-008,71.50,73.50,0.114,0.010,2.4,2.618,N
BX20-008,73.50,74.50,0.170,0.083,0.5,2.651,N
BX20-008,74.50,75.50,0.020,0.030,0.5,2.660,N
BX20-008,75.50,76.50,0.020,0.010,0.9,2.622,N
BX20-008,76.50,78.00,0.414,0.230,0.5,2.650,N
BX20-008,78.00,79.00,0.020,0.057,0.5,2.581,N
BX20-008,79.00,81.00,0.054,0.084,0.5,2.637,N
BX20-008,81.00,82.50,0.020,0.140,0.5,2.646,N
BX20-008,82.50,84.00,0.183,0.049,1.2,2.639,N
BX20-008,84.00,85.00,0.020,0.037,0.5,2.628,N
BX20-008,85.00,86.50,0.318,0.244,5.5,2.668,N
BX20-008,86.50,88.00,0.020,0.117,0.6,2.645,N
BX20-008,88.00,90.00,0.020,0.046,0.5,2.597,N
BX20-008,90.00,91.50,0.020,0.056,0.5,2.618,Y
BX20-008,91.50,93.50,0.020,0.070,0.5,2.634,N
BX20-008,93.50,94.50,0.020,0.014,0.5,2.628,N
BX20-008,94.50,96.00,0.151,0.105,1.3,2.576,N
BX20-008,96.00,97.00,0.020,0.213,2.2,2.620,N
BX20-008,97.00,98.00,0.226,0.049,1.4,2.608,N
BX20-008,98.00,100.00,0.020,0.010,0.5,2.655,N
BX20-008,100.00,101.00,0.020,0.033,0.5,2.616,N
BX20-008,101.00,103.00,0.020,0.011,0.5,2.635,N
BX20-008,103.00,104.50,0.020,0.010,2.8,2.585,N
BX20-008,104.50,106.00,0.092,0.013,0.5,2.644,N
BX20-008,106.00,107.00,0.490,0.189,5.5,2.652,N
BX20-008,107.00,108.50,0.020,0.010,1.2,2.630,N
BX20-008,108.50,109.50,0.340,0.129,5.4,2.639,N
BX20-008,109.50,110.50,0.020,0.049,1.2,2.637,N
BX20-008,110.50,112.50,0.811,0.335,5.0,2.613,N
BX20-008,112.50,113.50,0.020,0.010,1.2,2.636,N
BX20-008,113.50,114.50,0.191,0.069,1.7,2.642,N
BX20-008,114.50,115.50,0.196,0.010,1.9,2.619,N
BX20-008,115.50,116.50,0.118,0.053,2.1,2.688,N
BX20-008,116.50,118.50,0.226,0.079,3.4,2.633,N
BX20-008,118.50,119.50,0.265,0.086,0.5,2.636,N
BX20-008,119.50,120.50,0.275,0.010,1.3,2.608,N
BX20-008,120.50,121.50,0.048,0.063,1.8,2.604,N
BX20-008,121.50,122.50,0.847,0.230,5.1,2.645,N
BX20-008,122.50,124.50,0.110,0.102,0.5,2.631,N
BX20-008,124.50,126.00,0.020,0.114,0.5,2.604,N
BX20-008,126.00,127.50,0.020,0.053,4.8,2.630,N
BX20-008,127.50,128.50,0.020,0.010,0.5,2.653,N
BX20-008,128.50,130.00,0.431,0.010,0.5,2.643,N
BX20-008,130.00,131.00,0.107,0.057,2.9,2.612,N
BX20-008,131.00,132.50,0.020,0.246,2.4,2.657,N
BX20-008,132.50,133.50,0.020,0.034,3.0,2.620,N
BX20-008,133.50,134.50,1.028,0.258,4.9,2.677,N
BX20-008,134.50,135.50,0.020,0.010,0.9,2.583,N
BX20-008,135.50,137.00,0.246,0.096,2.5,2.633,N
BX20-008,137.00,139.00,0.020,0.090,0.5,2.585,N
BX20-008,139.00,141.00,0.214,0.010,0.5,2.650,N
BX20-008,141.00,142.00,0.301,0.143,0.5,2.614,Y
BX20-008,142.00,143.00,0.020,0.010,0.5,2.661,N
BX20-008,143.00,144.50,0.269,0.053,2.0,2.636,N
BX20-008,144.50,145.50,0.020,0.016,0.5,2.617,N
BX20-008,145.50,146.50,0.080,0.035,0.5,2.601,N
BX20-008,146.50,147.50,0.020,0.082,2.6,2.633,N
BX20-008,147.50,148.50,0.282,0.135,0.7,2.675,N
BX20-008,148.50,149.50,0.431,0.238,3.3,2.615,N
BX20-008,149.50,150.50,0.020,0.173,1.2,2.566,N
BX20-008,150.50,152.00,0.343,0.043,2.6,2.633,N
BX20-008,152.00,153.00,0.381,0.158,0.5,2.650,N
BX20-008,153.00,155.00,0.624,0.268,1.6,2.710,N
BX20-008,155.00,157.00,0.798,0.202,3.8,2.671,N
BX20-008,157.00,158.00,0.020,0.210,1.1,2.660,N
BX20-009,0.00,2.00,0.020,0.205,0.5,2.609,N
BX20-009,2.00,3.00,0.020,0.091,4.0,2.627,N
BX20-009,3.00,4.50,0.020,0.010,0.8,2.600,N
BX20-009,4.50,6.50,0.111,0.010,1.6,2.669,N
BX20-009,6.50,8.50,0.736,0.246,6.1,2.624,N
BX20-009,8.50,9.50,0.020,0.120,0.5,2.613,Y
BX20-009,9.50,11.50,0.020,0.010,2.1,2.610,N
BX20-009,11.50,12.50,0.020,0.010,0.8,2.589,N
BX20-009,12.50,14.00,0.020,0.010,2.5,2.581,N
BX20-009,14.00,15.00,0.113,0.010,0.5,2.646,N
BX20-009,15.00,16.00,0.020,0.010,0.5,2.648,N
BX20-009,16.00,17.00,0.402,0.010,1.7,2.667,N
BX20-009,17.00,18.50,0.020,0.010,0.5,2.599,N
BX20-009,18.50,19.50,0.044,0.119,0.5,2.615,N
BX20-009,19.50,21.50,0.377,0.243,0.5,2.577,N
BX20-009,21.50,23.00,0.020,0.010,3.7,2.652,N
BX20-009,23.00,24.50,0.211,0.048,3.3,2.617,N
BX20-009,24.50,25.50,0.020,0.010,2.2,2.634,N
BX20-009,25.50,26.50,0.020,0.010,0.5,2.613,N
BX20-009,26.50,28.00,0.020,0.200,0.5,2.598,N
BX20-009,28.00,30.00,0.020,0.040,0.5,2.649,N
BX20-009,30.00,32.00,0.371,0.101,5.5,2.661,N
BX20-009,32.00,33.00,0.086,0.010,0.5,2.623,N
BX20-009,33.00,35.00,0.238,0.126,3.3,2.589,N
BX20-009,35.00,36.00,0.020,0.010,2.0,2.621,N
BX20-009,36.00,37.00,0.369,0.033,0.5,2.651,N
BX20-009,37.00,39.00,0.020,0.043,0.5,2.612,N
BX20-009,39.00,40.00,0.231,0.050,1.8,2.611,N
BX20-009,40.00,41.00,0.217,0.031,5.2,2.634,Y
BX20-009,41.00,42.00,0.181,0.093,0.5,2.650,N
BX20-009,42.00,43.00,0.560,0.269,3.2,2.638,N
BX20-009,43.00,44.00,0.843,0.290,3.5,2.650,N
BX20-009,44.00,46.00,0.312,0.063,0.5,2.590,N
BX20-009,46.00,47.50,0.254,0.088,0.5,2.606,N
BX20-009,47.50,49.00,0.040,0.010,2.8,2.624,Y
BX20-009,49.00,50.50,0.062,0.137,0.5,2.659,N
BX20-009,50.50,51.50,0.020,0.062,0.5,2.626,N
BX20-009,51.50,52.50,0.020,0.072,1.3,2.627,N
BX20-009,52.50,53.50,0.698,0.010,3.2,2.690,N
BX20-009,53.50,54.50,0.132,0.033,1.0,2.608,N
BX20-009,54.50,56.50,0.286,0.206,2.9,2.632,N
BX20-009,56.50,57.50,0.020,0.010,0.5,2.613,N
BX20-009,57.50,59.00,0.069,0.032,0.5,2.613,N
BX20-009,59.00,60.00,0.158,0.066,4.0,2.680,N
BX20-009,60.00,61.00,0.020,0.093,0.5,2.645,N
BX20-009,61.00,63.00,0.526,0.210,0.5,2.698,N
BX20-009,63.00,64.50,0.311,0.057,0.6,2.607,N
BX20-009,64.50,65.50,0.224,0.010,1.6,2.637,N
BX20-009,65.50,66.50,0.128,0.010,2.8,2.621,Y
BX20-009,66.50,68.00,0.020,0.010,0.5,2.614,N
BX20-009,68.00,70.00,0.276,0.010,0.9,2.676,N
BX20-009,70.00,71.00,0.020,0.010,0.8,2.625,Y
BX20-009,71.00,72.50,0.020,0.202,1.7,2.619,N
BX20-009,72.50,74.00,0.089,0.010,0.6,2.611,N
BX20-009,74.00,75.00,0.063,0.010,5.9,2.631,N
BX20-009,75.00,76.00,0.020,0.010,3.3,2.635,N
BX20-009,76.00,77.00,0.020,0.082,0.5,2.634,N
BX20-009,77.00,78.00,0.020,0.164,0.5,2.554,N
BX20-009,78.00,79.00,0.020,0.031,1.7,2.628,N
BX20-009,79.00,81.00,0.020,0.010,0.5,2.638,N
BX20-009,81.00,82.50,0.020,0.017,0.5,2.626,N
BX20-009,82.50,83.50,0.260,0.100,0.6,2.586,N
BX20-009,83.50,84.50,0.551,0.221,3.7,2.688,N
BX20-009,84.50,86.00,0.355,0.146,3.1,2.655,N
BX20-009,86.00,87.00,0.020,0.042,0.8,2.620,N
BX20-009,87.00,88.00,0.020,0.010,1.6,2.581,N
BX20-009,88.00,89.00,0.020,0.014,3.8,2.617,N
BX20-009,89.00,90.00,0.020,0.010,2.1,2.662,N
BX20-009,90.00,91.50,0.335,0.123,0.5,2.620,N
BX20-009,91.50,93.50,0.190,0.116,0.5,2.643,N
BX20-009,93.50,94.50,0.085,0.024,0.5,2.599,N
BX20-009,94.50,95.50,0.020,0.010,0.5,2.613,N
BX20-009,95.50,96.50,0.205,0.074,0.5,2.616,N
BX20-009,96.50,98.50,0.199,0.206,3.4,2.650,N
BX20-009,98.50,100.50,0.276,0.131,4.5,2.623,N
BX20-009,100.50,101.50,0.020,0.131,1.0,2.551,N
BX20-009,101.50,103.50,0.020,0.010,0.5,2.626,N
BX20-009,103.50,105.00,0.020,0.010,1.2,2.647,N
BX20-009,105.00,107.00,0.020,0.010,1.4,2.660,N
BX20-009,107.00,108.00,0.125,0.113,0.5,2.665,N
BX20-009,108.00,109.00,0.023,0.052,3.5,2.588,N
BX20-009,109.00,110.00,0.020,0.116,0.5,2.588,N
BX20-009,110.00,111.00,0.020,0.010,1.2,2.623,N
BX20-009,111.00,112.00,0.106,0.010,0.5,2.630,N
BX20-009,112.00,114.00,0.020,0.109,3.5,2.645,N
BX20-009,114.00,116.00,0.020,0.146,0.5,2.593,N
BX20-009,116.00,117.00,0.020,0.126,0.5,2.679,N
BX20-009,117.00,118.50,0.020,0.054,0.8,2.645,N
BX20-009,118.50,119.50,0.097,0.010,0.5,2.698,N
BX20-009,119.50,121.00,0.331,0.102,7.4,2.643,N
BX20-009,121.00,122.50,0.020,0.127,0.5,2.705,N
BX20-009,122.50,123.50,0.272,0.010,0.6,2.614,N
BX20-009,123.50,125.50,0.120,0.010,0.5,2.593,N
BX20-009,125.50,126.50,0.372,0.253,2.6,2.613,N
BX20-009,126.50,127.50,0.020,0.010,0.5,2.667,N
BX20-009,127.50,129.00,0.020,0.105,2.8,2.596,N
BX20-009,129.00,130.00,0.020,0.010,0.5,2.627,N
BX20-009,130.00,131.00,0.020,0.010,0.5,2.609,N
BX20-009,131.00,132.50,0.020,0.051,2.2,2.651,N
BX20-009,132.50,134.00,0.020,0.127,0.5,2.675,N
BX20-009,134.00,136.00,0.020,0.081,2.2,2.598,N
BX20-009,136.00,137.50,0.669,0.183,7.2,2.631,N
BX20-009,137.50,139.00,0.490,0.252,1.5,2.697,N
BX20-009,139.00,140.00,0.020,0.010,0.5,2.651,N
BX20-009,140.00,141.00,0.272,0.089,4.5,2.550,N
BX20-009,141.00,142.00,0.087,0.101,2.9,2.651,N
BX20-009,142.00,143.00,0.020,0.025,0.5,2.632,N
BX20-009,143.00,145.00,0.081,0.010,0.5,2.631,N
BX20-009,145.00,146.50,0.020,0.048,0.5,2.636,N
BX20-009,146.50,148.00,0.790,0.337,7.2,2.660,Y
BX20-009,148.00,149.00,0.020,0.205,1.5,2.624,N
BX20-009,149.00,150.50,0.374,0.136,2.4,2.684,N
BX20-009,150.50,151.50,0.292,0.303,1.6,2.604,N
BX20-009,151.50,153.50,0.096,0.135,0.5,2.586,N
BX20-009,153.50,154.50,0.020,0.010,0.5,2.643,N
BX20-009,154.50,156.00,0.256,0.010,1.1,2.592,N
BX20-009,156.00,157.00,0.020,0.010,1.5,2.610,N
BX20-009,157.00,158.50,0.347,0.221,0.5,2.590,N
BX20-009,158.50,159.50,0.020,0.010,2.2,2.633,N
BX20-009,159.50,160.50,0.020,0.010,3.8,2.613,N
BX20-009,160.50,161.50,0.020,0.010,0.5,2.586,N
BX20-009,161.50,162.50,0.234,0.139,0.5,2.632,N
BX20-009,162.50,164.00,0.923,0.394,6.4,2.709,N
BX20-009,164.00,165.00,0.020,0.010,0.5,2.549,N
BX20-009,165.00,166.00,0.290,0.200,3.4,2.631,N
BX20-009,166.00,168.00,0.117,0.010,2.9,2.606,N
BX20-009,168.00,170.00,0.245,0.178,1.1,2.667,N
BX20-009,170.00,171.00,0.152,0.010,2.3,2.637,N
BX20-009,171.00,172.50,0.020,0.010,0.7,2.696,N
BX20-009,172.50,173.50,0.020,0.010,2.8,2.626,N
BX20-009,173.50,174.50,0.075,0.010,1.5,2.592,N
BX20-009,174.50,175.50,0.020,0.010,0.5,2.667,N
BX20-009,175.50,176.50,0.039,0.120,2.1,2.605,N
BX20-009,176.50,177.50,0.020,0.078,0.5,2.620,N
BX20-009,177.50,179.50,0.257,0.173,2.5,2.661,N
BX20-009,179.50,181.00,0.234,0.010,2.8,2.644,N
BX20-009,181.00,182.00,0.020,0.010,1.2,2.626,N
BX20-009,182.00,184.00,0.359,0.050,4.4,2.599,N
BX20-009,184.00,185.50,0.110,0.084,0.5,2.600,N
BX20-009,185.50,187.50,0.020,0.010,0.5,2.619,N
BX20-009,187.50,188.50,0.020,0.078,0.5,2.597,N
BX20-009,188.50,189.50,0.610,0.218,3.5,2.645,N
BX20-009,189.50,191.50,0.020,0.010,0.5,2.642,N
BX20-009,191.50,193.00,0.020,0.035,3.1,2.671,N
BX20-009,193.00,194.00,0.049,0.170,0.5,2.595,N
BX20-009,194.00,195.50,0.020,0.176,0.5,2.611,N
BX20-009,195.50,197.50,0.569,0.289,4.1,2.670,N
BX20-009,197.50,199.50,0.020,0.049,0.5,2.602,N
BX20-009,199.50,200.50,0.020,0.055,0.5,2.639,N
BX20-009,200.50,201.50,0.430,0.349,1.9,2.638,Y
BX20-009,201.50,202.50,0.204,0.011,0.7,2.634,N
BX20-009,202.50,203.50,0.020,0.162,0.5,2.650,N
BX20-009,203.50,204.50,0.111,0.065,0.5,2.609,N
BX20-009,204.50,206.50,0.020,0.136,0.7,2.627,N
BX20-009,206.50,208.00,0.426,0.218,3.4,2.611,N
BX20-009,208.00,209.00,0.189,0.010,0.5,2.538,N
BX20-009,209.00,211.00,0.129,0.013,0.5,2.587,N
BX20-009,211.00,212.00,0.020,0.010,0.5,2.587,N
BX20-009,212.00,213.00,0.020,0.202,2.4,2.607,N
BX20-009,213.00,214.00,0.442,0.173,0.7,2.582,N
BX20-009,214.00,215.50,0.020,0.010,4.3,2.636,N
BX20-009,215.50,217.50,0.191,0.010,1.6,2.621,N
BX20-009,217.50,219.00,0.154,0.124,0.5,2.643,N
BX20-009,219.00,221.00,0.020,0.010,3.7,2.643,N
BX20-009,221.00,222.50,0.042,0.010,0.5,2.597,N
BX20-009,222.50,223.50,0.080,0.108,0.5,2.631,N
BX20-009,223.50,225.50,0.020,0.010,2.3,2.624,N
BX20-009,225.50,226.50,0.020,0.135,0.5,2.606,N
BX20-009,226.50,227.50,0.020,0.010,0.5,2.664,N
BX20-009,227.50,228.50,0.020,0.010,0.5,2.596,N
BX20-009,228.50,229.50,0.020,0.010,1.6,2.600,N
BX20-009,229.50,230.50,0.296,0.248,1.0,2.676,N
BX20-009,230.50,231.50,0.020,0.010,4.1,2.592,N
BX20-009,231.50,232.50,0.333,0.168,1.1,2.573,N
BX20-009,232.50,234.00,0.241,0.136,3.4,2.611,N
BX20-009,234.00,235.00,0.020,0.227,0.5,2.636,N
BX20-009,235.00,237.00,0.020,0.010,0.5,2.617,N
BX20-009,237.00,238.50,0.503,0.064,3.2,2.634,N
BX20-009,238.50,239.00,0.020,0.010,0.5,2.682,N
BX20-010,0.00,1.50,0.020,0.075,1.9,2.618,N
BX20-010,1.50,3.50,0.020,0.042,0.5,2.601,N
BX20-010,3.50,5.00,0.020,0.025,0.5,2.588,N
BX20-010,5.00,7.00,0.020,0.010,2.2,2.550,N
BX20-010,7.00,8.00,0.020,0.010,0.5,2.625,N
BX20-010,8.00,10.00,0.081,0.010,0.5,2.656,N
BX20-010,10.00,11.50,0.020,0.028,0.5,2.569,N
BX20-010,11.50,13.00,0.020,0.010,1.9,2.665,N
BX20-010,13.00,14.00,0.470,0.028,2.7,2.630,N
BX20-010,14.00,15.00,0.099,0.010,2.8,2.648,N
BX20-010,15.00,17.00,0.020,0.010,0.5,2.613,N
BX20-010,17.00,18.00,0.020,0.010,0.6,2.650,N
BX20-010,18.00,20.00,0.020,0.143,0.5,2.585,N
BX20-010,20.00,21.00,0.020,0.010,1.4,2.616,N
BX20-010,21.00,22.50,0.409,0.048,0.5,2.623,N
BX20-010,22.50,23.50,0.167,0.132,0.8,2.598,N
BX20-010,23.50,24.50,0.020,0.050,0.5,2.604,N
BX20-010,24.50,25.50,0.353,0.200,3.1,2.647,N
BX20-010,25.50,27.00,0.311,0.084,4.8,2.666,N
BX20-010,27.00,28.00,0.020,0.298,1.3,2.631,N
BX20-010,28.00,30.00,0.020,0.144,1.2,2.621,N
BX20-010,30.00,31.00,0.202,0.121,0.5,2.644,N
BX20-010,31.00,33.00,0.073,0.010,0.5,2.621,N
BX20-010,33.00,35.00,0.564,0.113,1.7,2.702,N
BX20-010,35.00,36.50,0.020,0.011,0.5,2.653,N
BX20-010,36.50,38.00,0.020,0.021,0.5,2.659,N
BX20-010,38.00,39.00,0.020,0.012,0.5,2.629,Y
BX20-010,39.00,40.50,0.020,0.034,1.8,2.587,N
BX20-010,40.50,42.00,0.208,0.170,4.9,2.630,N
BX20-010,42.00,43.50,0.096,0.010,1.4,2.649,N
BX20-010,43.50,45.50,0.025,0.041,0.5,2.674,N
BX20-010,45.50,47.00,0.020,0.010,0.5,2.610,N
BX20-010,47.00,48.00,0.147,0.028,0.9,2.661,N
BX20-010,48.00,49.00,0.120,0.136,0.5,2.654,N
BX20-010,49.00,50.50,0.020,0.017,0.5,2.631,N
BX20-010,50.50,52.50,0.256,0.010,2.3,2.622,N
BX20-010,52.50,53.50,0.379,0.037,1.6,2.686,Y
BX20-010,53.50,55.50,0.020,0.010,0.5,2.637,N
BX20-010,55.50,57.00,0.020,0.010,0.5,2.633,N
BX20-010,57.00,58.00,0.348,0.339,4.6,2.626,N
BX20-010,58.00,59.00,0.222,0.010,4.9,2.638,N
BX20-010,59.00,60.50,0.200,0.010,0.5,2.631,N
BX20-010,60.50,62.00,0.222,0.010,3.3,2.574,N
BX20-010,62.00,63.00,0.546,0.072,0.9,2.649,N
BX20-010,63.00,64.00,0.294,0.143,1.9,2.621,N
BX20-010,64.00,65.00,0.267,0.010,0.5,2.597,Y
BX20-010,65.00,66.50,0.020,0.010,0.5,2.637,N
BX20-010,66.50,68.00,0.243,0.010,0.5,2.654,N
BX20-010,68.00,69.00,0.020,0.010,0.5,2.605,N
BX20-010,69.00,71.00,0.020,0.209,0.5,2.692,Y
BX20-010,71.00,72.00,0.020,0.170,1.2,2.654,N
BX20-010,72.00,73.50,0.020,0.010,1.0,2.642,N
BX20-010,73.50,74.50,0.020,0.071,0.5,2.616,N
BX20-010,74.50,76.50,0.020,0.035,0.5,2.618,N
BX20-010,76.50,77.50,0.020,0.152,1.9,2.588,N
BX20-010,77.50,79.50,0.020,0.010,0.5,2.642,N
BX20-010,79.50,81.50,0.020,0.114,0.5,2.607,N
BX20-010,81.50,82.50,0.093,0.091,0.7,2.623,N
BX20-010,82.50,84.50,0.076,0.010,0.5,2.676,N
BX20-010,84.50,86.50,0.020,0.010,0.5,2.636,N
BX20-010,86.50,88.50,0.301,0.016,0.9,2.647,N
BX20-010,88.50,89.50,0.020,0.097,0.5,2.653,N
BX20-010,89.50,91.00,0.102,0.105,0.5,2.613,N
BX20-010,91.00,92.00,0.175,0.149,0.5,2.607,N
BX20-010,92.00,93.50,0.020,0.085,0.5,2.652,N
BX20-010,93.50,95.50,0.020,0.010,0.5,2.609,N
BX20-010,95.50,96.50,0.255,0.132,3.7,2.698,N
BX20-010,96.50,98.00,0.020,0.086,0.5,2.617,N
BX20-010,98.00,99.00,0.020,0.150,0.5,2.627,N
BX20-010,99.00,100.00,0.020,0.175,1.4,2.632,N
BX20-010,100.00,102.00,0.237,0.145,0.5,2.597,N
BX20-010,102.00,103.00,0.020,0.059,0.5,2.642,N
BX20-010,103.00,104.00,0.020,0.032,0.5,2.623,N
BX20-010,104.00,105.00,0.159,0.010,3.8,2.629,N
BX20-010,105.00,106.00,0.020,0.111,0.5,2.622,N
BX20-010,106.00,108.00,0.149,0.010,0.5,2.638,N
BX20-010,108.00,109.00,0.020,0.010,0.5,2.593,N
BX20-010,109.00,110.50,0.020,0.010,5.3,2.619,N
BX20-010,110.50,112.00,0.220,0.081,3.1,2.637,N
BX20-010,112.00,113.00,0.020,0.096,0.5,2.618,N
BX20-010,113.00,115.00,0.020,0.124,0.5,2.560,N
BX20-010,115.00,117.00,0.020,0.010,2.5,2.665,N
BX20-010,117.00,119.00,0.020,0.034,2.7,2.602,N
BX20-010,119.00,121.00,0.080,0.284,0.5,2.598,N
BX20-010,121.00,122.50,0.207,0.010,1.6,2.617,N
BX20-010,122.50,124.50,0.227,0.017,0.5,2.592,N
BX20-010,124.50,126.00,0.163,0.168,0.5,2.669,N
BX20-010,126.00,127.00,0.020,0.078,0.5,2.630,N
BX20-010,127.00,128.00,0.097,0.151,0.5,2.661,Y
BX20-010,128.00,129.50,0.020,0.053,1.6,2.619,N
BX20-010,129.50,130.50,0.058,0.044,2.2,2.650,Y
BX20-010,130.50,131.50,0.020,0.010,0.5,2.659,N
BX20-010,131.50,133.50,0.203,0.125,0.8,2.672,N
BX20-010,133.50,134.50,0.163,0.055,0.5,2.662,N
BX20-010,134.50,135.50,0.020,0.010,0.5,2.550,N
BX20-010,135.50,137.50,0.148,0.202,0.5,2.669,N
BX20-010,137.50,138.50,0.633,0.231,3.1,2.670,N
BX20-010,138.50,139.50,0.209,0.106,3.1,2.611,N
BX20-010,139.50,141.00,0.553,0.348,8.3,2.631,N
BX20-010,141.00,142.00,0.020,0.010,0.5,2.649,N
BX20-010,142.00,143.00,0.020,0.037,4.5,2.631,N
BX20-010,143.00,144.50,0.020,0.130,0.5,2.629,N
BX20-010,144.50,146.50,0.294,0.108,1.2,2.610,N
BX20-010,146.50,148.50,0.357,0.250,2.3,2.641,N
BX20-010,148.50,149.50,0.122,0.199,1.6,2.616,N
BX20-010,149.50,150.50,0.327,0.010,1.4,2.682,N
BX20-010,150.50,152.50,0.212,0.010,0.5,2.635,N
BX20-010,152.50,154.50,0.635,0.231,4.8,2.711,N
BX20-010,154.50,156.00,0.082,0.076,1.2,2.652,N
BX20-010,156.00,157.00,0.020,0.017,0.5,2.674,N
BX20-010,157.00,158.00,0.269,0.143,3.1,2.640,N
BX20-010,158.00,159.50,0.020,0.010,0.5,2.616,N
BX20-010,159.50,160.50,0.020,0.010,1.9,2.563,N
BX20-010,160.50,162.00,0.075,0.027,0.5,2.620,N
BX20-010,162.00,163.00,0.020,0.100,0.5,2.658,Y
BX20-010,163.00,165.00,0.918,0.554,6.9,2.691,N
BX20-010,165.00,166.00,0.291,0.010,0.5,2.657,N
BX20-010,166.00,168.00,0.086,0.050,1.0,2.620,N
BX20-010,168.00,169.00,0.599,0.180,4.0,2.661,N
BX20-010,169.00,170.00,0.020,0.010,1.2,2.646,N
BX20-010,170.00,171.50,0.020,0.010,2.2,2.571,N
BX20-010,171.50,173.00,0.691,0.242,5.8,2.660,N
BX20-010,173.00,174.50,0.020,0.030,0.5,2.619,N
BX20-010,174.50,176.00,0.020,0.019,3.2,2.631,N
BX20-010,176.00,177.00,0.516,0.313,2.0,2.664,N
BX20-010,177.00,178.50,0.020,0.010,3.8,2.639,N
BX20-010,178.50,179.50,0.635,0.239,3.8,2.664,N
BX20-010,179.50,180.50,0.020,0.052,0.5,2.658,N
BX20-010,180.50,181.50,0.156,0.160,0.5,2.610,N
BX20-010,181.50,183.50,0.020,0.010,0.5,2.642,N
BX20-010,183.50,185.00,0.160,0.017,1.9,2.653,N
BX20-010,185.00,186.00,0.020,0.010,3.5,2.613,N
BX20-010,186.00,187.50,0.142,0.118,0.5,2.544,N
BX20-010,187.50,188.50,0.020,0.041,1.0,2.644,N
BX20-010,188.50,190.50,0.251,0.162,4.1,2.606,N
BX20-010,190.50,192.00,0.020,0.010,2.3,2.647,N
BX20-010,192.00,193.00,0.229,0.010,4.1,2.596,N
BX20-010,193.00,194.00,0.020,0.010,0.5,2.622,N
BX20-010,194.00,195.00,0.247,0.119,1.1,2.611,N
BX20-010,195.00,196.00,0.020,0.010,2.2,2.643,N
BX20-010,196.00,198.00,0.020,0.077,1.2,2.626,N
BX20-010,198.00,200.00,0.556,0.292,0.5,2.673,N
BX20-010,200.00,201.00,0.179,0.010,3.7,2.622,N
BX20-010,201.00,202.00,0.129,0.133,3.6,2.586,N
BX20-010,202.00,203.00,0.393,0.201,2.0,2.605,N
BX20-010,203.00,205.00,0.020,0.033,0.6,2.667,N
BX20-010,205.00,206.00,0.020,0.039,0.5,2.605,N
BX20-010,206.00,207.50,0.020,0.010,0.5,2.583,N
BX20-010,207.50,208.50,0.044,0.021,0.8,2.611,N
BX20-010,208.50,210.50,0.020,0.047,0.5,2.654,N
BX20-010,210.50,212.00,0.262,0.057,6.0,2.644,N
BX20-010,212.00,214.00,0.020,0.140,0.5,2.586,N
BX20-010,214.00,215.00,0.020,0.031,0.5,2.622,N
BX20-010,215.00,216.00,0.020,0.205,4.7,2.631,N
BX20-010,216.00,217.50,0.278,0.024,2.4,2.693,N
BX20-010,217.50,218.50,0.020,0.010,0.5,2.558,N
BX20-010,218.50,219.50,0.147,0.078,1.2,2.634,N
BX20-010,219.50,220.50,0.020,0.203,1.3,2.558,N
BX20-010,220.50,222.00,0.378,0.131,1.2,2.671,N
BX20-010,222.00,224.00,0.020,0.074,0.5,2.622,N
BX20-010,224.00,225.00,0.568,0.310,4.2,2.660,N
BX20-010,225.00,226.00,0.666,0.047,2.2,2.658,Y
BX20-010,226.00,227.00,0.020,0.209,2.8,2.568,N
BX20-010,227.00,228.00,0.020,0.162,0.5,2.577,Y
BX20-010,228.00,229.00,0.054,0.100,0.5,2.634,N
BX20-010,229.00,230.00,0.020,0.068,0.5,2.645,N
BX20-010,230.00,231.00,0.543,0.302,2.9,2.560,N
BX20-010,231.00,233.00,0.020,0.058,0.5,2.615,N
BX20-010,233.00,234.00,0.564,0.339,1.3,2.645,N
BX20-010,234.00,235.00,0.020,0.121,0.5,2.653,N
BX20-010,235.00,236.50,0.020,0.010,0.5,2.579,N
BX20-010,236.50,238.00,0.020,0.033,1.7,2.592,N
BX20-010,238.00,239.50,0.020,0.010,0.5,2.653,Y
BX20-010,239.50,240.50,0.020,0.197,0.5,2.623,N
BX20-010,240.50,241.50,0.113,0.152,1.0,2.620,N
BX20-010,241.50,242.50,0.020,0.010,0.5,2.613,N
BX20-010,242.50,244.50,0.226,0.125,0.5,2.588,N
BX20-010,244.50,246.00,0.093,0.010,0.8,2.635,N
BX20-010,246.00,247.50,0.035,0.010,2.5,2.608,N
BX20-010,247.50,248.00,0.049,0.010,2.7,2.612,N
BX20-011,0.00,1.50,0.428,0.090,4.2,2.677,N
BX20-011,1.50,3.50,0.708,0.366,3.2,2.694,Y
BX20-011,3.50,4.50,0.385,0.214,1.6,2.627,N
BX20-011,4.50,6.00,0.759,0.062,6.9,2.710,N
BX20-011,6.00,7.00,0.604,0.225,7.5,2.661,N
BX20-011,7.00,8.50,0.278,0.134,0.5,2.619,N
BX20-011,8.50,9.50,0.627,0.103,4.8,2.577,N
BX20-011,9.50,10.50,0.609,0.254,4.9,2.665,N
BX20-011,10.50,11.50,0.294,0.010,2.1,2.610,N
BX20-011,11.50,13.50,1.174,0.638,12.6,2.681,N
BX20-011,13.50,15.50,0.026,0.086,0.5,2.635,N
BX20-011,15.50,16.50,0.892,0.443,7.3,2.640,N
BX20-011,16.50,17.50,0.020,0.053,2.6,2.580,N
BX20-011,17.50,19.50,0.225,0.074,2.7,2.628,N
BX20-011,19.50,20.50,0.020,0.125,0.5,2.663,N
BX20-011,20.50,22.50,0.765,0.109,8.6,2.676,N
BX20-011,22.50,24.00,0.629,0.220,5.4,2.668,N
BX20-011,24.00,25.50,0.853,0.301,6.1,2.685,N
BX20-011,25.50,27.50,0.374,0.122,2.8,2.638,N
BX20-011,27.50,28.50,0.622,0.137,6.6,2.666,N
BX20-011,28.50,30.00,0.107,0.290,0.5,2.604,N
BX20-011,30.00,32.00,0.020,0.070,3.3,2.588,N
BX20-011,32.00,33.00,0.020,0.113,2.4,2.644,N
BX20-011,33.00,35.00,0.260,0.040,2.9,2.642,Y
BX20-011,35.00,36.50,0.424,0.172,1.4,2.694,N
BX20-011,36.50,38.50,0.064,0.024,3.8,2.632,N
BX20-011,38.50,39.50,0.027,0.010,0.5,2.594,Y
BX20-011,39.50,41.00,0.020,0.083,1.9,2.598,N
BX20-011,41.00,42.00,0.219,0.128,0.5,2.561,N
BX20-011,42.00,43.00,0.261,0.092,0.5,2.615,N
BX20-011,43.00,45.00,0.084,0.010,0.9,2.618,N
BX20-011,45.00,47.00,0.020,0.010,0.9,2.586,N
BX20-011,47.00,48.00,0.099,0.077,0.5,2.640,N
BX20-011,48.00,49.00,0.020,0.010,2.8,2.602,N
BX20-011,49.00,50.50,0.085,0.110,0.5,2.652,N
BX20-011,50.50,51.50,0.185,0.123,0.5,2.661,N
BX20-011,51.50,53.50,0.020,0.015,0.5,2.583,N
BX20-011,53.50,55.50,0.020,0.019,0.5,2.583,N
BX20-011,55.50,56.50,0.195,0.014,0.5,2.669,N
BX20-011,56.50,57.50,0.020,0.010,0.7,2.603,N
BX20-011,57.50,58.50,0.020,0.010,0.5,2.616,N
BX20-011,58.50,60.50,0.062,0.093,1.1,2.593,Y
BX20-011,60.50,61.50,0.020,0.010,1.6,2.624,N
BX20-011,61.50,62.50,0.020,0.010,0.7,2.622,N
BX20-011,62.50,64.50,0.316,0.069,2.5,2.636,N
BX20-011,64.50,65.50,0.083,0.259,0.5,2.633,N
BX20-011,65.50,66.50,0.078,0.170,0.5,2.602,N
BX20-011,66.50,67.50,0.088,0.010,4.1,2.597,N
BX20-011,67.50,68.50,0.471,0.180,1.1,2.625,N
BX20-011,68.50,70.00,0.020,0.043,0.5,2.604,N
BX20-011,70.00,71.50,0.020,0.010,0.5,2.617,N
BX20-011,71.50,72.50,0.020,0.010,3.9,2.644,N
BX20-011,72.50,73.50,0.020,0.167,0.5,2.592,N
BX20-011,73.50,75.00,0.020,0.010,0.5,2.604,N
BX20-011,75.00,76.00,0.020,0.010,2.0,2.663,N
BX20-011,76.00,77.00,0.020,0.054,0.5,2.629,N
BX20-011,77.00,79.00,0.307,0.106,1.7,2.607,N
BX20-011,79.00,80.00,0.020,0.015,0.5,2.584,N
BX20-011,80.00,81.50,0.020,0.134,2.2,2.595,N
BX20-011,81.50,82.50,0.020,0.010,3.1,2.643,N
BX20-011,82.50,84.00,0.020,0.010,0.5,2.681,N
BX20-011,84.00,85.50,0.020,0.081,1.2,2.603,N
BX20-011,85.50,86.50,0.050,0.142,0.7,2.622,N
BX20-011,86.50,88.00,0.420,0.305,2.9,2.637,N
BX20-011,88.00,89.00,0.398,0.231,0.8,2.640,N
BX20-011,89.00,91.00,0.211,0.010,0.5,2.633,N
BX20-011,91.00,92.00,0.020,0.010,0.5,2.587,N
BX20-011,92.00,93.00,0.167,0.023,3.1,2.637,N
BX20-011,93.00,94.00,0.020,0.010,1.0,2.619,N
BX20-011,94.00,96.00,0.020,0.121,1.1,2.648,N
BX20-011,96.00,98.00,0.020,0.152,0.5,2.685,N
BX20-011,98.00,99.00,0.020,0.120,3.4,2.614,N
BX20-011,99.00,100.00,0.020,0.010,0.5,2.602,N
BX20-011,100.00,101.00,0.031,0.031,2.0,2.627,N
BX20-011,101.00,102.50,0.020,0.010,0.5,2.606,N
BX20-011,102.50,103.50,0.314,0.010,3.8,2.648,N
BX20-011,103.50,105.50,0.020,0.010,0.5,2.608,N
BX20-011,105.50,106.50,0.351,0.028,3.7,2.670,N
BX20-011,106.50,107.50,0.020,0.010,0.5,2.669,N
BX20-011,107.50,109.00,0.020,0.010,2.4,2.599,N
BX20-011,109.00,110.00,0.648,0.386,1.3,2.605,N
BX20-011,110.00,111.00,0.134,0.044,1.0,2.619,N
BX20-011,111.00,113.00,0.432,0.236,1.5,2.633,N
BX20-011,113.00,114.00,0.035,0.010,0.5,2.615,N
BX20-011,114.00,115.00,0.537,0.314,2.2,2.654,Y
BX20-011,115.00,117.00,0.020,0.055,0.5,2.625,N
BX20-011,117.00,119.00,0.130,0.128,1.0,2.637,N
BX20-011,119.00,120.00,0.107,0.169,0.5,2.687,N
BX20-011,120.00,121.00,0.020,0.016,0.5,2.618,N
BX20-011,121.00,122.50,0.020,0.015,2.1,2.614,N
BX20-011,122.50,124.00,0.020,0.010,1.1,2.620,N
BX20-011,124.00,125.50,0.020,0.010,0.5,2.673,N
BX20-011,125.50,127.50,0.020,0.010,0.5,2.581,N
BX20-011,127.50,129.00,0.020,0.010,0.5,2.662,N
BX20-011,129.00,130.00,0.412,0.031,3.9,2.712,N
BX20-011,130.00,131.00,0.020,0.087,0.5,2.656,N
BX20-011,131.00,132.00,0.020,0.110,0.8,2.631,N
BX20-011,132.00,133.00,0.125,0.056,0.5,2.577,N
BX20-011,133.00,135.00,0.353,0.221,0.5,2.625,N
BX20-011,135.00,136.00,0.087,0.053,1.6,2.605,N
BX20-011,136.00,137.00,0.020,0.147,1.6,2.648,N
BX20-011,137.00,138.00,0.020,0.082,0.5,2.620,N
BX20-011,138.00,139.00,0.020,0.010,1.3,2.627,N
BX20-011,139.00,140.00,0.020,0.143,0.9,2.666,N
BX20-011,140.00,141.50,0.020,0.066,0.5,2.616,N
BX20-011,141.50,142.50,0.020,0.010,0.5,2.642,N
BX20-011,142.50,144.00,0.020,0.010,0.5,2.580,N
BX20-011,144.00,145.00,0.020,0.153,0.5,2.663,N
BX20-011,145.00,146.00,0.058,0.010,0.8,2.624,N
BX20-011,146.00,148.00,0.448,0.010,4.0,2.647,N
BX20-011,148.00,150.00,0.203,0.016,1.5,2.658,N
BX20-011,150.00,152.00,0.020,0.036,0.5,2.613,N
BX20-011,152.00,154.00,0.036,0.068,0.5,2.660,N
BX20-011,154.00,155.00,0.230,0.068,1.5,2.664,N
BX20-011,155.00,156.00,0.412,0.158,4.1,2.663,N
BX20-011,156.00,157.00,0.315,0.132,2.4,2.658,N
BX20-011,157.00,158.00,0.381,0.010,4.0,2.626,N
BX20-011,158.00,159.00,0.261,0.014,2.2,2.620,N
BX20-011,159.00,160.00,0.020,0.010,0.5,2.676,N
BX20-011,160.00,161.00,0.409,0.080,3.0,2.645,N
BX20-011,161.00,162.50,0.665,0.203,1.4,2.668,N
BX20-011,162.50,164.50,0.262,0.193,1.3,2.681,N
BX20-011,164.50,165.50,0.020,0.010,0.5,2.631,N
BX20-011,165.50,167.50,0.020,0.090,2.0,2.667,N
BX20-011,167.50,169.50,0.020,0.010,0.5,2.598,N
BX20-011,169.50,171.00,0.479,0.074,4.5,2.589,N
BX20-011,171.00,172.00,0.362,0.059,0.7,2.636,N
BX20-011,172.00,173.00,0.162,0.088,2.2,2.602,N
BX20-011,173.00,174.00,0.020,0.045,0.5,2.718,N
BX20-011,174.00,175.00,0.020,0.154,0.5,2.682,N
BX20-011,175.00,176.50,0.305,0.010,4.7,2.648,N
BX20-011,176.50,177.50,0.388,0.165,0.8,2.633,N
BX20-011,177.50,179.50,0.044,0.037,0.5,2.623,N
BX20-011,179.50,180.50,0.089,0.010,1.3,2.622,N
BX20-011,180.50,181.50,0.206,0.101,3.2,2.621,N
BX20-011,181.50,182.50,0.193,0.010,0.5,2.697,N
BX20-011,182.50,184.50,0.254,0.088,1.0,2.631,N
BX20-011,184.50,186.00,0.613,0.177,3.8,2.675,N
BX20-011,186.00,187.00,0.421,0.275,7.6,2.641,N
BX20-011,187.00,188.50,0.370,0.180,4.9,2.649,N
BX20-011,188.50,189.50,0.020,0.041,3.0,2.643,N
BX20-011,189.50,191.50,0.020,0.022,0.5,2.607,N
BX20-011,191.50,193.50,0.020,0.010,0.5,2.652,N
BX20-011,193.50,194.50,0.020,0.010,0.9,2.587,N
BX20-011,194.50,196.50,0.450,0.048,2.7,2.621,N
BX20-011,196.50,197.50,0.132,0.010,0.7,2.665,N
BX20-011,197.50,199.50,0.041,0.045,0.5,2.593,N
BX20-011,199.50,200.50,0.173,0.057,0.5,2.702,N
BX20-011,200.50,201.50,0.186,0.077,2.3,2.589,N
BX20-011,201.50,202.50,0.379,0.305,2.0,2.687,N
BX20-011,202.50,203.50,0.020,0.046,0.5,2.658,N
BX20-011,203.50,205.50,0.020,0.010,1.0,2.662,N
BX20-011,205.50,206.50,0.020,0.010,0.5,2.651,N
BX20-011,206.50,207.50,0.637,0.358,2.5,2.595,Y
BX20-011,207.50,209.00,0.064,0.010,0.5,2.648,N
BX20-011,209.00,210.50,0.020,0.055,0.5,2.624,N
BX20-011,210.50,212.50,0.020,0.028,0.5,2.676,N
BX20-011,212.50,213.50,0.020,0.010,0.5,2.597,N
BX20-011,213.50,215.00,0.185,0.157,2.5,2.612,N
BX20-011,215.00,216.00,0.302,0.044,0.6,2.623,N
BX20-011,216.00,217.00,0.399,0.232,5.6,2.659,N
BX20-011,217.00,218.00,0.280,0.016,0.5,2.639,N
BX20-011,218.00,219.00,0.363,0.244,0.5,2.642,N
BX20-011,219.00,220.50,0.216,0.010,3.7,2.636,N
BX20-011,220.50,221.50,0.020,0.010,0.5,2.613,N
BX20-011,221.50,222.50,0.118,0.088,0.7,2.628,N
BX20-011,222.50,224.50,0.020,0.010,1.7,2.638,N
BX20-011,224.50,226.50,0.020,0.010,0.5,2.665,N
BX20-011,226.50,227.50,0.116,0.101,3.0,2.597,N
BX20-011,227.50,228.50,0.060,0.034,0.5,2.634,N
BX20-011,228.50,229.00,0.020,0.010,0.5,2.619,N
BX20-012,0.00,1.50,3.102,0.918,19.4,2.829,N
BX20-012,1.50,2.50,3.388,1.341,20.0,2.821,N
BX20-012,2.50,3.50,3.318,1.115,18.8,2.861,N
BX20-012,3.50,4.50,3.437,1.106,20.6,2.855,N
BX20-012,4.50,5.50,3.262,1.134,21.5,2.815,N
BX20-012,5.50,6.50,3.226,1.145,16.8,2.798,N
BX20-012,6.50,8.50,3.455,1.243,20.8,2.852,N
BX20-012,8.50,10.00,2.760,1.266,21.2,2.762,N
BX20-012,10.00,11.00,3.225,1.252,17.8,2.814,N
BX20-012,11.00,13.00,3.614,1.282,17.3,2.841,N
BX20-012,13.00,15.00,3.822,1.293,18.8,2.847,N
BX20-012,15.00,17.00,2.829,1.034,13.8,2.826,N
BX20-012,17.00,18.00,3.495,1.203,25.1,2.824,N
BX20-012,18.00,19.00,3.654,1.136,18.8,2.855,N
BX20-012,19.00,20.00,2.867,1.048,17.1,2.717,N
BX20-012,20.00,21.50,2.822,1.058,18.0,2.829,N
BX20-012,21.50,22.50,2.853,1.250,18.7,2.811,N
BX20-012,22.50,24.50,3.439,0.899,17.9,2.833,N
BX20-012,24.50,25.50,3.386,1.153,16.7,2.819,N
BX20-012,25.50,26.50,3.324,0.993,18.6,2.831,N
BX20-012,26.50,28.50,3.181,1.385,18.0,2.789,N
BX20-012,28.50,30.50,3.413,1.164,23.8,2.801,N
BX20-012,30.50,31.50,3.393,1.185,22.0,2.844,N
BX20-012,31.50,32.50,3.403,1.193,21.0,2.798,N
BX20-012,32.50,34.00,3.384,1.221,21.3,2.828,N
BX20-012,34.00,35.00,3.033,1.051,19.2,2.832,N
BX20-012,35.00,36.00,3.489,1.234,19.4,2.841,N
BX20-012,36.00,37.00,2.421,0.976,16.9,2.734,N
BX20-012,37.00,38.00,3.208,1.282,22.2,2.788,N
BX20-012,38.00,39.00,3.034,1.072,17.7,2.770,N
BX20-012,39.00,40.00,3.812,1.277,23.0,2.879,N
BX20-012,40.00,41.00,3.565,1.397,21.9,2.845,N
BX20-012,41.00,43.00,3.245,1.173,21.9,2.767,N
BX20-012,43.00,44.50,3.544,1.367,21.1,2.835,N
BX20-012,44.50,46.00,2.671,0.922,17.8,2.775,N
BX20-012,46.00,47.50,2.627,0.928,17.2,2.807,N
BX20-012,47.50,49.00,2.695,0.690,16.1,2.775,N
BX20-012,49.00,51.00,2.861,1.009,18.9,2.772,N
BX20-012,51.00,53.00,3.058,1.085,17.3,2.842,N
BX20-012,53.00,54.00,3.006,1.226,15.8,2.825,N
BX20-012,54.00,55.00,3.160,1.057,18.1,2.830,N
BX20-012,55.00,57.00,2.820,0.904,19.2,2.791,N
BX20-012,57.00,58.50,3.183,1.178,18.8,2.835,N
BX20-012,58.50,59.50,2.492,0.934,16.8,2.743,N
BX20-012,59.50,60.50,3.405,1.217,19.3,2.817,Y
BX20-012,60.50,62.50,2.394,0.725,17.0,2.723,N
BX20-012,62.50,63.50,2.795,0.833,15.0,2.838,N
BX20-012,63.50,64.50,3.283,1.199,18.4,2.783,N
BX20-012,64.50,66.50,2.837,1.044,20.0,2.837,N
BX20-012,66.50,68.50,2.610,0.968,15.2,2.781,Y
BX20-012,68.50,70.50,2.802,1.084,17.9,2.746,N
BX20-012,70.50,72.50,2.211,0.874,13.3,2.827,N
BX20-012,72.50,73.50,2.956,0.987,16.3,2.822,N
BX20-012,73.50,74.50,3.117,1.194,19.2,2.781,N
BX20-012,74.50,75.50,2.570,0.906,17.2,2.766,N
BX20-012,75.50,76.50,3.149,1.284,17.4,2.847,N
BX20-012,76.50,78.50,3.393,1.306,19.3,2.784,N
BX20-012,78.50,80.00,3.265,1.292,19.7,2.835,Y
BX20-012,80.00,81.00,2.134,0.700,15.3,2.778,N
BX20-012,81.00,82.00,3.590,1.324,21.4,2.799,N
BX20-012,82.00,83.50,2.896,0.980,18.7,2.785,N
BX20-012,83.50,84.50,3.064,1.016,19.4,2.836,N
BX20-012,84.50,86.00,2.126,0.909,14.5,2.724,N
BX20-012,86.00,87.00,2.411,0.918,12.1,2.771,N
BX20-012,87.00,88.50,2.521,0.903,16.0,2.817,N
BX20-012,88.50,90.00,2.753,0.932,15.8,2.773,N
BX20-012,90.00,91.00,2.935,1.002,15.9,2.771,N
BX20-012,91.00,92.00,2.402,0.736,14.7,2.792,N
BX20-012,92.00,94.00,2.436,0.657,19.4,2.733,N
BX20-012,94.00,95.00,2.451,0.930,12.9,2.769,Y
BX20-012,95.00,96.00,2.754,1.148,16.4,2.759,N
BX20-012,96.00,97.00,2.889,1.035,17.5,2.745,N
BX20-012,97.00,99.00,2.337,0.808,9.7,2.744,N
BX20-012,99.00,100.50,2.860,1.021,20.2,2.769,N
BX20-012,100.50,101.50,1.552,0.456,11.1,2.699,N
BX20-012,101.50,102.50,3.108,1.211,18.5,2.815,N
BX20-012,102.50,103.50,2.011,0.731,10.8,2.715,N
BX20-012,103.50,104.50,2.132,0.795,12.6,2.756,N
BX20-012,104.50,105.50,2.599,0.932,13.7,2.838,Y
BX20-012,105.50,107.00,2.832,0.837,17.7,2.835,N
BX20-012,107.00,108.50,2.429,0.963,15.7,2.781,N
BX20-012,108.50,109.50,1.787,0.578,10.3,2.744,N
BX20-012,109.50,110.50,1.987,0.611,7.3,2.732,N
BX20-012,110.50,112.50,2.148,0.754,12.3,2.708,N
BX20-012,112.50,114.00,2.326,0.883,12.5,2.735,N
BX20-012,114.00,115.00,1.997,0.865,11.8,2.642,N
BX20-012,115.00,117.00,2.466,0.840,14.8,2.744,N
BX20-012,117.00,118.00,2.291,0.823,17.3,2.764,N
BX20-012,118.00,120.00,2.689,0.846,13.8,2.751,N
BX20-012,120.00,121.00,2.540,0.791,20.2,2.727,N
BX20-012,121.00,122.00,2.158,0.629,14.2,2.774,N
BX20-012,122.00,123.00,2.006,0.708,11.1,2.715,N
BX20-012,123.00,124.00,3.105,0.987,22.9,2.814,N
BX20-012,124.00,126.00,2.636,0.932,15.4,2.758,N
BX20-012,126.00,127.00,2.192,0.775,9.3,2.757,N
BX20-012,127.00,128.50,1.835,0.647,11.5,2.763,N
BX20-012,128.50,129.50,2.671,0.915,17.3,2.775,N
BX20-012,129.50,131.50,2.411,0.818,11.2,2.803,N
BX20-012,131.50,133.00,2.419,0.876,14.0,2.770,N
BX20-012,133.00,134.00,1.802,0.730,11.8,2.704,N
BX20-012,134.00,135.00,1.846,0.654,11.7,2.730,N
BX20-012,135.00,136.50,1.693,0.531,11.3,2.723,N
BX20-012,136.50,137.50,2.146,0.860,11.8,2.757,N
BX20-012,137.50,138.50,2.538,0.932,16.4,2.731,N
BX20-012,138.50,140.00,2.107,0.732,13.4,2.773,N
BX20-012,140.00,141.50,2.238,0.777,13.3,2.724,N
BX20-012,141.50,142.50,2.635,0.819,12.5,2.819,N
BX20-012,142.50,143.50,1.986,0.713,11.1,2.751,N
BX20-012,143.50,144.50,1.804,0.865,10.9,2.742,N
BX20-012,144.50,146.50,2.016,0.799,10.4,2.754,N
BX20-012,146.50,148.50,1.941,0.749,12.2,2.705,N
BX20-012,148.50,149.50,2.346,0.810,18.5,2.776,N
BX20-012,149.50,150.50,2.370,0.790,15.6,2.718,N
BX20-012,150.50,151.50,2.692,1.033,13.4,2.719,N
BX20-012,151.50,152.50,1.599,0.444,8.2,2.685,N
BX20-012,152.50,154.50,2.464,0.792,14.8,2.780,N
BX20-012,154.50,155.50,2.082,0.649,12.2,2.699,N
BX20-012,155.50,157.00,2.311,0.504,14.9,2.774,N
BX20-012,157.00,158.50,2.336,0.878,13.6,2.751,N
BX20-012,158.50,159.50,1.312,0.490,7.0,2.699,N
BX20-012,159.50,160.50,2.055,0.626,10.4,2.791,N
BX20-012,160.50,161.50,2.341,0.834,14.6,2.758,N
BX20-012,161.50,163.50,2.028,0.667,13.4,2.740,N
BX20-012,163.50,165.50,2.032,0.801,14.0,2.708,N
BX20-012,165.50,167.00,1.666,0.655,8.0,2.665,N
BX20-012,167.00,168.00,2.845,0.931,18.4,2.767,N
BX20-012,168.00,169.00,2.444,0.941,17.2,2.793,N
BX20-012,169.00,171.00,2.057,0.666,16.4,2.713,N
BX20-012,171.00,172.50,1.815,0.739,10.0,2.735,N
BX20-012,172.50,174.00,2.105,0.741,15.4,2.721,N
BX20-012,174.00,175.00,2.280,0.676,13.3,2.771,N
BX20-012,175.00,176.50,2.468,1.132,18.0,2.785,N
BX20-012,176.50,177.50,1.636,0.648,8.8,2.719,N
BX20-012,177.50,179.50,2.262,0.847,9.3,2.738,N
BX20-012,179.50,180.50,2.406,0.919,16.4,2.732,N
BX20-012,180.50,182.00,2.276,0.809,12.7,2.785,N
BX20-012,182.00,183.50,2.159,0.597,13.2,2.766,N
BX20-012,183.50,185.00,2.436,0.864,11.5,2.729,N
BX20-012,185.00,186.50,2.275,0.778,12.0,2.789,N
BX20-012,186.50,187.50,1.405,0.234,8.8,2.758,N
BX20-012,187.50,189.50,1.472,0.646,6.9,2.646,N
BX20-012,189.50,190.50,1.596,0.556,9.6,2.717,N
BX20-012,190.50,191.50,1.941,0.732,14.2,2.726,N
BX20-012,191.50,192.50,1.894,0.654,13.3,2.760,N
BX20-012,192.50,193.50,1.527,0.422,7.2,2.692,N
BX20-012,193.50,195.50,1.472,0.694,11.2,2.770,N
BX20-012,195.50,196.50,2.093,0.713,14.9,2.763,N
BX20-012,196.50,198.50,2.498,1.039,15.1,2.714,N
BX20-012,198.50,200.00,1.822,0.634,10.9,2.742,N
BX20-012,200.00,201.00,1.629,0.731,14.3,2.725,Y
BX20-012,201.00,202.00,2.141,0.794,13.2,2.751,N
BX20-012,202.00,203.00,2.033,0.610,13.5,2.755,N
BX20-012,203.00,204.00,1.969,0.532,10.5,2.729,N
BX20-012,204.00,205.00,1.593,0.576,10.5,2.793,N
BX20-012,205.00,206.00,1.950,0.725,11.3,2.728,N
BX20-012,206.00,207.50,1.660,0.592,13.4,2.689,N
BX20-012,207.50,208.50,1.922,0.745,15.1,2.799,N
BX20-012,208.50,210.50,2.482,0.999,13.6,2.757,N
BX20-012,210.50,211.50,2.105,0.655,14.6,2.733,N
BX20-012,211.50,213.50,1.966,0.806,12.1,2.749,N
BX20-012,213.50,215.00,1.599,0.516,7.2,2.771,N
BX20-012,215.00,217.00,1.811,0.694,10.4,2.729,N
BX20-012,217.00,219.00,1.799,0.545,10.7,2.691,N
BX20-012,219.00,220.00,1.815,0.794,14.1,2.727,N
BX20-012,220.00,221.00,1.638,0.598,9.5,2.724,N
BX20-012,221.00,222.00,1.285,0.611,6.9,2.698,N
BX20-012,222.00,223.00,1.473,0.576,5.0,2.721,N
BX20-012,223.00,224.00,1.951,0.784,12.6,2.772,N
BX20-012,224.00,226.00,2.300,0.898,11.0,2.774,N
BX20-012,226.00,227.50,1.627,0.593,11.0,2.718,N
BX20-012,227.50,229.00,1.878,0.613,12.1,2.733,N
BX20-012,229.00,230.00,1.089,0.610,6.9,2.726,Y
BX20-012,230.00,231.00,1.552,0.620,10.0,2.702,N
BX20-012,231.00,232.00,2.185,0.903,10.9,2.800,N
BX20-012,232.00,233.50,1.536,0.570,9.8,2.696,N
BX20-012,233.50,235.50,1.740,0.704,12.8,2.736,N
BX20-012,235.50,236.50,1.951,0.708,10.7,2.674,N
BX20-012,236.50,238.00,2.046,0.645,12.6,2.698,N
BX20-012,238.00,240.00,1.752,0.553,12.0,2.761,N
BX20-012,240.00,241.50,1.668,0.711,10.1,2.716,N
BX20-012,241.50,242.50,1.959,0.689,8.6,2.765,N
BX20-012,242.50,244.50,2.125,0.804,12.9,2.726,N
BX20-012,244.50,245.50,1.644,0.693,10.7,2.747,N
BX20-012,245.50,246.00,1.853,0.708,14.3,2.737,N
BX20-013,0.00,2.00,6.850,2.499,43.1,3.012,N
BX20-013,2.00,3.00,7.490,2.802,43.0,3.088,N
BX20-013,3.00,4.50,7.682,2.640,47.7,3.045,N
BX20-013,4.50,6.50,7.177,2.303,46.0,3.078,N
BX20-013,6.50,8.50,7.149,2.448,40.1,3.053,N
BX20-013,8.50,9.50,7.970,2.754,47.8,3.058,N
BX20-013,9.50,11.00,7.884,2.546,43.2,3.148,N
BX20-013,11.00,12.00,7.954,2.671,48.2,3.128,N
BX20-013,12.00,14.00,7.109,2.490,41.3,3.109,N
BX20-013,14.00,15.00,6.765,2.532,40.6,3.048,N
BX20-013,15.00,16.00,7.519,2.651,44.2,3.090,N
BX20-013,16.00,17.00,7.542,2.737,43.8,3.149,N
BX20-013,17.00,18.00,6.984,2.291,42.3,3.040,N
BX20-013,18.00,19.00,7.355,2.629,46.3,3.011,N
BX20-013,19.00,21.00,7.069,2.470,42.0,3.049,N
BX20-013,21.00,22.50,6.775,2.372,45.1,2.997,N
BX20-013,22.50,23.50,7.770,2.677,47.7,3.106,N
BX20-013,23.50,24.50,6.941,2.222,41.2,2.998,N
BX20-013,24.50,26.00,6.660,2.548,44.9,2.998,N
BX20-013,26.00,28.00,7.051,2.461,39.1,3.000,N
BX20-013,28.00,30.00,6.729,2.153,41.5,3.043,N
BX20-013,30.00,32.00,7.753,2.679,47.9,3.045,N
BX20-013,32.00,33.00,7.218,2.685,41.2,3.036,N
BX20-013,33.00,34.50,7.111,2.533,44.6,3.070,N
BX20-013,34.50,36.50,6.622,2.352,40.6,2.981,N
BX20-013,36.50,38.00,6.924,2.360,44.2,3.045,N
BX20-013,38.00,39.00,7.131,2.452,43.4,3.065,N
BX20-013,39.00,40.00,6.991,2.470,41.2,3.041,N
BX20-013,40.00,41.00,6.677,2.289,36.9,3.041,N
BX20-013,41.00,43.00,6.620,2.232,37.4,2.984,N
BX20-013,43.00,45.00,6.799,2.475,41.9,3.042,N
BX20-013,45.00,46.00,6.810,2.153,40.4,3.019,N
BX20-013,46.00,47.50,6.472,2.283,38.1,3.046,N
BX20-013,47.50,49.00,7.162,2.427,43.7,3.051,N
BX20-013,49.00,50.50,6.985,2.375,45.8,3.024,N
BX20-013,50.50,51.50,6.948,2.369,41.3,3.027,N
BX20-013,51.50,53.00,6.415,2.207,35.7,3.060,N
BX20-013,53.00,54.00,6.415,2.070,35.3,2.968,N
BX20-013,54.00,56.00,6.489,2.221,36.5,3.062,N
BX20-013,56.00,58.00,6.469,2.255,38.6,3.021,N
BX20-013,58.00,59.00,6.936,2.466,39.6,3.085,N
BX20-013,59.00,60.50,6.699,2.113,38.2,3.059,N
BX20-013,60.50,61.50,6.702,2.470,37.4,3.021,N
BX20-013,61.50,63.50,6.456,2.428,37.3,2.991,N
BX20-013,63.50,64.50,6.564,2.357,41.2,3.024,N
BX20-013,64.50,66.00,6.857,2.502,41.7,3.044,N
BX20-013,66.00,68.00,6.401,2.384,41.1,3.055,N
BX20-013,68.00,69.50,6.003,2.095,35.7,2.966,N
BX20-013,69.50,71.50,6.479,2.183,37.8,2.993,N
BX20-013,71.50,73.00,6.691,2.361,42.2,3.053,N
BX20-013,73.00,74.50,6.153,1.998,35.1,2.998,N
BX20-013,74.50,76.50,6.084,2.076,38.4,3.005,N
BX20-013,76.50,77.50,6.038,2.192,37.2,2.945,N
BX20-013,77.50,79.00,5.948,2.098,37.6,2.979,N
BX20-013,79.00,80.00,6.063,1.919,33.7,3.024,N
BX20-013,80.00,81.50,5.285,1.887,29.7,2.960,N
BX20-013,81.50,82.50,6.129,2.210,39.4,2.962,N
BX20-013,82.50,83.50,6.021,2.098,38.6,2.997,N
BX20-013,83.50,84.50,5.913,2.077,35.7,3.022,N
BX20-013,84.50,85.50,5.526,2.069,31.8,2.953,N
BX20-013,85.50,86.50,5.412,1.890,33.4,2.947,N
BX20-013,86.50,88.00,6.322,2.284,39.2,2.978,N
BX20-013,88.00,89.00,5.275,1.855,32.4,2.958,N
BX20-013,89.00,90.50,5.051,1.919,32.2,2.946,N
BX20-013,90.50,91.50,5.645,1.806,34.3,2.994,N
BX20-013,91.50,92.50,5.588,1.935,32.4,2.959,N
BX20-013,92.50,93.50,4.847,1.811,25.7,2.977,N
BX20-013,93.50,94.50,5.208,1.943,30.3,2.982,N
BX20-013,94.50,95.50,5.347,1.814,34.2,2.927,Y
BX20-013,95.50,96.50,5.677,1.904,36.0,2.984,N
BX20-013,96.50,97.50,5.505,1.963,32.8,2.899,N
BX20-013,97.50,99.50,5.441,1.828,32.5,3.001,N
BX20-013,99.50,101.00,4.514,1.668,27.0,2.913,N
BX20-013,101.00,103.00,5.759,1.776,32.7,3.004,N
BX20-013,103.00,104.00,5.058,1.679,32.1,2.903,N
BX20-013,104.00,105.50,5.264,1.836,33.0,2.947,N
BX20-013,105.50,106.50,4.402,1.570,27.7,2.850,N
BX20-013,106.50,107.50,4.048,1.447,25.5,2.860,N
BX20-013,107.50,108.50,4.802,1.802,30.5,2.937,N
BX20-013,108.50,110.50,4.677,1.528,29.0,2.851,N
BX20-013,110.50,112.00,4.990,1.815,26.2,2.931,N
BX20-013,112.00,114.00,4.145,1.420,26.3,2.923,N
BX20-013,114.00,116.00,4.163,1.528,29.2,2.864,N
BX20-013,116.00,118.00,4.180,1.471,25.8,2.866,N
BX20-013,118.00,120.00,4.545,1.668,28.0,2.917,N
BX20-013,120.00,122.00,4.871,1.743,30.4,2.946,N
BX20-013,122.00,123.00,3.710,1.132,21.5,2.875,N
BX20-013,123.00,124.50,3.966,1.247,23.3,2.803,N
BX20-013,124.50,125.50,4.245,1.417,22.5,2.888,N
BX20-013,125.50,127.00,3.354,1.235,19.4,2.834,N
BX20-013,127.00,128.00,4.100,1.554,25.9,2.850,N
BX20-013,128.00,129.50,4.682,1.609,28.7,2.915,N
BX20-013,129.50,130.50,3.353,1.260,20.6,2.831,N
BX20-013,130.50,132.00,3.761,1.513,26.1,2.835,N
BX20-013,132.00,134.00,4.179,1.453,21.1,2.868,N
BX20-013,134.00,136.00,4.224,1.599,26.4,2.909,N
BX20-013,136.00,137.00,3.425,1.091,18.7,2.828,N
BX20-013,137.00,138.00,3.767,1.344,19.3,2.847,N
BX20-013,138.00,139.50,3.999,1.504,22.8,2.853,N
BX20-013,139.50,140.50,3.807,1.232,22.4,2.816,N
BX20-013,140.50,141.50,3.551,1.361,19.9,2.758,N
BX20-013,141.50,142.50,3.761,1.321,24.1,2.874,N
BX20-013,142.50,144.00,2.629,0.992,16.2,2.766,N
BX20-013,144.00,146.00,3.380,1.200,18.5,2.801,N
BX20-013,146.00,148.00,2.793,1.103,15.9,2.827,N
BX20-013,148.00,149.50,3.891,1.360,22.4,2.883,N
BX20-013,149.50,151.50,3.128,0.899,15.4,2.836,N
BX20-013,151.50,152.50,2.753,0.992,13.0,2.779,N
BX20-013,152.50,154.50,3.084,1.043,18.3,2.805,N
BX20-013,154.50,156.00,3.101,1.037,19.7,2.820,N
BX20-013,156.00,158.00,2.295,0.780,16.1,2.740,N
BX20-013,158.00,159.00,2.784,0.782,20.0,2.789,N
BX20-013,159.00,160.00,2.702,0.997,15.2,2.836,N
BX20-013,160.00,161.50,2.856,0.944,17.5,2.845,N
BX20-013,161.50,162.50,2.661,0.968,14.5,2.806,N
BX20-013,162.50,164.50,2.309,0.777,13.2,2.838,N
BX20-013,164.50,165.50,2.965,1.079,16.3,2.825,N
BX20-013,165.50,166.50,1.966,0.703,12.1,2.690,N
BX20-013,166.50,168.00,2.420,0.893,13.1,2.767,N
BX20-013,168.00,170.00,2.834,1.192,13.9,2.797,N
BX20-013,170.00,172.00,1.997,0.517,10.7,2.738,N
BX20-013,172.00,173.00,2.395,0.872,14.2,2.769,N
BX20-013,173.00,174.00,2.126,0.598,9.5,2.756,N
BX20-013,174.00,175.00,2.070,0.628,11.5,2.742,N
BX20-013,175.00,176.50,2.045,0.643,12.6,2.766,N
BX20-013,176.50,177.50,2.342,0.832,14.6,2.715,N
BX20-013,177.50,178.50,2.172,0.852,12.3,2.759,N
BX20-013,178.50,180.00,1.604,0.452,7.8,2.623,N
BX20-013,180.00,182.00,2.066,0.655,15.3,2.761,N
BX20-013,182.00,183.00,1.796,0.599,7.9,2.673,N
BX20-013,183.00,184.00,1.981,0.816,8.9,2.738,N
BX20-013,184.00,185.00,1.996,0.585,9.8,2.773,N
BX20-013,185.00,186.50,1.848,0.634,8.8,2.771,N
BX20-013,186.50,188.00,1.954,0.743,12.7,2.755,N
BX20-013,188.00,189.00,1.872,0.507,10.8,2.744,N
BX20-013,189.00,190.00,1.923,0.526,12.3,2.745,N
BX20-013,190.00,191.00,2.146,0.770,11.2,2.737,N
BX20-013,191.00,192.50,1.701,0.624,8.0,2.756,N
BX20-013,192.50,193.50,1.934,0.661,10.8,2.751,N
BX20-013,193.50,194.50,1.488,0.574,11.0,2.679,Y
BX20-013,194.50,196.00,1.704,0.570,12.0,2.715,N
BX20-013,196.00,197.00,1.917,0.640,10.1,2.752,N
BX20-013,197.00,198.00,1.914,0.615,10.3,2.753,Y
BX20-013,198.00,199.00,1.838,0.619,11.2,2.743,N
BX20-013,199.00,201.00,1.903,0.660,10.8,2.731,N
BX20-013,201.00,202.00,1.563,0.500,12.4,2.755,N
BX20-013,202.00,203.50,1.630,0.672,10.4,2.713,N
BX20-013,203.50,205.50,1.771,0.676,10.9,2.726,N
BX20-013,205.50,207.50,1.587,0.682,7.2,2.690,N
BX20-013,207.50,208.50,1.288,0.575,7.9,2.725,N
BX20-013,208.50,209.50,1.683,0.561,10.0,2.693,N
BX20-013,209.50,210.50,1.463,0.539,5.7,2.675,N
BX20-013,210.50,211.50,1.533,0.454,7.3,2.725,N
BX20-013,211.50,213.50,1.559,0.492,6.1,2.706,N
BX20-013,213.50,215.00,0.915,0.446,4.3,2.647,N
BX20-013,215.00,217.00,0.525,0.055,1.5,2.635,N
BX20-013,217.00,219.00,1.504,0.524,9.8,2.696,N
BX20-013,219.00,220.50,1.083,0.464,7.1,2.717,N
BX20-013,220.50,222.00,1.008,0.308,4.4,2.711,N
BX20-013,222.00,223.50,0.896,0.491,9.8,2.713,N
BX20-013,223.50,225.50,1.596,0.553,7.3,2.718,N
BX20-013,225.50,227.00,1.786,0.674,11.1,2.750,N
BX20-013,227.00,229.00,1.090,0.287,3.9,2.671,N
BX20-013,229.00,230.50,0.796,0.176,3.0,2.708,N
BX20-013,230.50,232.00,1.264,0.419,5.5,2.669,N
BX20-013,232.00,233.50,1.507,0.256,8.0,2.715,N
BX20-013,233.50,235.50,1.229,0.348,7.3,2.737,N
BX20-013,235.50,236.50,0.826,0.426,8.5,2.684,N
BX20-013,236.50,238.50,0.689,0.341,2.7,2.653,N
BX20-013,238.50,240.00,1.156,0.471,4.9,2.726,N
BX20-013,240.00,241.00,1.134,0.485,4.4,2.636,N
BX20-013,241.00,243.00,0.874,0.236,6.1,2.631,N
BX20-013,243.00,244.50,1.547,0.527,11.4,2.689,N
BX20-013,244.50,245.50,0.906,0.293,2.2,2.706,N
BX20-013,245.50,246.50,1.110,0.276,8.2,2.698,N
BX20-013,246.50,247.50,0.809,0.439,6.2,2.705,N
BX20-013,247.50,249.00,1.170,0.389,6.6,2.653,N
BX20-013,249.00,250.50,0.708,0.256,3.5,2.667,N
BX20-013,250.50,252.00,0.496,0.111,5.1,2.663,N
BX20-013,252.00,253.00,0.792,0.489,6.5,2.691,N
BX20-013,253.00,254.50,0.315,0.103,1.4,2.631,N
BX20-013,254.50,256.00,1.193,0.323,4.5,2.719,Y
BX20-013,256.00,257.00,0.359,0.166,1.2,2.645,N
BX20-013,257.00,259.00,0.958,0.350,4.1,2.697,N
BX20-013,259.00,260.50,0.584,0.010,4.4,2.637,Y
BX20-013,260.50,262.50,0.327,0.013,3.6,2.624,Y
BX20-013,262.50,263.50,0.379,0.054,4.2,2.620,N
BX20-013,263.50,265.50,0.020,0.010,0.8,2.561,N
BX20-013,265.50,267.50,0.224,0.120,0.5,2.660,N
BX20-013,267.50,268.50,0.932,0.359,4.5,2.655,N
BX20-013,268.50,269.50,0.871,0.263,4.6,2.699,N
BX20-013,269.50,270.50,0.490,0.143,0.9,2.578,N
BX20-013,270.50,271.50,0.020,0.017,0.5,2.605,N
BX20-013,271.50,272.50,0.063,0.089,0.5,2.582,N
BX20-013,272.50,274.50,0.373,0.209,3.9,2.670,N
BX20-013,274.50,276.00,0.020,0.023,0.5,2.555,N
BX20-013,276.00,277.00,0.497,0.010,0.5,2.635,N
BX20-013,277.00,278.00,0.805,0.489,4.7,2.657,N
BX20-013,278.00,279.00,1.017,0.344,7.1,2.702,N
BX20-013,279.00,280.00,0.955,0.377,5.9,2.643,N
BX20-013,280.00,281.00,0.305,0.196,0.5,2.642,N
BX20-013,281.00,283.00,0.399,0.292,0.5,2.674,N
BX20-013,283.00,284.00,0.155,0.033,2.5,2.626,Y
BX20-013,284.00,285.00,0.631,0.199,4.6,2.696,N
BX20-013,285.00,286.00,0.020,0.010,0.5,2.683,N
BX20-013,286.00,287.50,0.138,0.083,2.1,2.622,N
BX20-013,287.50,288.50,0.020,0.086,2.4,2.629,N
BX20-013,288.50,290.50,0.085,0.010,1.4,2.630,N
BX20-013,290.50,291.50,0.020,0.074,0.5,2.655,N
BX20-013,291.50,292.50,0.020,0.010,0.5,2.623,N
BX20-013,292.50,293.50,0.635,0.232,5.0,2.652,N
BX20-013,293.50,294.50,0.020,0.010,0.5,2.642,N
BX20-013,294.50,296.50,0.153,0.010,1.8,2.658,N
BX20-013,296.50,297.50,0.334,0.129,0.5,2.611,N
BX20-013,297.50,298.50,0.582,0.412,2.2,2.677,N
BX20-013,298.50,299.50,0.020,0.010,0.7,2.662,N
BX20-013,299.50,300.00,0.020,0.137,0.8,2.575,N
BX20-014,0.00,2.00,5.287,1.790,30.7,2.950,N
BX20-014,2.00,3.00,5.029,1.848,31.1,2.920,N
BX20-014,3.00,5.00,5.506,1.956,33.4,2.923,N
BX20-014,5.00,7.00,5.238,1.609,34.7,2.959,N
BX20-014,7.00,8.00,5.807,2.101,33.9,2.925,N
BX20-014,8.00,9.50,4.309,1.505,25.2,2.842,N
BX20-014,9.50,10.50,5.241,1.872,33.7,2.904,N
BX20-014,10.50,12.50,5.039,1.886,29.6,2.936,N
BX20-014,12.50,13.50,4.939,1.666,29.3,2.917,N
BX20-014,13.50,14.50,4.912,1.603,29.1,2.917,N
BX20-014,14.50,15.50,4.394,1.584,23.9,2.850,N
BX20-014,15.50,16.50,5.174,1.970,32.2,2.888,N
BX20-014,16.50,17.50,3.954,1.338,28.6,2.813,N
BX20-014,17.50,18.50,4.422,1.681,28.3,2.907,N
BX20-014,18.50,20.00,4.168,1.510,21.6,2.888,N
BX20-014,20.00,22.00,4.888,1.840,30.1,2.876,N
BX20-014,22.00,23.50,4.595,1.673,27.1,2.905,N
BX20-014,23.50,24.50,4.759,1.505,27.2,2.923,N
BX20-014,24.50,26.50,5.105,1.866,28.3,2.934,N
BX20-014,26.50,27.50,4.472,1.490,26.5,2.934,N
BX20-014,27.50,28.50,3.842,1.381,25.0,2.817,N
BX20-014,28.50,29.50,4.889,1.792,29.3,2.915,N
BX20-014,29.50,31.50,4.425,1.383,27.3,2.899,N
BX20-014,31.50,33.50,4.682,1.785,22.1,2.871,N
BX20-014,33.50,35.50,4.876,1.631,32.6,2.942,N
BX20-014,35.50,37.00,4.845,1.550,27.9,2.871,N
BX20-014,37.00,38.00,4.632,1.544,27.5,2.827,N
BX20-014,38.00,40.00,4.643,1.677,25.0,2.912,N
BX20-014,40.00,42.00,4.307,1.302,22.2,2.855,N
BX20-014,42.00,44.00,4.749,1.822,26.4,2.907,N
BX20-014,44.00,46.00,4.644,1.632,25.1,2.854,N
BX20-014,46.00,47.00,5.045,1.866,32.2,2.970,N
BX20-014,47.00,48.00,4.663,1.403,30.0,2.904,N
BX20-014,48.00,49.00,4.913,1.586,29.7,2.888,N
BX20-014,49.00,50.00,4.350,1.563,29.4,2.879,N
BX20-014,50.00,51.00,4.292,1.531,26.8,2.839,N
BX20-014,51.00,52.00,4.204,1.448,22.7,2.835,N
BX20-014,52.00,53.50,3.676,1.243,19.5,2.847,N
BX20-014,53.50,55.00,4.615,1.658,28.0,2.869,N
BX20-014,55.00,56.50,4.695,1.648,28.7,2.910,N
BX20-014,56.50,57.50,4.513,1.589,28.2,2.925,N
BX20-014,57.50,59.50,4.304,1.697,25.6,2.876,N
BX20-014,59.50,60.50,3.689,1.213,21.6,2.819,Y
BX20-014,60.50,62.00,4.827,1.720,28.1,2.836,N
BX20-014,62.00,63.00,4.934,1.776,31.1,2.937,N
BX20-014,63.00,64.00,4.252,1.425,26.5,2.904,N
BX20-014,64.00,65.00,4.332,1.452,24.7,2.816,N
BX20-014,65.00,66.50,4.183,1.515,25.7,2.883,N
BX20-014,66.50,67.50,4.257,1.508,23.3,2.840,N
BX20-014,67.50,69.00,3.843,1.353,20.6,2.870,N
BX20-014,69.00,70.00,3.998,1.190,27.2,2.854,N
BX20-014,70.00,71.00,4.546,1.481,26.0,2.906,N
BX20-014,71.00,72.50,4.440,1.627,28.8,2.933,N
BX20-014,72.50,74.00,4.180,1.419,19.8,2.908,N
BX20-014,74.00,75.50,4.424,1.575,26.6,2.866,N
BX20-014,75.50,76.50,3.654,1.253,17.5,2.854,N
BX20-014,76.50,77.50,3.663,1.148,20.4,2.876,N
BX20-014,77.50,78.50,4.780,1.676,29.7,2.859,N
BX20-014,78.50,79.50,3.800,1.164,23.6,2.890,N
BX20-014,79.50,81.00,4.176,1.581,24.9,2.889,N
BX20-014,81.00,82.50,4.615,1.634,25.5,2.927,N
BX20-014,82.50,83.50,4.263,1.531,31.3,2.896,N
BX20-014,83.50,84.50,4.165,1.301,20.4,2.864,N
BX20-014,84.50,85.50,4.041,1.383,23.6,2.915,N
BX20-014,85.50,86.50,3.949,1.355,23.5,2.874,N
BX20-014,86.50,88.50,4.546,1.702,27.9,2.893,N
BX20-014,88.50,89.50,4.959,1.728,28.3,2.881,N
BX20-014,89.50,90.50,3.791,1.429,25.1,2.827,N
BX20-014,90.50,92.00,4.281,1.526,25.1,2.905,N
BX20-014,92.00,93.00,4.410,1.536,21.8,2.874,N
BX20-014,93.00,94.00,4.169,1.361,25.4,2.873,N
BX20-014,94.00,96.00,3.713,1.257,20.8,2.846,N
BX20-014,96.00,97.50,3.918,1.356,21.5,2.835,N
BX20-014,97.50,98.50,4.269,1.432,25.7,2.884,N
BX20-014,98.50,100.50,4.623,1.585,28.1,2.929,N
BX20-014,100.50,101.50,4.147,1.423,25.8,2.834,N
BX20-014,101.50,102.50,4.188,1.346,25.5,2.819,N
BX20-014,102.50,103.50,3.714,1.349,25.8,2.793,N
BX20-014,103.50,104.50,4.162,1.392,26.5,2.804,N
BX20-014,104.50,105.50,4.514,1.489,27.3,2.855,N
BX20-014,105.50,106.50,3.040,1.143,19.4,2.856,N
BX20-014,106.50,108.50,4.025,1.521,20.3,2.876,N
BX20-014,108.50,109.50,3.913,1.467,22.5,2.755,N
BX20-014,109.50,111.00,4.344,1.620,25.4,2.916,N
BX20-014,111.00,112.50,4.298,1.584,29.5,2.856,N
BX20-014,112.50,113.50,4.146,1.563,22.7,2.872,N
BX20-014,113.50,115.00,4.994,1.824,33.2,2.940,N
BX20-014,115.00,117.00,4.043,1.420,24.1,2.890,N
BX20-014,117.00,119.00,3.177,1.062,20.0,2.855,Y
BX20-014,119.00,121.00,4.097,1.545,27.1,2.846,N
BX20-014,121.00,122.00,3.706,1.215,21.8,2.845,N
BX20-014,122.00,123.00,3.720,1.228,21.7,2.872,N
BX20-014,123.00,124.00,4.257,1.464,24.6,2.844,N
BX20-014,124.00,125.00,3.839,1.484,24.4,2.842,N
BX20-014,125.00,126.00,4.262,1.362,27.8,2.884,N
BX20-014,126.00,127.00,3.998,1.355,24.2,2.851,N
BX20-014,127.00,128.00,3.817,1.232,22.5,2.873,N
BX20-014,128.00,129.00,3.434,1.364,19.3,2.863,N
BX20-014,129.00,130.50,3.914,1.267,26.1,2.836,N
BX20-014,130.50,131.50,3.289,1.201,18.9,2.806,N
BX20-014,131.50,132.50,4.052,1.533,24.9,2.902,N
BX20-014,132.50,133.50,4.285,1.509,25.1,2.905,N
BX20-014,133.50,135.00,3.248,1.057,17.2,2.796,N
BX20-014,135.00,136.50,3.438,1.219,18.8,2.821,N
BX20-014,136.50,138.00,4.437,1.592,27.6,2.936,N
BX20-014,138.00,140.00,3.393,1.298,22.8,2.887,N
BX20-014,140.00,141.00,4.057,1.447,27.2,2.815,N
BX20-014,141.00,142.00,3.221,1.124,14.0,2.832,N
BX20-014,142.00,143.00,3.165,1.087,21.1,2.762,N
BX20-014,143.00,144.00,2.934,1.228,15.9,2.800,N
BX20-014,144.00,145.00,3.464,1.051,22.0,2.873,N
BX20-014,145.00,146.50,3.632,1.129,22.6,2.856,N
BX20-014,146.50,148.50,3.059,0.941,18.2,2.824,N
BX20-014,148.50,149.50,3.472,1.264,21.2,2.862,N
BX20-014,149.50,150.50,3.652,1.292,21.7,2.824,N
BX20-014,150.50,151.50,3.388,1.231,20.6,2.805,N
BX20-014,151.50,152.50,4.157,1.383,26.3,2.888,N
BX20-014,152.50,153.50,3.356,1.211,17.8,2.833,N
BX20-014,153.50,155.50,2.808,0.949,17.8,2.737,N
BX20-014,155.50,157.50,3.680,1.124,28.5,2.857,N
BX20-014,157.50,159.00,3.295,1.152,23.3,2.800,N
BX20-014,159.00,160.00,3.552,1.310,22.1,2.796,N
BX20-014,160.00,162.00,3.004,0.979,23.2,2.750,Y
BX20-014,162.00,163.00,3.146,1.182,19.9,2.784,N
BX20-014,163.00,165.00,3.684,1.126,23.0,2.852,N
BX20-014,165.00,166.50,3.333,1.247,21.4,2.830,N
BX20-014,166.50,168.50,3.710,1.198,20.0,2.833,N
BX20-014,168.50,169.50,3.254,1.129,22.5,2.821,N
BX20-014,169.50,171.50,3.218,1.105,15.8,2.790,N
BX20-014,171.50,173.50,3.284,1.124,23.0,2.872,N
BX20-014,173.50,174.50,2.964,1.045,15.7,2.799,N
BX20-014,174.50,175.50,3.334,1.135,22.5,2.817,N
BX20-014,175.50,176.50,3.943,1.287,24.3,2.848,N
BX20-014,176.50,177.50,4.090,1.452,22.7,2.820,N
BX20-014,177.50,179.00,3.395,1.127,19.4,2.786,N
BX20-014,179.00,180.00,3.191,1.182,20.7,2.778,N
BX20-014,180.00,181.00,3.339,1.088,20.4,2.794,N
BX20-014,181.00,182.00,2.410,0.793,17.5,2.786,N
BX20-014,182.00,184.00,3.492,1.316,19.1,2.818,N
BX20-014,184.00,185.00,3.547,1.195,22.0,2.853,N
BX20-014,185.00,186.00,3.661,1.153,22.2,2.847,N
BX20-014,186.00,187.50,2.564,0.814,12.3,2.741,N
BX20-014,187.50,189.00,3.171,1.102,18.4,2.833,N
BX20-014,189.00,190.00,2.924,0.973,18.0,2.776,N
BX20-014,190.00,192.00,3.018,1.019,15.8,2.809,N
BX20-014,192.00,194.00,2.934,0.993,21.8,2.829,N
BX20-014,194.00,195.00,3.418,1.093,22.8,2.804,N
BX20-014,195.00,196.00,3.889,1.329,24.7,2.877,N
BX20-014,196.00,197.50,2.888,1.145,19.6,2.804,N
BX20-014,197.50,199.00,2.807,0.903,16.8,2.751,N
BX20-014,199.00,201.00,3.710,1.202,25.2,2.858,N
BX20-014,201.00,202.50,3.173,1.129,18.0,2.787,N
BX20-014,202.50,204.50,3.513,1.287,22.0,2.868,N
BX20-014,204.50,206.00,3.252,1.226,19.7,2.851,N
BX20-014,206.00,207.50,3.301,1.086,20.8,2.828,N
BX20-014,207.50,208.50,3.132,1.169,17.3,2.774,N
BX20-014,208.50,210.00,2.774,0.993,15.1,2.795,N
BX20-014,210.00,212.00,3.207,1.157,17.5,2.856,N
BX20-014,212.00,214.00,2.888,1.032,15.1,2.808,N
BX20-014,214.00,216.00,3.076,1.259,20.2,2.770,N
BX20-014,216.00,217.00,2.923,0.981,17.0,2.797,N
BX20-014,217.00,218.00,3.377,1.179,18.3,2.834,N
BX20-014,218.00,219.00,3.228,1.128,19.7,2.799,N
BX20-014,219.00,220.00,3.201,0.972,17.8,2.798,N
BX20-014,220.00,221.00,2.759,0.851,17.3,2.785,N
BX20-014,221.00,222.00,3.079,1.030,16.5,2.826,N
BX20-014,222.00,223.50,3.504,1.081,22.7,2.871,N
BX20-014,223.50,225.50,2.714,0.989,14.7,2.724,N
BX20-014,225.50,226.50,2.448,0.930,15.1,2.767,N
BX20-014,226.50,227.50,2.759,0.939,16.9,2.796,N
BX20-014,227.50,229.50,3.108,1.202,18.4,2.777,N
BX20-014,229.50,230.50,3.078,1.181,20.0,2.781,N
BX20-014,230.50,232.50,3.016,1.053,17.1,2.807,N
BX20-014,232.50,234.00,2.821,0.772,20.4,2.736,N
BX20-014,234.00,236.00,3.220,1.216,18.7,2.818,N
BX20-014,236.00,237.50,2.459,0.845,16.8,2.750,N
BX20-014,237.50,238.50,2.564,0.912,14.0,2.768,N
BX20-014,238.50,239.50,2.751,1.003,17.4,2.797,N
BX20-014,239.50,241.00,2.928,1.071,19.3,2.848,N
BX20-014,241.00,242.50,3.433,1.300,22.8,2.814,N
BX20-014,242.50,244.50,2.706,1.032,14.2,2.760,N
BX20-014,244.50,245.50,2.922,0.871,18.6,2.802,N
BX20-014,245.50,246.50,2.748,0.865,16.3,2.773,N
BX20-014,246.50,247.50,2.012,0.700,14.2,2.658,N
BX20-014,247.50,248.50,2.747,0.992,15.0,2.809,N
BX20-014,248.50,249.50,2.060,0.781,9.9,2.712,N
BX20-014,249.50,250.50,2.725,0.971,15.9,2.793,N
BX20-014,250.50,252.00,3.248,1.215,18.0,2.806,N
BX20-014,252.00,254.00,2.067,0.924,14.9,2.754,N
BX20-014,254.00,255.50,2.805,1.050,17.9,2.810,N
BX20-014,255.50,257.00,2.760,0.858,14.0,2.783,N
BX20-014,257.00,259.00,2.580,1.008,17.9,2.815,N
BX20-014,259.00,260.00,1.865,0.541,10.6,2.728,N
BX20-014,260.00,261.50,2.483,0.928,12.5,2.787,N
BX20-014,261.50,262.50,2.646,0.922,16.9,2.792,N
BX20-014,262.50,264.00,3.250,1.148,21.4,2.842,N
BX20-014,264.00,265.50,2.498,1.092,12.3,2.816,N
BX20-014,265.50,266.50,2.527,0.779,14.8,2.792,N
BX20-014,266.50,267.50,2.772,1.040,15.9,2.806,N
BX20-014,267.50,269.50,1.832,0.522,8.1,2.707,N
BX20-014,269.50,270.50,2.660,0.876,18.0,2.731,N
BX20-014,270.50,272.00,2.758,0.935,18.6,2.811,N
BX20-014,272.00,273.00,2.307,0.638,13.8,2.757,N
BX20-014,273.00,274.00,2.397,0.856,16.2,2.746,N
BX20-014,274.00,275.00,2.681,1.123,18.0,2.707,N
BX20-014,275.00,276.00,2.192,0.506,14.5,2.723,N
BX20-014,276.00,277.50,2.561,0.853,15.2,2.800,N
BX20-014,277.50,278.50,2.436,0.655,12.0,2.795,N
BX20-014,278.50,279.50,2.714,0.894,18.0,2.839,N
BX20-014,279.50,280.50,2.344,0.847,12.7,2.811,N
BX20-014,280.50,282.00,3.406,1.137,20.2,2.735,N
BX20-014,282.00,283.50,2.173,0.800,14.9,2.724,N
BX20-014,283.50,284.50,2.360,0.885,17.1,2.740,Y
BX20-014,284.50,285.50,2.788,0.977,19.7,2.775,N
BX20-014,285.50,286.50,2.591,0.834,17.6,2.739,N
BX20-014,286.50,287.00,2.385,0.857,16.9,2.720,N
BX20-015,0.00,1.00,1.340,0.548,8.0,2.756,N
BX20-015,1.00,3.00,2.134,0.887,13.5,2.728,N
BX20-015,3.00,4.50,1.412,0.433,9.2,2.662,N
BX20-015,4.50,6.50,1.570,0.644,10.6,2.696,N
BX20-015,6.50,7.50,1.610,0.536,9.3,2.686,N
BX20-015,7.50,8.50,1.908,0.488,12.3,2.758,N
BX20-015,8.50,10.00,1.624,0.631,15.9,2.732,N
BX20-015,10.00,11.00,1.938,0.537,10.1,2.727,N
BX20-015,11.00,12.00,2.427,0.706,13.2,2.768,N
BX20-015,12.00,13.50,1.722,0.645,11.4,2.731,N
BX20-015,13.50,15.00,2.398,0.786,14.3,2.753,N
BX20-015,15.00,17.00,2.014,0.738,10.3,2.790,N
BX20-015,17.00,18.00,2.499,0.843,19.3,2.773,N
BX20-015,18.00,20.00,2.738,1.022,16.2,2.785,N
BX20-015,20.00,22.00,2.087,0.973,11.2,2.748,N
BX20-015,22.00,23.00,2.302,0.792,12.8,2.713,N
BX20-015,23.00,25.00,2.549,0.866,16.4,2.792,N
BX20-015,25.00,27.00,2.989,1.122,16.6,2.758,N
BX20-015,27.00,28.00,3.069,1.081,16.8,2.811,N
BX20-015,28.00,29.00,3.369,1.132,19.7,2.761,N
BX20-015,29.00,30.50,2.967,1.080,16.9,2.834,N
BX20-015,30.50,32.00,3.302,1.057,19.1,2.824,N
BX20-015,32.00,33.50,3.015,1.034,18.6,2.844,N
BX20-015,33.50,34.50,3.123,1.066,21.2,2.848,N
BX20-015,34.50,36.00,3.002,0.980,18.3,2.770,N
BX20-015,36.00,37.50,4.141,1.488,26.6,2.841,N
BX20-015,37.50,38.50,3.513,1.255,21.3,2.817,N
BX20-015,38.50,39.50,4.259,1.464,27.3,2.846,N
BX20-015,39.50,40.50,4.107,1.403,26.0,2.872,N
BX20-015,40.50,42.50,3.735,1.315,24.1,2.841,N
BX20-015,42.50,44.50,3.666,1.357,21.4,2.869,N
BX20-015,44.50,45.50,4.066,1.528,24.9,2.817,N
BX20-015,45.50,47.50,4.304,1.242,25.9,2.878,N
BX20-015,47.50,48.50,4.076,1.332,22.7,2.879,N
BX20-015,48.50,50.50,4.343,1.454,26.2,2.872,Y
BX20-015,50.50,51.50,4.877,1.715,28.4,2.977,N
BX20-015,51.50,53.50,4.277,1.290,28.7,2.910,N
BX20-015,53.50,55.50,4.722,1.638,27.4,2.882,N
BX20-015,55.50,57.50,4.928,1.626,33.4,2.894,N
BX20-015,57.50,59.00,4.758,1.621,24.2,2.870,N
BX20-015,59.00,60.00,4.703,1.680,25.9,2.892,N
BX20-015,60.00,61.00,5.537,1.975,34.4,2.957,N
BX20-015,61.00,63.00,5.346,1.804,29.9,2.958,N
BX20-015,63.00,64.00,5.229,1.726,31.8,2.921,N
BX20-015,64.00,65.50,4.954,1.496,27.3,2.909,N
BX20-015,65.50,66.50,5.115,1.672,29.5,2.957,N
BX20-015,66.50,67.50,5.500,2.073,30.5,2.989,N
BX20-015,67.50,68.50,5.055,1.842,33.1,2.917,N
BX20-015,68.50,69.50,4.936,1.780,29.9,2.937,N
BX20-015,69.50,70.50,5.810,1.897,32.1,3.004,Y
BX20-015,70.50,72.50,5.558,2.113,32.2,2.968,N
BX20-015,72.50,73.50,5.514,1.884,32.7,2.896,N
BX20-015,73.50,75.50,6.433,2.263,39.7,3.031,N
BX20-015,75.50,77.50,6.051,2.184,35.4,2.999,N
BX20-015,77.50,78.50,6.278,2.105,35.9,3.013,N
BX20-015,78.50,80.00,6.189,2.295,35.0,3.008,N
BX20-015,80.00,82.00,6.127,2.053,32.5,2.980,N
BX20-015,82.00,83.00,6.287,2.220,39.7,3.016,N
BX20-015,83.00,84.00,5.965,2.082,36.4,2.960,N
BX20-015,84.00,85.50,6.012,2.217,35.4,2.968,N
BX20-015,85.50,86.50,6.904,2.446,43.5,3.016,N
BX20-015,86.50,87.50,6.718,2.462,38.7,3.001,N
BX20-015,87.50,89.50,6.246,2.218,40.8,2.942,N
BX20-015,89.50,91.00,6.535,2.347,39.4,3.031,N
BX20-015,91.00,92.00,6.377,2.383,35.3,3.033,N
BX20-015,92.00,94.00,6.832,2.354,41.7,3.019,N
BX20-015,94.00,95.50,6.824,2.448,42.3,3.065,N
BX20-015,95.50,96.50,6.582,2.294,37.7,2.979,N
BX20-015,96.50,98.00,6.833,2.471,43.1,3.038,N
BX20-015,98.00,99.50,7.170,2.449,46.3,3.042,N
BX20-015,99.50,100.50,7.262,2.603,43.7,3.092,N
BX20-015,100.50,101.50,7.048,2.476,43.6,3.053,N
BX20-015,101.50,102.50,6.986,2.348,38.5,3.069,N
BX20-015,102.50,103.50,7.840,2.781,48.9,3.118,N
BX20-015,103.50,105.00,6.552,2.202,37.0,2.975,N
BX20-015,105.00,106.50,7.192,2.339,46.5,3.032,N
BX20-015,106.50,107.50,7.292,2.556,43.6,3.065,N
BX20-015,107.50,108.50,7.406,2.624,41.8,3.043,N
BX20-015,108.50,109.50,7.680,2.644,47.0,3.068,N
BX20-015,109.50,110.50,7.226,2.597,44.1,2.988,N
BX20-015,110.50,112.00,7.576,2.801,51.8,3.035,N
BX20-015,112.00,113.50,7.275,2.601,43.0,3.093,N
BX20-015,113.50,114.50,7.238,2.618,44.6,3.011,N
BX20-015,114.50,115.50,6.912,2.340,40.3,3.032,N
BX20-015,115.50,117.50,6.764,2.372,42.9,3.057,N
BX20-015,117.50,118.50,7.032,2.533,42.0,3.005,N
BX20-015,118.50,119.50,7.695,2.899,49.0,3.099,N
BX20-015,119.50,121.00,7.354,2.652,42.1,3.069,N
BX20-015,121.00,122.00,7.494,2.423,42.0,3.072,N
BX20-015,122.00,124.00,6.976,2.460,42.0,3.025,N
BX20-015,124.00,126.00,7.649,2.625,47.1,3.087,N
BX20-015,126.00,127.00,7.041,2.377,42.7,3.061,N
BX20-015,127.00,129.00,7.238,2.523,42.7,3.088,N
BX20-015,129.00,130.50,7.074,2.492,45.4,3.013,N
BX20-015,130.50,131.50,6.928,2.397,39.0,3.052,N
BX20-015,131.50,133.00,6.871,2.415,39.8,3.024,N
BX20-015,133.00,134.50,6.798,2.434,43.0,3.031,N
BX20-015,134.50,135.50,7.782,2.620,44.5,3.105,N
BX20-015,135.50,137.00,6.876,2.420,42.6,2.972,N
BX20-015,137.00,138.00,7.063,2.391,41.3,3.031,N
BX20-015,138.00,139.00,7.472,2.565,45.8,3.060,N
BX20-015,139.00,140.50,7.315,2.559,42.9,3.090,N
BX20-015,140.50,142.50,6.843,2.349,38.6,3.011,N
BX20-015,142.50,143.50,6.664,2.369,40.4,3.040,N
BX20-015,143.50,145.50,6.351,2.249,39.3,3.054,N
BX20-015,145.50,147.50,6.513,2.193,40.3,3.005,N
BX20-015,147.50,148.50,6.687,2.399,40.3,3.040,N
BX20-015,148.50,149.50,6.347,2.381,35.2,2.971,N
BX20-015,149.50,150.50,6.447,2.169,41.6,3.004,N
BX20-015,150.50,152.00,6.622,2.160,40.0,2.964,N
BX20-015,152.00,153.00,6.847,2.450,44.0,3.044,N
BX20-015,153.00,154.00,6.314,2.149,36.5,2.989,N
BX20-015,154.00,155.00,6.951,2.475,40.0,3.077,N
BX20-015,155.00,157.00,6.081,2.139,35.2,3.001,N
BX20-015,157.00,158.50,5.812,2.055,32.3,3.023,N
BX20-015,158.50,159.50,6.849,2.372,43.1,3.007,N
BX20-015,159.50,160.50,5.661,2.039,30.8,3.022,N
BX20-015,160.50,161.50,5.433,1.866,34.7,3.013,N
BX20-015,161.50,163.00,6.433,2.172,38.5,2.991,N
BX20-015,163.00,164.50,5.121,1.942,30.9,2.926,N
BX20-015,164.50,165.50,5.444,1.782,29.7,2.900,N
BX20-015,165.50,166.50,5.223,2.003,30.8,2.916,N
BX20-015,166.50,168.00,4.866,1.691,32.5,2.941,N
BX20-015,168.00,169.00,5.467,2.134,31.7,3.002,N
BX20-015,169.00,170.00,5.553,1.888,28.2,2.948,N
BX20-015,170.00,172.00,5.405,1.923,32.1,2.940,N
BX20-015,172.00,173.00,5.371,1.905,32.8,2.944,N
BX20-015,173.00,174.00,5.004,1.622,29.3,2.963,N
BX20-015,174.00,175.00,5.953,2.153,34.1,2.988,N
BX20-015,175.00,176.00,5.529,1.866,33.5,2.929,N
BX20-017,0.00,1.00,0.020,0.010,2.0,2.637,N
BX20-017,1.00,2.00,0.118,0.051,3.2,2.642,N
BX20-017,2.00,4.00,0.020,0.010,2.2,2.646,N
BX20-017,4.00,5.50,0.310,0.120,1.6,2.657,N
BX20-017,5.50,6.50,0.020,0.111,0.5,2.647,N
BX20-017,6.50,8.50,0.020,0.170,0.5,2.672,N
BX20-017,8.50,9.50,0.463,0.109,3.0,2.624,N
BX20-017,9.50,11.50,0.020,0.010,0.5,2.651,N
BX20-017,11.50,12.50,0.058,0.022,4.7,2.605,N
BX20-017,12.50,14.00,0.075,0.010,1.7,2.662,N
BX20-017,14.00,15.50,0.245,0.159,0.8,2.665,N
BX20-017,15.50,16.50,0.020,0.010,0.5,2.651,N
BX20-017,16.50,17.50,0.396,0.304,4.3,2.643,N
BX20-017,17.50,18.50,0.020,0.010,0.5,2.581,N
BX20-017,18.50,20.00,0.164,0.098,2.1,2.617,N
BX20-017,20.00,21.50,0.180,0.214,0.5,2.600,N
BX20-017,21.50,23.50,0.020,0.011,0.5,2.646,N
BX20-017,23.50,24.50,0.274,0.145,3.2,2.550,N
BX20-017,24.50,26.50,0.766,0.204,5.4,2.624,N
BX20-017,26.50,27.50,0.099,0.080,3.8,2.653,N
BX20-017,27.50,29.50,0.020,0.162,0.5,2.633,N
BX20-017,29.50,31.00,0.347,0.215,3.4,2.631,N
BX20-017,31.00,32.00,0.020,0.024,0.5,2.626,N
BX20-017,32.00,33.50,0.713,0.371,5.4,2.650,N
BX20-017,33.50,34.50,0.284,0.115,0.5,2.630,N
BX20-017,34.50,35.50,0.195,0.037,1.8,2.628,N
BX20-017,35.50,37.50,0.301,0.149,1.1,2.682,N
BX20-017,37.50,39.00,0.131,0.010,0.5,2.616,N
BX20-017,39.00,40.50,0.020,0.010,0.5,2.576,N
BX20-017,40.50,42.00,0.020,0.155,3.0,2.645,N
BX20-017,42.00,43.00,0.111,0.061,3.9,2.647,N
BX20-017,43.00,44.50,0.577,0.228,6.5,2.704,N
BX20-017,44.50,46.00,0.235,0.010,0.5,2.641,N
BX20-017,46.00,47.50,0.020,0.010,1.0,2.602,N
BX20-017,47.50,49.50,0.020,0.010,0.5,2.563,N
BX20-017,49.50,50.50,0.083,0.010,2.8,2.635,N
BX20-017,50.50,52.50,0.231,0.075,0.5,2.652,N
BX20-017,52.50,53.50,0.204,0.010,1.3,2.624,N
BX20-017,53.50,55.50,0.406,0.198,5.5,2.634,N
BX20-017,55.50,57.50,0.343,0.194,2.7,2.685,N
BX20-017,57.50,59.50,0.020,0.067,2.0,2.634,N
BX20-017,59.50,60.50,0.020,0.010,0.5,2.637,N
BX20-017,60.50,62.50,0.020,0.010,2.3,2.656,N
BX20-017,62.50,63.50,0.020,0.020,2.5,2.646,N
BX20-017,63.50,64.50,0.624,0.153,0.5,2.636,N
BX20-017,64.50,65.50,0.020,0.010,0.5,2.601,N
BX20-017,65.50,67.50,0.403,0.062,4.6,2.685,N
BX20-017,67.50,69.50,0.020,0.139,0.5,2.614,N
BX20-017,69.50,70.50,0.020,0.142,0.8,2.629,N
BX20-017,70.50,72.50,0.020,0.010,0.5,2.661,N
BX20-017,72.50,73.50,0.193,0.030,3.7,2.630,N
BX20-017,73.50,75.50,0.020,0.151,0.9,2.628,N
BX20-017,75.50,76.50,0.020,0.010,1.9,2.667,N
BX20-017,76.50,78.00,0.182,0.121,0.5,2.579,N
BX20-017,78.00,79.50,0.020,0.058,0.5,2.632,N
BX20-017,79.50,80.50,0.020,0.113,0.5,2.620,N
BX20-017,80.50,81.50,0.020,0.147,0.5,2.586,N
BX20-017,81.50,83.50,0.184,0.010,2.0,2.563,N
BX20-017,83.50,84.50,0.020,0.020,2.5,2.638,N
BX20-017,84.50,85.50,0.020,0.010,1.9,2.627,N
BX20-017,85.50,86.50,0.020,0.010,2.8,2.648,N
BX20-017,86.50,87.50,0.174,0.010,2.7,2.620,N
BX20-017,87.50,88.50,0.264,0.010,0.5,2.643,N
BX20-017,88.50,89.50,0.114,0.138,0.5,2.588,N
BX20-017,89.50,91.00,0.294,0.048,1.5,2.675,N
BX20-017,91.00,92.00,0.222,0.150,1.7,2.656,N
BX20-017,92.00,94.00,0.020,0.010,0.5,2.566,N
BX20-017,94.00,96.00,0.020,0.010,0.5,2.590,N
BX20-017,96.00,98.00,0.020,0.010,0.5,2.590,N
BX20-017,98.00,99.50,0.020,0.010,0.9,2.608,N
BX20-017,99.50,100.50,0.020,0.010,0.5,2.631,N
BX20-017,100.50,102.50,0.020,0.010,0.5,2.624,N
BX20-017,102.50,103.50,0.020,0.010,2.5,2.588,N
BX20-017,103.50,104.50,0.020,0.088,2.9,2.681,N
BX20-017,104.50,105.50,0.020,0.048,2.5,2.644,N
BX20-017,105.50,106.50,0.020,0.010,2.0,2.627,N
BX20-017,106.50,108.50,0.127,0.010,2.8,2.629,N
BX20-017,108.50,109.50,0.020,0.013,1.0,2.550,N
BX20-017,109.50,110.50,0.152,0.010,4.8,2.618,N
BX20-017,110.50,111.50,0.020,0.083,0.5,2.595,N
BX20-017,111.50,113.00,0.020,0.010,0.5,2.742,N
BX20-017,113.00,114.00,0.040,0.010,0.5,2.629,N
BX20-017,114.00,116.00,0.020,0.077,0.5,2.580,N
BX20-017,116.00,117.50,0.056,0.027,5.2,2.616,N
BX20-017,117.50,118.50,0.160,0.010,1.7,2.605,N
BX20-017,118.50,119.50,0.020,0.200,0.5,2.649,Y
BX20-017,119.50,121.50,0.020,0.010,0.6,2.654,N
BX20-017,121.50,122.50,0.020,0.010,0.5,2.619,N
BX20-017,122.50,124.50,0.020,0.010,0.5,2.625,N
BX20-017,124.50,126.50,0.835,0.351,4.1,2.685,N
BX20-017,126.50,127.50,0.268,0.010,0.5,2.596,N
BX20-017,127.50,128.50,0.020,0.010,0.5,2.613,Y
BX20-017,128.50,130.50,0.427,0.154,2.8,2.586,N
BX20-017,130.50,131.50,0.020,0.010,0.5,2.587,N
BX20-017,131.50,132.50,0.459,0.347,4.4,2.629,N
BX20-017,132.50,133.50,0.020,0.010,0.9,2.603,N
BX20-017,133.50,135.50,0.638,0.219,6.2,2.658,N
BX20-017,135.50,137.00,0.029,0.152,0.5,2.609,N
BX20-017,137.00,139.00,0.020,0.010,0.5,2.589,N
BX20-017,139.00,140.00,0.312,0.124,0.5,2.609,N
BX20-017,140.00,141.50,0.228,0.068,4.1,2.598,N
BX20-017,141.50,143.50,0.255,0.125,0.5,2.605,N
BX20-017,143.50,145.50,0.020,0.010,0.5,2.604,N
BX20-017,145.50,147.00,0.224,0.167,0.7,2.669,N
BX20-017,147.00,148.00,0.591,0.349,5.2,2.642,N
BX20-017,148.00,149.50,0.020,0.077,0.5,2.583,N
BX20-017,149.50,150.50,0.020,0.046,1.5,2.623,N
BX20-017,150.50,152.50,0.020,0.010,0.5,2.632,N
BX20-017,152.50,153.50,0.020,0.010,0.5,2.702,N
BX20-017,153.50,154.50,0.020,0.145,0.5,2.607,N
BX20-017,154.50,156.50,0.020,0.010,0.5,2.651,N
BX20-017,156.50,157.50,0.020,0.010,3.1,2.619,N
BX20-017,157.50,158.50,0.138,0.031,0.6,2.632,N
BX20-017,158.50,160.50,0.532,0.153,2.2,2.684,N
BX20-017,160.50,161.50,0.020,0.010,0.7,2.613,N
BX20-017,161.50,163.00,0.036,0.010,0.5,2.592,N
BX20-017,163.00,164.50,0.020,0.045,0.5,2.597,N
BX20-017,164.50,165.50,0.020,0.010,1.3,2.577,N
BX20-017,165.50,167.50,0.020,0.016,2.9,2.627,N
BX20-017,167.50,168.50,0.537,0.237,7.1,2.690,Y
BX20-017,168.50,169.50,0.020,0.115,0.5,2.693,N
BX20-017,169.50,170.50,0.135,0.151,0.5,2.556,N
BX20-017,170.50,171.50,0.260,0.069,1.7,2.626,N
BX20-017,171.50,173.50,0.020,0.010,0.5,2.704,N
BX20-017,173.50,174.50,0.020,0.010,0.5,2.639,N
BX20-017,174.50,176.50,0.020,0.010,0.5,2.593,N
BX20-017,176.50,177.50,0.676,0.352,3.6,2.679,N
BX20-017,177.50,179.50,0.020,0.014,0.5,2.620,N
BX20-017,179.50,181.00,0.020,0.010,1.1,2.667,N
BX20-017,181.00,182.50,0.105,0.010,0.5,2.630,N
BX20-017,182.50,184.50,0.401,0.279,1.2,2.617,N
BX20-017,184.50,185.50,0.023,0.070,2.7,2.598,N
BX20-017,185.50,186.50,0.810,0.457,3.9,2.676,N
BX20-017,186.50,188.00,0.020,0.237,0.5,2.615,Y
BX20-017,188.00,189.50,0.020,0.010,2.3,2.597,N
BX20-017,189.50,190.50,0.020,0.010,2.0,2.586,N
BX20-017,190.50,191.50,0.020,0.010,0.9,2.613,N
BX20-017,191.50,193.00,0.364,0.262,2.8,2.632,Y
BX20-017,193.00,194.00,0.020,0.114,0.7,2.577,N
BX20-017,194.00,195.00,0.020,0.135,1.0,2.619,N
BX20-017,195.00,196.00,0.121,0.010,0.5,2.643,N
BX20-017,196.00,198.00,0.020,0.111,0.5,2.660,N
BX20-017,198.00,199.50,0.020,0.010,0.5,2.622,N
BX20-017,199.50,201.00,0.112,0.192,0.5,2.678,N
BX20-017,201.00,203.00,0.020,0.010,0.5,2.673,N
BX20-017,203.00,204.50,0.450,0.108,3.7,2.592,N
BX20-017,204.50,206.00,0.020,0.072,1.9,2.643,N
BX20-017,206.00,208.00,0.058,0.255,2.5,2.610,N
BX20-017,208.00,209.50,0.059,0.029,0.5,2.599,N
BX20-017,209.50,210.50,0.162,0.076,2.0,2.665,N
BX20-017,210.50,211.50,0.020,0.111,1.5,2.597,N
BX20-017,211.50,212.50,0.192,0.083,1.0,2.634,N
BX20-017,212.50,214.50,0.020,0.097,0.5,2.645,N
BX20-017,214.50,216.50,0.617,0.246,3.2,2.660,N
BX20-017,216.50,218.00,0.149,0.010,2.2,2.625,N
BX20-017,218.00,219.00,0.314,0.115,5.2,2.621,N
BX20-017,219.00,220.00,0.020,0.106,1.4,2.653,N
BX20-017,220.00,221.50,0.020,0.010,0.5,2.651,N
BX20-017,221.50,223.50,0.449,0.294,4.0,2.654,N
BX20-017,223.50,225.50,0.205,0.032,1.9,2.623,N
BX20-017,225.50,226.50,0.020,0.010,1.4,2.607,N
BX20-017,226.50,227.50,0.020,0.042,0.5,2.586,N
BX20-017,227.50,229.50,0.243,0.060,0.5,2.613,N
BX20-017,229.50,231.50,0.679,0.114,3.9,2.730,N
BX20-017,231.50,233.00,0.529,0.275,4.3,2.599,N
BX20-017,233.00,234.50,0.020,0.137,2.6,2.585,N
BX20-017,234.50,235.50,0.711,0.263,4.4,2.685,N
BX20-017,235.50,236.50,0.132,0.010,0.5,2.645,N
BX20-017,236.50,238.50,0.040,0.119,1.2,2.634,N
BX20-017,238.50,239.50,0.056,0.010,0.5,2.617,N
BX20-017,239.50,241.00,0.020,0.142,3.3,2.580,N
BX20-017,241.00,242.00,0.020,0.023,0.5,2.577,N
BX20-017,242.00,243.00,0.547,0.281,4.7,2.602,N
BX20-017,243.00,245.00,0.092,0.056,0.5,2.590,N
BX20-017,245.00,246.00,0.398,0.167,0.5,2.635,N
BX20-017,246.00,247.00,0.020,0.010,1.5,2.601,N
BX20-017,247.00,248.00,0.020,0.010,0.5,2.658,N
BX20-017,248.00,249.00,0.020,0.108,0.5,2.667,N
BX20-017,249.00,250.00,0.183,0.082,2.2,2.556,N
BX20-017,250.00,252.00,0.020,0.010,0.5,2.609,N
BX20-017,252.00,253.00,0.020,0.150,1.3,2.593,N
BX20-017,253.00,254.50,0.020,0.086,0.5,2.615,N
BX20-017,254.50,256.00,0.020,0.010,0.5,2.624,N
BX20-017,256.00,258.00,0.020,0.010,2.6,2.623,N
BX20-017,258.00,259.00,0.217,0.048,0.5,2.612,N
BX20-017,259.00,260.50,0.522,0.095,6.5,2.650,N
BX20-017,260.50,262.00,0.548,0.076,2.3,2.641,N
BX20-017,262.00,264.00,0.020,0.013,1.7,2.607,N
BX20-017,264.00,265.00,0.020,0.065,0.5,2.633,N
BX20-017,265.00,267.00,0.020,0.033,1.4,2.617,N
BX20-017,267.00,268.50,0.727,0.221,5.3,2.660,Y
BX20-017,268.50,269.50,0.020,0.140,0.5,2.601,N
BX20-017,269.50,270.50,0.020,0.071,2.4,2.627,N
BX20-017,270.50,272.50,0.020,0.010,0.5,2.628,N
BX20-017,272.50,273.50,0.020,0.010,0.9,2.603,N
BX20-017,273.50,275.50,0.486,0.150,5.6,2.655,N
BX20-017,275.50,277.50,0.020,0.010,0.5,2.661,N
BX20-017,277.50,279.00,0.020,0.080,2.8,2.650,N
BX20-017,279.00,280.00,0.020,0.016,0.5,2.686,N
BX20-017,280.00,281.00,0.020,0.010,0.5,2.639,N
BX20-020,0.00,1.00,0.020,0.064,1.5,2.591,N
BX20-020,1.00,2.00,0.020,0.098,2.2,2.607,N
BX20-020,2.00,4.00,0.020,0.013,0.5,2.640,N
BX20-020,4.00,5.00,0.318,0.079,3.3,2.702,Y
BX20-020,5.00,6.50,0.020,0.083,0.5,2.577,N
BX20-020,6.50,8.50,0.466,0.197,6.6,2.686,N
BX20-020,8.50,10.50,0.149,0.100,3.0,2.634,N
BX20-020,10.50,11.50,0.020,0.010,0.5,2.575,N
BX20-020,11.50,13.00,0.402,0.047,0.5,2.605,N
BX20-020,13.00,14.00,0.020,0.153,0.5,2.620,N
BX20-020,14.00,16.00,0.429,0.176,0.5,2.618,N
BX20-020,16.00,17.00,0.020,0.072,0.5,2.584,N
BX20-020,17.00,18.00,0.020,0.010,0.5,2.621,N
BX20-020,18.00,19.00,0.020,0.010,1.5,2.686,N
BX20-020,19.00,20.50,0.020,0.022,0.5,2.607,N
BX20-020,20.50,21.50,0.020,0.056,2.8,2.662,N
BX20-020,21.50,22.50,0.336,0.189,1.1,2.643,N
BX20-020,22.50,23.50,0.115,0.010,1.4,2.541,N
BX20-020,23.50,25.50,0.020,0.018,0.5,2.670,N
BX20-020,25.50,26.50,0.020,0.181,0.5,2.628,N
BX20-020,26.50,27.50,0.022,0.088,0.5,2.653,N
BX20-020,27.50,29.50,0.424,0.010,3.4,2.682,N
BX20-020,29.50,31.50,0.085,0.010,0.5,2.628,N
BX20-020,31.50,32.50,0.020,0.010,3.6,2.612,N
BX20-020,32.50,34.50,0.020,0.131,0.5,2.593,N
BX20-020,34.50,35.50,0.020,0.010,0.5,2.644,N
BX20-020,35.50,36.50,0.020,0.027,1.0,2.666,N
BX20-020,36.50,37.50,0.020,0.017,0.5,2.621,N
BX20-020,37.50,39.00,0.020,0.014,0.5,2.673,N
BX20-020,39.00,40.00,0.350,0.125,4.8,2.644,Y
BX20-020,40.00,41.00,0.020,0.155,2.7,2.658,N
BX20-020,41.00,42.00,0.020,0.039,0.5,2.603,N
BX20-020,42.00,43.00,0.020,0.010,0.5,2.618,N
BX20-020,43.00,45.00,0.317,0.069,0.8,2.643,N
BX20-020,45.00,46.50,0.252,0.188,2.5,2.639,N
BX20-020,46.50,48.50,0.020,0.010,0.5,2.614,N
BX20-020,48.50,49.50,0.020,0.071,1.6,2.568,N
BX20-020,49.50,50.50,0.035,0.010,0.8,2.649,N
BX20-020,50.50,52.50,0.343,0.248,3.8,2.605,N
BX20-020,52.50,53.50,0.020,0.010,3.1,2.672,N
BX20-020,53.50,55.50,0.572,0.010,5.0,2.624,N
BX20-020,55.50,56.50,0.444,0.272,2.4,2.572,N
BX20-020,56.50,58.00,0.062,0.132,0.5,2.652,N
BX20-020,58.00,60.00,0.020,0.063,2.0,2.655,N
BX20-020,60.00,61.00,0.020,0.244,1.9,2.630,N
BX20-020,61.00,63.00,0.020,0.046,0.5,2.630,N
BX20-020,63.00,64.00,0.438,0.081,2.2,2.624,N
BX20-020,64.00,65.00,0.020,0.010,0.6,2.618,N
BX20-020,65.00,66.00,0.130,0.011,0.7,2.608,N
BX20-020,66.00,68.00,0.020,0.174,2.3,2.594,N
BX20-020,68.00,69.00,0.020,0.195,0.5,2.631,N
BX20-020,69.00,70.00,0.504,0.127,3.8,2.686,N
BX20-020,70.00,71.50,0.020,0.169,3.7,2.612,N
BX20-020,71.50,73.00,0.020,0.010,0.5,2.601,N
BX20-020,73.00,75.00,0.020,0.010,0.5,2.550,N
BX20-020,75.00,76.50,0.365,0.138,0.5,2.638,N
BX20-020,76.50,78.00,0.586,0.181,2.2,2.674,N
BX20-020,78.00,79.00,0.601,0.249,4.1,2.667,N
BX20-020,79.00,81.00,0.172,0.064,0.5,2.627,N
BX20-020,81.00,82.00,0.020,0.048,1.9,2.584,N
BX20-020,82.00,83.00,0.447,0.189,1.5,2.646,N
BX20-020,83.00,84.00,0.171,0.050,0.5,2.632,N
BX20-020,84.00,85.50,0.733,0.146,4.6,2.664,N
BX20-020,85.50,86.50,0.020,0.010,0.5,2.564,N
BX20-020,86.50,87.50,0.242,0.063,2.1,2.565,N
BX20-020,87.50,88.50,0.020,0.061,1.4,2.620,N
BX20-020,88.50,89.50,0.590,0.159,4.1,2.679,N
BX20-020,89.50,91.00,0.020,0.010,0.5,2.607,N
BX20-020,91.00,93.00,0.022,0.010,1.6,2.619,N
BX20-020,93.00,94.00,0.020,0.109,1.4,2.627,N
BX20-020,94.00,95.00,0.020,0.061,0.6,2.636,N
BX20-020,95.00,97.00,0.041,0.010,0.5,2.631,N
BX20-020,97.00,98.50,0.305,0.224,2.7,2.644,Y
BX20-020,98.50,99.50,0.020,0.046,0.6,2.602,N
BX20-020,99.50,101.50,0.107,0.010,0.5,2.600,N
BX20-020,101.50,103.00,0.020,0.010,0.5,2.707,N
BX20-020,103.00,104.50,0.252,0.227,1.4,2.661,N
BX20-020,104.50,106.00,0.249,0.028,0.5,2.637,N
BX20-020,106.00,107.00,0.020,0.010,0.5,2.601,N
BX20-020,107.00,108.00,0.020,0.010,0.5,2.590,N
BX20-020,108.00,109.00,0.020,0.010,3.1,2.606,N
BX20-020,109.00,110.00,0.453,0.137,1.5,2.656,N
BX20-020,110.00,111.50,0.020,0.010,0.5,2.627,N
BX20-020,111.50,112.50,0.020,0.010,0.5,2.639,N
BX20-020,112.50,114.50,0.020,0.033,0.5,2.593,N
BX20-020,114.50,115.50,0.020,0.018,0.5,2.650,N
BX20-020,115.50,116.50,0.588,0.285,0.5,2.707,N
BX20-020,116.50,117.50,0.020,0.010,2.9,2.617,N
BX20-020,117.50,119.00,0.020,0.010,3.2,2.610,N
BX20-020,119.00,120.00,0.020,0.010,0.5,2.617,N
BX20-020,120.00,121.50,0.316,0.123,6.3,2.641,N
BX20-020,121.50,122.50,0.021,0.010,2.9,2.616,Y
BX20-020,122.50,124.50,0.036,0.076,0.5,2.584,N
BX20-020,124.50,125.50,0.184,0.032,1.8,2.651,N
BX20-020,125.50,127.50,0.020,0.097,0.5,2.656,N
BX20-020,127.50,129.00,0.161,0.010,0.5,2.618,N
BX20-020,129.00,130.50,0.020,0.010,0.5,2.576,N
BX20-020,130.50,131.50,0.020,0.064,1.2,2.624,N
BX20-020,131.50,132.50,0.020,0.080,0.8,2.666,N
BX20-020,132.50,133.50,0.643,0.162,2.6,2.648,N
BX20-020,133.50,135.50,0.020,0.010,0.5,2.612,N
BX20-020,135.50,137.00,0.878,0.165,2.1,2.698,N
BX20-020,137.00,138.00,0.121,0.079,0.5,2.649,N
BX20-020,138.00,139.00,0.084,0.164,0.5,2.651,N
BX20-020,139.00,140.50,0.020,0.047,0.5,2.621,N
BX20-020,140.50,141.50,0.688,0.311,2.1,2.612,N
BX20-020,141.50,142.50,0.170,0.067,1.1,2.681,N
BX20-020,142.50,144.00,0.020,0.094,3.4,2.590,N
BX20-020,144.00,145.50,0.020,0.010,3.0,2.594,N
BX20-020,145.50,146.50,0.020,0.017,0.5,2.620,N
BX20-020,146.50,148.50,0.020,0.126,3.3,2.637,N
BX20-020,148.50,150.00,0.335,0.081,3.9,2.620,N
BX20-020,150.00,151.00,0.020,0.174,0.5,2.605,N
BX20-020,151.00,152.00,0.020,0.010,0.5,2.647,N
BX20-020,152.00,153.00,0.052,0.136,1.8,2.630,N
BX20-020,153.00,155.00,0.846,0.432,5.9,2.624,N
BX20-020,155.00,156.00,0.020,0.010,0.5,2.576,N
BX20-020,156.00,157.00,0.020,0.010,0.5,2.663,N
BX20-020,157.00,159.00,0.020,0.210,1.4,2.641,N
BX20-020,159.00,161.00,0.020,0.187,0.5,2.550,N
BX20-020,161.00,162.50,0.064,0.072,1.1,2.632,N
BX20-020,162.50,163.50,0.538,0.244,3.5,2.638,N
BX20-020,163.50,165.00,0.020,0.010,0.5,2.640,N
BX20-020,165.00,166.00,0.020,0.010,0.5,2.696,Y
BX20-020,166.00,167.50,0.104,0.010,2.0,2.561,N
BX20-020,167.50,169.00,0.020,0.038,4.2,2.605,N
BX20-020,169.00,170.00,0.020,0.010,0.6,2.598,N
BX20-020,170.00,172.00,0.414,0.265,3.7,2.615,N
BX20-020,172.00,173.00,0.020,0.087,0.5,2.633,N
BX20-020,173.00,174.00,0.265,0.026,1.9,2.616,N
BX20-020,174.00,175.50,0.020,0.010,0.5,2.629,N
BX20-020,175.50,176.50,0.141,0.010,0.5,2.606,N
BX20-020,176.50,177.50,0.305,0.107,4.7,2.676,N
BX20-020,177.50,178.50,0.403,0.321,0.5,2.606,N
BX20-020,178.50,180.00,0.043,0.141,0.5,2.668,N
BX20-020,180.00,181.50,0.560,0.201,1.8,2.693,N
BX20-020,181.50,183.50,0.416,0.187,1.1,2.661,Y
BX20-020,183.50,185.50,0.035,0.060,0.5,2.625,N
BX20-020,185.50,187.50,0.150,0.033,2.7,2.612,N
BX20-020,187.50,189.00,0.504,0.085,5.9,2.681,N
BX20-020,189.00,190.00,0.866,0.316,4.6,2.657,N
BX20-020,190.00,191.00,0.920,0.396,5.9,2.663,N
BX20-020,191.00,193.00,0.020,0.010,0.5,2.582,N
BX20-020,193.00,195.00,0.020,0.144,2.8,2.597,N
BX20-020,195.00,196.50,0.161,0.204,1.9,2.642,N
BX20-020,196.50,198.00,0.586,0.205,6.5,2.655,N
BX20-020,198.00,199.00,0.506,0.010,3.5,2.650,N
BX20-020,199.00,200.50,0.020,0.010,1.8,2.625,N
BX20-020,200.50,201.50,0.057,0.173,2.0,2.637,N
BX20-020,201.50,203.50,0.920,0.388,7.3,2.651,N
BX20-020,203.50,204.50,0.056,0.076,0.5,2.572,N
BX20-020,204.50,206.00,0.093,0.103,0.5,2.661,N
BX20-020,206.00,208.00,0.893,0.314,4.7,2.657,N
BX20-020,208.00,209.50,0.195,0.106,3.0,2.640,N
BX20-020,209.50,211.50,0.287,0.156,0.5,2.675,N
BX20-020,211.50,213.00,0.700,0.140,4.1,2.707,N
BX20-020,213.00,215.00,0.690,0.046,3.1,2.659,N
BX20-020,215.00,217.00,0.261,0.124,3.6,2.632,N
BX20-020,217.00,218.00,0.444,0.234,4.2,2.692,N
BX20-020,218.00,219.50,0.640,0.180,1.4,2.624,N
BX20-020,219.50,221.50,0.310,0.010,1.5,2.680,N
BX20-020,221.50,223.50,0.785,0.402,4.6,2.646,N
BX20-020,223.50,224.50,0.834,0.292,5.6,2.652,Y
BX20-020,224.50,225.50,1.174,0.476,8.2,2.713,N
BX20-020,225.50,226.50,0.243,0.010,1.3,2.620,N
BX20-020,226.50,227.50,0.148,0.016,0.5,2.600,N
BX20-020,227.50,229.50,0.456,0.226,0.5,2.668,N
BX20-020,229.50,231.50,0.465,0.449,0.5,2.673,N
BX20-020,231.50,233.50,0.965,0.420,5.5,2.658,N
BX20-020,233.50,234.50,1.065,0.433,4.7,2.649,N
BX20-020,234.50,236.50,0.688,0.121,5.9,2.642,N
BX20-020,236.50,238.50,0.581,0.196,1.8,2.641,N
BX20-020,238.50,240.00,0.904,0.338,4.3,2.706,N
BX20-020,240.00,241.50,0.960,0.437,5.9,2.655,N
BX20-020,241.50,243.50,1.507,0.525,8.9,2.662,N
BX20-020,243.50,245.00,1.529,0.655,6.9,2.746,N
BX20-020,245.00,246.50,1.332,0.547,5.2,2.701,N
BX20-020,246.50,248.00,2.004,0.678,12.9,2.782,N
BX20-020,248.00,249.50,1.429,0.634,7.9,2.713,N
BX20-020,249.50,250.50,1.555,0.722,10.8,2.731,Y
BX20-020,250.50,252.00,1.879,0.784,9.9,2.726,N
BX20-020,252.00,253.50,1.520,0.620,7.0,2.745,N
BX20-020,253.50,254.50,1.735,0.589,8.5,2.783,N
BX20-020,254.50,256.00,1.580,0.509,10.0,2.755,N
BX20-020,256.00,257.50,1.462,0.355,8.7,2.728,N
BX20-020,257.50,258.50,2.447,0.861,14.6,2.804,N
BX20-020,258.50,260.00,1.178,0.544,7.9,2.704,N
BX20-020,260.00,261.50,2.116,0.601,12.0,2.800,N
BX20-020,261.50,262.00,1.963,0.677,10.7,2.707,Y
BX21-021,0.00,2.00,1.014,0.248,8.5,2.676,N
BX21-021,2.00,3.50,1.812,0.591,11.9,2.731,N
BX21-021,3.50,5.50,1.269,0.397,6.3,2.698,N
BX21-021,5.50,7.00,1.101,0.490,5.9,2.676,N
BX21-021,7.00,9.00,0.814,0.344,6.5,2.655,N
BX21-021,9.00,11.00,1.247,0.396,6.8,2.651,N
BX21-021,11.00,12.50,1.294,0.545,7.7,2.715,N
BX21-021,12.50,13.50,1.079,0.392,7.7,2.698,N
BX21-021,13.50,14.50,1.347,0.480,9.7,2.693,N
BX21-021,14.50,15.50,0.811,0.229,8.6,2.687,N
BX21-021,15.50,16.50,0.837,0.290,4.5,2.687,Y
BX21-021,16.50,17.50,1.076,0.290,11.0,2.656,N
BX21-021,17.50,18.50,0.676,0.307,5.1,2.705,N
BX21-021,18.50,19.50,1.086,0.288,5.1,2.656,N
BX21-021,19.50,21.00,0.854,0.311,5.7,2.673,N
BX21-021,21.00,22.50,0.546,0.247,4.1,2.657,N
BX21-021,22.50,24.50,1.031,0.417,9.1,2.626,N
BX21-021,24.50,25.50,1.124,0.481,6.8,2.691,N
BX21-021,25.50,27.00,0.685,0.240,6.0,2.597,Y
BX21-021,27.00,28.00,1.070,0.433,3.6,2.725,N
BX21-021,28.00,29.00,0.020,0.038,0.5,2.634,N
BX21-021,29.00,31.00,1.084,0.253,7.6,2.701,N
BX21-021,31.00,32.50,0.746,0.259,6.1,2.642,N
BX21-021,32.50,34.50,0.396,0.117,3.9,2.613,N
BX21-021,34.50,36.50,0.282,0.010,0.5,2.612,N
BX21-021,36.50,37.50,0.599,0.200,3.1,2.680,N
BX21-021,37.50,39.50,0.854,0.427,5.3,2.709,N
BX21-021,39.50,41.50,1.018,0.281,4.3,2.647,N
BX21-021,41.50,42.50,0.159,0.147,0.5,2.621,N
BX21-021,42.50,43.50,0.327,0.182,3.7,2.640,N
BX21-021,43.50,44.50,0.915,0.287,4.2,2.680,N
BX21-021,44.50,45.50,0.141,0.094,1.1,2.607,N
BX21-021,45.50,46.50,0.659,0.218,4.2,2.669,N
BX21-021,46.50,48.00,0.494,0.012,0.9,2.669,N
BX21-021,48.00,49.50,0.444,0.214,2.4,2.625,N
BX21-021,49.50,50.50,0.488,0.159,7.4,2.667,N
BX21-021,50.50,51.50,0.416,0.200,1.3,2.636,N
BX21-021,51.50,53.00,1.039,0.296,8.1,2.691,N
BX21-021,53.00,54.00,1.163,0.394,3.8,2.724,N
BX21-021,54.00,56.00,0.652,0.136,3.8,2.697,N
BX21-021,56.00,57.00,0.356,0.254,2.1,2.630,N
BX21-021,57.00,58.50,0.773,0.503,1.5,2.620,N
BX21-021,58.50,60.50,0.020,0.010,0.5,2.641,N
BX21-021,60.50,61.50,1.139,0.566,5.4,2.679,Y
BX21-021,61.50,63.50,0.571,0.261,3.6,2.662,N
BX21-021,63.50,65.00,0.138,0.059,0.5,2.630,N
BX21-021,65.00,66.50,0.390,0.010,0.5,2.693,N
BX21-021,66.50,67.50,0.512,0.393,5.5,2.622,N
BX21-021,67.50,68.50,0.020,0.010,2.1,2.667,Y
BX21-021,68.50,70.50,0.020,0.028,0.5,2.618,N
BX21-021,70.50,72.50,0.101,0.225,0.5,2.635,N
BX21-021,72.50,74.00,0.257,0.076,2.8,2.636,N
BX21-021,74.00,76.00,0.266,0.080,0.5,2.594,N
BX21-021,76.00,77.50,0.531,0.300,0.5,2.657,N
BX21-021,77.50,79.50,0.295,0.164,0.5,2.560,N
BX21-021,79.50,81.50,0.465,0.206,2.2,2.667,N
BX21-021,81.50,83.00,0.366,0.049,2.7,2.651,N
BX21-021,83.00,84.50,0.800,0.238,2.4,2.711,N
BX21-021,84.50,85.50,0.301,0.153,3.2,2.630,N
BX21-021,85.50,86.50,0.020,0.010,0.7,2.676,N
BX21-021,86.50,87.50,0.020,0.013,0.5,2.605,N
BX21-021,87.50,89.50,0.020,0.021,1.8,2.578,N
BX21-021,89.50,91.50,0.099,0.010,0.5,2.611,N
BX21-021,91.50,92.50,0.267,0.152,0.5,2.651,N
BX21-021,92.50,94.50,0.020,0.040,0.5,2.620,N
BX21-021,94.50,96.00,0.280,0.152,1.5,2.616,N
BX21-021,96.00,97.00,0.020,0.010,0.5,2.627,N
BX21-021,97.00,98.00,0.348,0.168,0.5,2.655,N
BX21-021,98.00,99.00,0.620,0.380,1.1,2.594,N
BX21-021,99.00,100.50,0.103,0.010,3.2,2.634,N
BX21-021,100.50,101.50,0.020,0.045,0.5,2.623,N
BX21-021,101.50,103.00,0.020,0.058,0.5,2.633,N
BX21-021,103.00,104.50,0.627,0.207,4.6,2.634,Y
BX21-021,104.50,106.50,0.064,0.010,0.8,2.594,N
BX21-021,106.50,108.00,0.511,0.257,3.9,2.599,N
BX21-021,108.00,110.00,0.020,0.010,1.3,2.605,N
BX21-021,110.00,111.00,0.435,0.114,0.5,2.653,N
BX21-021,111.00,112.00,0.020,0.010,2.0,2.637,N
BX21-021,112.00,113.50,0.020,0.010,2.2,2.641,N
BX21-021,113.50,114.50,0.485,0.125,4.0,2.694,N
BX21-021,114.50,116.50,0.513,0.230,1.1,2.647,N
BX21-021,116.50,117.50,0.020,0.010,0.5,2.676,N
BX21-021,117.50,119.50,0.141,0.216,0.5,2.652,N
BX21-021,119.50,120.50,0.297,0.190,0.5,2.688,N
BX21-021,120.50,121.50,0.299,0.150,2.4,2.726,N
BX21-021,121.50,122.50,0.020,0.010,1.2,2.609,N
BX21-021,122.50,124.50,0.020,0.076,4.2,2.597,N
BX21-021,124.50,125.50,0.344,0.147,4.0,2.679,N
BX21-021,125.50,127.50,0.020,0.061,0.5,2.663,N
BX21-021,127.50,128.50,0.020,0.046,0.6,2.663,N
BX21-021,128.50,130.00,0.276,0.143,0.5,2.667,N
BX21-021,130.00,132.00,0.269,0.052,1.4,2.640,N
BX21-021,132.00,133.00,0.520,0.221,4.4,2.631,N
BX21-021,133.00,134.00,0.385,0.027,3.7,2.611,N
BX21-022,0.00,1.00,3.718,1.197,23.0,2.897,N
BX21-022,1.00,2.50,3.815,1.318,23.6,2.866,N
BX21-022,2.50,3.50,3.264,1.085,13.9,2.726,N
BX21-022,3.50,4.50,3.485,1.171,19.3,2.804,N
BX21-022,4.50,5.50,3.786,1.320,22.1,2.850,N
BX21-022,5.50,6.50,2.820,1.118,14.7,2.768,N
BX21-022,6.50,8.50,3.159,1.212,18.9,2.832,N
BX21-022,8.50,9.50,2.975,0.985,18.3,2.769,N
BX21-022,9.50,10.50,3.009,1.023,21.2,2.784,N
BX21-022,10.50,11.50,2.884,1.014,17.7,2.815,N
BX21-022,11.50,12.50,3.295,1.085,20.3,2.809,N
BX21-022,12.50,13.50,3.659,1.205,22.9,2.851,N
BX21-022,13.50,15.00,2.878,0.889,14.7,2.791,N
BX21-022,15.00,16.00,2.703,1.089,16.7,2.804,N
BX21-022,16.00,18.00,3.269,1.153,20.1,2.824,N
BX21-022,18.00,19.00,2.456,0.766,16.3,2.786,N
BX21-022,19.00,21.00,1.854,0.623,9.3,2.790,N
BX21-022,21.00,22.50,2.046,0.826,13.8,2.801,N
BX21-022,22.50,23.50,2.256,0.662,17.8,2.701,N
BX21-022,23.50,24.50,1.856,0.627,13.3,2.730,N
BX21-022,24.50,25.50,2.019,0.567,14.7,2.708,N
BX21-022,25.50,26.50,1.464,0.626,10.1,2.723,N
BX21-022,26.50,27.50,1.884,0.734,13.8,2.674,N
BX21-022,27.50,28.50,1.896,0.625,10.8,2.754,N
BX21-022,28.50,30.00,1.228,0.513,8.1,2.685,N
BX21-022,30.00,31.50,1.729,0.614,10.8,2.706,N
BX21-022,31.50,33.00,0.977,0.298,2.4,2.672,N
BX21-022,33.00,34.00,1.655,0.536,11.1,2.701,N
BX21-022,34.00,35.50,1.333,0.566,4.3,2.677,N
BX21-022,35.50,37.00,1.133,0.436,9.4,2.701,N
BX21-022,37.00,38.00,0.951,0.200,5.2,2.727,N
BX21-022,38.00,40.00,0.810,0.335,7.1,2.634,N
BX21-022,40.00,42.00,0.977,0.302,4.0,2.691,N
BX21-022,42.00,43.00,0.758,0.277,3.2,2.651,N
BX21-022,43.00,44.50,1.344,0.451,7.8,2.707,N
BX21-022,44.50,45.50,0.892,0.202,4.8,2.725,N
BX21-022,45.50,46.50,0.766,0.089,5.7,2.671,N
BX21-022,46.50,48.50,0.438,0.053,4.3,2.649,N
BX21-022,48.50,49.50,0.943,0.036,8.3,2.706,N
BX21-022,49.50,51.00,0.165,0.080,1.9,2.605,N
BX21-022,51.00,52.50,0.534,0.256,4.2,2.663,N
BX21-022,52.50,53.50,0.354,0.018,1.6,2.663,N
BX21-022,53.50,54.50,0.694,0.228,3.8,2.662,N
BX21-022,54.50,55.50,0.698,0.348,7.0,2.681,N
BX21-022,55.50,57.00,0.943,0.374,5.3,2.734,N
BX21-022,57.00,59.00,0.418,0.155,2.8,2.649,N
BX21-022,59.00,61.00,0.572,0.338,3.9,2.634,N
BX21-022,61.00,62.00,1.043,0.261,7.1,2.741,N
BX21-022,62.00,63.50,0.733,0.211,3.8,2.695,N
BX21-022,63.50,64.50,0.311,0.010,0.5,2.662,N
BX21-022,64.50,66.00,0.232,0.077,0.5,2.611,N
BX21-022,66.00,68.00,0.423,0.134,3.7,2.632,N
BX21-022,68.00,69.00,0.275,0.045,3.7,2.607,N
BX21-022,69.00,70.00,0.020,0.010,0.9,2.643,N
BX21-022,70.00,71.50,0.020,0.010,0.5,2.630,N
BX21-022,71.50,72.50,0.334,0.188,2.5,2.622,N
BX21-022,72.50,74.50,0.020,0.021,1.2,2.612,N
BX21-022,74.50,75.50,0.678,0.156,0.5,2.663,N
BX21-022,75.50,77.00,0.099,0.010,0.5,2.585,N
BX21-022,77.00,78.50,0.250,0.114,2.1,2.620,N
BX21-022,78.50,80.00,0.345,0.080,0.5,2.563,N
BX21-022,80.00,81.50,0.186,0.052,0.5,2.622,N
BX21-022,81.50,83.50,0.803,0.343,5.1,2.711,N
BX21-022,83.50,84.50,0.020,0.010,0.5,2.625,N
BX21-022,84.50,86.50,0.020,0.073,0.5,2.629,N
BX21-022,86.50,88.50,0.868,0.397,5.0,2.685,N
BX21-022,88.50,89.50,0.201,0.110,0.5,2.607,N
BX21-022,89.50,90.50,0.552,0.117,2.3,2.674,N
BX21-022,90.50,91.50,0.751,0.339,4.5,2.724,N
BX21-022,91.50,93.00,0.127,0.113,0.5,2.610,N
BX21-022,93.00,94.00,0.434,0.153,1.9,2.627,N
BX21-022,94.00,95.00,0.147,0.010,0.5,2.636,N
BX21-022,95.00,96.00,0.020,0.010,0.9,2.622,N
BX21-022,96.00,97.00,0.150,0.084,0.5,2.657,N
BX21-022,97.00,98.00,0.235,0.154,3.8,2.615,N
BX21-022,98.00,99.50,0.169,0.187,1.4,2.689,N
BX21-022,99.50,101.00,0.020,0.010,2.6,2.614,N
BX21-022,101.00,103.00,0.020,0.117,0.5,2.624,N
BX21-022,103.00,104.00,0.020,0.011,0.5,2.656,N
BX21-022,104.00,105.50,0.670,0.274,2.8,2.692,N
BX21-022,105.50,107.50,0.020,0.162,1.6,2.623,N
BX21-022,107.50,109.00,0.020,0.115,0.5,2.652,N
BX21-022,109.00,111.00,0.020,0.010,0.5,2.628,N
BX21-022,111.00,112.00,0.020,0.010,3.7,2.623,N
BX21-022,112.00,113.50,0.020,0.059,0.5,2.629,N
BX21-022,113.50,115.00,0.020,0.010,0.5,2.647,N
BX21-022,115.00,116.00,0.020,0.010,0.5,2.651,N
BX21-022,116.00,118.00,0.147,0.198,2.7,2.674,N
BX21-022,118.00,119.50,0.020,0.057,0.5,2.628,N
BX21-022,119.50,121.00,0.020,0.051,0.5,2.583,N
BX21-022,121.00,123.00,0.124,0.038,0.8,2.610,N
BX21-022,123.00,124.00,0.020,0.181,0.5,2.657,N
BX21-022,124.00,125.00,0.020,0.063,0.5,2.582,N
BX21-022,125.00,126.00,0.020,0.177,2.1,2.651,N
BX21-022,126.00,128.00,0.020,0.010,1.2,2.648,N
BX21-022,128.00,129.00,0.020,0.262,0.5,2.624,N
BX21-022,129.00,130.00,0.447,0.113,4.1,2.694,N
BX21-022,130.00,131.00,0.020,0.010,0.5,2.593,N
BX21-022,131.00,132.00,0.020,0.046,3.2,2.626,N
BX21-022,132.00,134.00,0.114,0.010,0.5,2.603,N
BX21-022,134.00,136.00,0.020,0.066,3.6,2.648,N
BX21-022,136.00,137.50,0.020,0.099,1.3,2.621,N
BX21-022,137.50,139.00,0.020,0.010,0.5,2.594,Y
BX21-022,139.00,140.00,0.020,0.091,0.8,2.599,N
BX21-022,140.00,141.50,0.020,0.061,0.5,2.657,Y
BX21-022,141.50,142.50,0.020,0.226,0.5,2.630,Y
BX21-022,142.50,143.50,0.020,0.010,0.5,2.595,N
BX21-022,143.50,145.00,0.020,0.027,1.9,2.596,N
BX21-022,145.00,146.50,0.020,0.160,1.5,2.597,N
BX21-022,146.50,147.50,0.036,0.010,0.5,2.631,N
BX21-022,147.50,148.50,0.020,0.069,0.6,2.606,N
BX21-022,148.50,149.50,1.023,0.286,8.4,2.718,N
BX21-022,149.50,150.50,0.020,0.065,0.5,2.603,N
BX21-022,150.50,152.00,0.020,0.108,2.2,2.656,N
BX21-022,152.00,154.00,0.070,0.097,3.0,2.677,N
BX21-022,154.00,155.00,0.275,0.203,1.3,2.676,N
BX21-022,155.00,156.50,0.708,0.280,1.1,2.642,N
BX21-022,156.50,158.00,0.020,0.208,0.5,2.583,N
BX21-022,158.00,159.00,0.046,0.251,1.4,2.645,N
BX21-022,159.00,160.00,0.020,0.010,0.5,2.574,N
BX21-022,160.00,161.50,0.034,0.077,1.7,2.627,N
BX21-022,161.50,163.00,0.077,0.010,0.5,2.587,N
BX21-022,163.00,165.00,0.154,0.064,1.9,2.660,N
BX21-022,165.00,167.00,0.327,0.143,2.2,2.635,N
BX21-022,167.00,168.00,0.020,0.064,0.6,2.610,N
BX21-022,168.00,170.00,0.059,0.010,1.2,2.626,N
BX21-022,170.00,172.00,0.041,0.123,0.5,2.623,N
BX21-022,172.00,173.00,0.020,0.010,0.5,2.623,N
BX21-022,173.00,174.00,0.599,0.172,3.6,2.668,N
BX21-022,174.00,175.00,0.488,0.161,0.5,2.606,N
BX21-022,175.00,176.50,0.020,0.010,1.4,2.623,N
BX21-022,176.50,177.50,0.020,0.133,2.8,2.608,N
BX21-022,177.50,179.50,0.020,0.076,0.5,2.608,N
BX21-022,179.50,181.50,0.020,0.064,0.5,2.703,N
BX21-022,181.50,182.50,0.020,0.146,0.5,2.658,N
BX21-022,182.50,184.50,0.020,0.010,1.3,2.649,N
BX21-022,184.50,185.50,0.067,0.204,2.7,2.601,N
BX21-022,185.50,187.00,0.020,0.010,0.5,2.590,N
BX21-022,187.00,188.00,0.020,0.036,0.5,2.578,N
BX21-022,188.00,189.50,0.020,0.010,2.1,2.589,N
BX21-022,189.50,191.50,0.020,0.110,0.5,2.591,N
BX21-022,191.50,192.50,0.299,0.168,5.6,2.613,N
BX21-022,192.50,194.50,0.258,0.128,4.4,2.665,N
BX21-022,194.50,195.50,0.020,0.033,0.5,2.660,N
BX21-022,195.50,196.50,0.020,0.050,0.5,2.588,N
BX21-022,196.50,197.50,0.022,0.010,0.5,2.588,N
BX21-022,197.50,198.50,0.291,0.149,4.4,2.613,N
BX21-022,198.50,199.50,0.310,0.015,0.5,2.604,N
BX21-022,199.50,201.50,0.106,0.049,3.1,2.630,N
BX21-022,201.50,203.00,0.020,0.010,2.7,2.624,N
BX21-022,203.00,204.00,0.020,0.010,0.5,2.634,N
BX21-022,204.00,205.00,0.020,0.010,0.9,2.587,N
BX21-022,205.00,206.00,0.394,0.089,6.9,2.668,N
BX21-022,206.00,207.00,0.149,0.067,0.5,2.615,N
BX21-022,207.00,208.50,0.296,0.084,0.5,2.644,N
BX21-022,208.50,210.00,0.093,0.010,0.5,2.606,N
BX21-022,210.00,212.00,0.020,0.010,0.5,2.637,N
BX21-022,212.00,213.50,0.188,0.160,2.3,2.585,N
BX21-022,213.50,214.50,0.379,0.147,1.8,2.672,N
BX21-022,214.50,216.00,0.020,0.052,0.5,2.610,N
BX21-022,216.00,217.50,0.020,0.018,0.5,2.596,N
BX21-022,217.50,219.50,0.146,0.166,1.8,2.640,N
BX21-022,219.50,221.00,0.020,0.149,0.5,2.651,N
BX21-022,221.00,222.00,0.020,0.121,0.5,2.612,N
BX21-022,222.00,224.00,0.591,0.233,6.5,2.674,N
BX21-022,224.00,225.50,0.020,0.010,0.5,2.631,N
BX21-022,225.50,227.50,0.020,0.016,0.5,2.641,Y
BX21-022,227.50,229.00,0.020,0.107,2.3,2.612,N
BX21-022,229.00,230.50,0.020,0.234,3.0,2.637,N
BX21-022,230.50,231.50,0.127,0.056,1.6,2.669,N
BX21-022,231.50,232.50,0.020,0.220,0.7,2.643,N
BX21-022,232.50,234.50,0.374,0.262,1.5,2.625,N
BX21-022,234.50,236.50,0.155,0.019,3.0,2.639,N
BX21-022,236.50,238.50,0.063,0.044,0.5,2.646,N
BX21-022,238.50,239.50,0.189,0.064,0.5,2.612,N
BX21-022,239.50,240.50,0.020,0.033,0.5,2.586,N
BX21-022,240.50,242.00,0.020,0.091,0.5,2.623,N
BX21-023,0.00,1.00,8.808,3.056,49.6,3.116,N
BX21-023,1.00,2.50,7.808,2.721,47.5,3.077,N
BX21-023,2.50,4.00,8.086,2.712,51.6,3.100,N
BX21-023,4.00,5.00,8.094,2.841,48.8,3.093,N
BX21-023,5.00,7.00,7.885,2.586,48.0,3.076,N
BX21-023,7.00,8.00,8.342,2.894,49.4,3.100,N
BX21-023,8.00,9.00,8.135,2.967,48.0,3.061,N
BX21-023,9.00,10.00,7.763,2.776,48.0,3.056,N
BX21-023,10.00,12.00,8.320,3.003,50.6,3.088,N
BX21-023,12.00,13.00,8.413,2.983,49.6,3.095,N
BX21-023,13.00,14.00,7.912,2.886,47.2,3.039,N
BX21-023,14.00,16.00,8.858,3.138,52.0,3.068,N
BX21-023,16.00,17.00,8.518,3.034,49.0,3.151,N
BX21-023,17.00,18.00,8.866,3.161,55.7,3.112,N
BX21-023,18.00,20.00,7.874,2.663,47.1,3.059,N
BX21-023,20.00,21.00,8.525,2.965,50.8,3.105,N
BX21-023,21.00,22.50,7.990,2.835,48.5,3.101,N
BX21-023,22.50,24.00,8.340,2.969,50.4,3.110,N
BX21-023,24.00,25.00,8.374,2.910,49.8,3.097,N
BX21-023,25.00,26.00,8.088,2.702,43.2,3.092,N
BX21-023,26.00,28.00,8.195,2.866,47.6,3.099,N
BX21-023,28.00,29.00,8.145,3.081,49.8,3.104,N
BX21-023,29.00,30.00,8.698,2.964,52.2,3.092,N
BX21-023,30.00,31.50,8.425,2.880,46.8,3.120,N
BX21-023,31.50,32.50,8.716,2.902,49.5,3.045,N
BX21-023,32.50,33.50,8.063,2.884,42.7,3.116,N
BX21-023,33.50,34.50,8.383,2.787,53.4,3.102,N
BX21-023,34.50,36.50,7.874,2.790,49.1,3.123,N
BX21-023,36.50,38.50,8.074,2.721,49.0,3.047,N
BX21-023,38.50,39.50,7.884,2.831,45.2,3.159,N
BX21-023,39.50,40.50,7.581,2.687,42.2,3.068,N
BX21-023,40.50,42.50,7.813,2.679,45.9,3.090,N
BX21-023,42.50,43.50,7.682,2.568,46.5,3.118,N
BX21-023,43.50,44.50,7.844,2.713,46.5,3.095,N
BX21-023,44.50,46.00,7.890,2.852,48.8,3.104,N
BX21-023,46.00,47.00,7.911,2.651,48.0,3.088,N
BX21-023,47.00,48.00,8.023,2.946,52.1,3.136,N
BX21-023,48.00,50.00,8.281,2.876,50.2,3.110,N
BX21-023,50.00,52.00,8.204,2.938,49.9,3.105,N
BX21-023,52.00,53.00,8.506,2.930,50.0,3.103,N
BX21-023,53.00,54.00,8.338,3.032,50.5,3.103,N
BX21-023,54.00,55.00,8.412,2.855,50.8,3.136,N
BX21-023,55.00,56.00,7.418,2.697,48.0,3.092,N
BX21-023,56.00,57.00,7.756,2.631,44.7,3.103,N
BX21-023,57.00,58.00,7.989,2.876,48.9,3.100,N
BX21-023,58.00,59.00,8.327,2.687,54.8,3.087,N
BX21-023,59.00,61.00,7.601,2.575,47.8,3.039,N
BX21-023,61.00,62.50,7.964,2.822,47.5,3.120,N
BX21-023,62.50,64.50,7.547,2.700,41.8,3.087,N
BX21-023,64.50,66.50,8.517,3.017,52.0,3.084,N
BX21-023,66.50,68.50,8.177,3.043,49.2,3.161,N
BX21-023,68.50,69.50,7.809,2.727,46.6,3.106,Y
BX21-023,69.50,71.50,7.829,2.621,46.9,3.097,N
BX21-023,71.50,72.50,8.241,2.802,49.2,3.106,N
BX21-023,72.50,74.50,8.264,3.019,44.0,3.172,N
BX21-023,74.50,75.50,7.966,2.768,45.9,3.092,N
BX21-023,75.50,76.50,8.239,2.940,48.0,3.140,N
BX21-023,76.50,78.00,7.677,2.743,47.9,3.077,N
BX21-023,78.00,79.00,7.220,2.483,42.8,3.078,N
BX21-023,79.00,81.00,7.568,2.633,43.1,3.039,N
BX21-023,81.00,82.50,8.331,2.806,51.6,3.125,N
BX21-023,82.50,84.50,7.887,2.889,49.4,3.093,N
BX21-023,84.50,85.50,7.575,2.617,46.7,3.102,N
BX21-023,85.50,87.50,7.950,2.829,49.0,3.062,N
BX21-023,87.50,88.50,7.711,2.676,49.1,3.059,N
BX21-023,88.50,90.50,7.511,2.766,44.5,3.086,N
BX21-023,90.50,91.50,7.499,2.659,45.5,3.062,N
BX21-023,91.50,93.00,7.160,2.545,40.3,3.078,N
BX21-023,93.00,94.00,7.565,2.711,43.6,3.008,N
BX21-023,94.00,95.50,7.706,2.679,46.5,3.116,N
BX21-023,95.50,97.50,7.634,2.844,42.6,3.034,N
BX21-023,97.50,99.00,7.603,2.671,43.4,3.073,N
BX21-023,99.00,101.00,7.786,2.818,49.3,3.060,N
BX21-023,101.00,102.50,7.086,2.384,40.5,3.028,N
BX21-023,102.50,104.50,7.620,2.534,44.3,3.095,N
BX21-023,104.50,106.00,7.283,2.483,43.0,3.069,N
BX21-023,106.00,108.00,7.436,2.610,43.2,3.072,N
BX21-023,108.00,109.50,7.296,2.704,43.6,3.022,N
BX21-023,109.50,110.50,7.549,2.641,49.1,3.056,N
BX21-023,110.50,111.50,7.759,2.773,44.5,3.070,N
BX21-023,111.50,112.50,8.059,2.782,48.3,3.064,N
BX21-023,112.50,114.50,7.859,2.624,46.8,3.061,N
BX21-023,114.50,116.50,8.123,2.831,47.2,3.094,N
BX21-023,116.50,117.50,7.673,2.589,47.8,3.040,N
BX21-023,117.50,118.50,7.207,2.608,44.1,3.031,N
BX21-023,118.50,119.50,7.148,2.582,45.6,3.093,N
BX21-023,119.50,120.50,7.948,2.794,48.0,3.106,N
BX21-023,120.50,121.50,7.361,2.618,45.7,3.058,N
BX21-023,121.50,122.50,6.743,2.473,41.7,2.992,N
BX21-023,122.50,124.00,7.742,2.652,43.2,3.114,Y
BX21-023,124.00,125.00,7.734,2.625,48.4,3.130,N
BX21-023,125.00,127.00,7.217,2.592,43.2,2.994,N
BX21-023,127.00,128.00,7.825,2.592,47.5,3.101,N
BX21-023,128.00,129.00,7.086,2.317,43.7,3.074,N
BX21-023,129.00,130.50,7.147,2.388,45.2,3.094,N
BX21-023,130.50,131.50,7.535,2.541,39.7,3.081,N
BX21-023,131.50,133.00,7.631,2.555,48.2,3.121,N
BX21-023,133.00,135.00,7.167,2.645,46.3,2.994,N
BX21-023,135.00,136.00,7.686,2.694,44.1,3.054,N
BX21-023,136.00,137.00,6.771,2.417,41.6,3.091,N
BX21-023,137.00,138.00,7.859,2.776,47.1,3.073,N
BX21-023,138.00,139.00,7.100,2.444,41.7,3.083,N
BX21-023,139.00,140.50,7.351,2.525,44.6,3.078,N
BX21-023,140.50,142.00,7.770,2.848,44.7,3.088,N
BX21-023,142.00,144.00,6.801,2.263,38.7,3.042,N
BX21-023,144.00,145.00,7.023,2.358,42.6,3.056,N
BX21-023,145.00,146.00,7.427,2.442,43.8,3.080,N
BX21-023,146.00,147.00,6.962,2.664,43.7,3.037,N
BX21-023,147.00,148.50,6.999,2.432,41.5,3.068,N
BX21-023,148.50,150.50,7.185,2.386,40.6,3.043,N
BX21-023,150.50,152.00,7.378,2.598,42.0,3.076,N
BX21-023,152.00,153.50,7.240,2.584,46.2,3.039,N
BX21-023,153.50,155.50,6.618,2.401,38.7,3.036,N
BX21-023,155.50,157.00,7.315,2.625,43.8,3.122,N
BX21-023,157.00,158.50,6.429,2.328,35.2,2.971,N
BX21-023,158.50,159.50,6.941,2.604,41.1,3.037,N
BX21-023,159.50,160.50,6.473,2.287,39.3,2.960,N
BX21-023,160.50,162.00,6.793,2.377,38.5,2.970,N
BX21-023,162.00,163.00,7.307,2.665,39.6,3.073,N
BX21-023,163.00,164.00,7.262,2.681,46.9,3.066,N
BX21-023,164.00,165.00,6.998,2.577,43.9,3.048,N
BX21-023,165.00,166.00,7.653,2.822,46.6,3.094,N
BX21-023,166.00,167.00,7.384,2.551,44.2,3.073,N
BX21-023,167.00,168.00,7.500,2.731,41.7,3.083,N
BX21-023,168.00,170.00,6.572,2.309,39.4,3.064,N
BX21-023,170.00,171.00,7.427,2.763,47.4,3.055,N
BX21-023,171.00,173.00,6.728,2.472,38.0,2.991,N
BX21-023,173.00,174.00,7.013,2.449,43.2,3.060,N
BX21-023,174.00,175.50,6.927,2.488,43.0,2.998,N
BX21-023,175.50,176.50,6.356,2.293,37.9,3.015,N
BX21-023,176.50,177.50,6.344,2.388,34.5,2.958,N
BX21-023,177.50,179.50,6.521,2.329,41.8,3.050,N
BX21-023,179.50,181.50,7.331,2.603,45.3,3.055,N
BX21-023,181.50,183.50,6.411,2.396,38.9,3.063,N
BX21-023,183.50,184.50,6.732,2.262,39.9,3.004,N
BX21-023,184.50,186.50,6.859,2.551,42.5,3.005,N
BX21-023,186.50,187.50,7.423,2.385,42.9,3.076,N
BX21-023,187.50,188.00,7.203,2.445,43.2,3.079,N
BX21-024,0.00,2.00,6.964,2.555,40.1,3.029,N
BX21-024,2.00,3.00,6.683,2.469,37.9,3.044,N
BX21-024,3.00,4.00,7.332,2.431,44.0,3.083,N
BX21-024,4.00,6.00,7.538,2.503,43.9,3.114,N
BX21-024,6.00,7.00,7.431,2.729,43.3,3.091,N
BX21-024,7.00,8.00,7.343,2.475,47.0,3.073,N
BX21-024,8.00,9.00,7.159,2.602,40.1,3.034,N
BX21-024,9.00,10.00,7.482,2.534,43.1,3.094,N
BX21-024,10.00,11.50,7.350,2.526,42.5,3.083,N
BX21-024,11.50,12.50,7.013,2.407,42.4,3.050,N
BX21-024,12.50,13.50,7.766,2.688,46.1,3.098,N
BX21-024,13.50,14.50,7.971,2.760,46.9,3.139,N
BX21-024,14.50,16.00,7.673,2.660,47.3,3.035,N
BX21-024,16.00,17.00,7.535,2.584,45.3,3.037,N
BX21-024,17.00,18.00,7.315,2.574,41.9,3.094,N
BX21-024,18.00,19.50,7.084,2.519,43.1,3.070,N
BX21-024,19.50,20.50,8.095,2.775,52.4,3.122,N
BX21-024,20.50,22.50,7.815,2.733,44.6,3.071,N
BX21-024,22.50,24.00,8.563,3.033,54.4,3.070,N
BX21-024,24.00,25.00,7.864,2.836,45.9,3.089,N
BX21-024,25.00,27.00,7.649,2.752,43.9,3.085,N
BX21-024,27.00,28.50,7.554,2.536,43.5,3.101,N
BX21-024,28.50,29.50,7.884,2.795,49.1,3.074,N
BX21-024,29.50,31.00,8.563,3.131,51.6,3.098,N
BX21-024,31.00,32.00,8.614,2.972,47.9,3.092,N
BX21-024,32.00,34.00,8.455,2.954,51.2,3.148,N
BX21-024,34.00,35.50,8.317,2.945,47.7,3.119,N
BX21-024,35.50,36.50,7.983,2.846,50.7,3.091,N
BX21-024,36.50,38.00,8.030,2.775,49.5,3.118,N
BX21-024,38.00,39.00,8.527,3.120,54.1,3.071,N
BX21-024,39.00,41.00,8.813,3.219,51.7,3.090,N
BX21-024,41.00,42.50,8.262,3.133,49.6,3.068,N
BX21-024,42.50,44.00,8.809,3.084,57.4,3.154,N
BX21-024,44.00,45.00,8.076,2.701,50.6,3.187,N
BX21-024,45.00,47.00,8.492,2.896,47.6,3.082,N
BX21-024,47.00,48.00,8.556,2.964,50.5,3.114,N
BX21-024,48.00,49.00,8.865,3.192,51.8,3.101,N
BX21-024,49.00,51.00,8.765,2.917,53.5,3.088,N
BX21-024,51.00,52.50,8.138,2.770,46.6,3.074,N
BX21-024,52.50,54.50,8.994,3.192,55.5,3.097,N
BX21-024,54.50,56.00,8.988,3.143,54.8,3.107,N
BX21-024,56.00,57.00,8.449,2.927,48.5,3.081,N
BX21-024,57.00,59.00,7.967,2.696,48.2,3.099,N
BX21-024,59.00,60.50,8.967,3.121,53.8,3.120,N
BX21-024,60.50,61.50,8.683,3.161,52.5,3.134,N
BX21-024,61.50,62.50,9.057,3.165,54.0,3.105,N
BX21-024,62.50,63.50,8.778,3.015,52.1,3.098,Y
BX21-024,63.50,64.50,8.832,3.207,51.2,3.037,N
BX21-024,64.50,66.00,8.404,2.896,52.1,3.096,N
BX21-024,66.00,67.00,8.526,2.813,53.5,3.096,N
BX21-024,67.00,68.50,9.183,3.227,55.8,3.058,N
BX21-024,68.50,70.50,8.772,3.022,51.0,3.105,N
BX21-024,70.50,71.50,8.889,3.101,53.2,3.150,N
BX21-024,71.50,73.00,9.598,3.534,54.5,3.135,N
BX21-024,73.00,74.00,8.453,2.947,53.4,3.127,N
BX21-024,74.00,75.50,8.643,3.022,52.7,3.119,N
BX21-024,75.50,77.50,8.600,3.068,51.6,3.122,N
BX21-024,77.50,78.50,8.651,3.073,54.1,3.076,N
BX21-024,78.50,80.00,8.768,3.084,52.4,3.100,Y
BX21-024,80.00,81.50,9.306,3.288,56.1,3.115,N
BX21-024,81.50,83.50,8.499,3.165,50.0,3.075,N
BX21-024,83.50,84.50,9.188,3.297,56.8,3.073,N
BX21-024,84.50,85.50,8.853,3.083,48.7,3.077,N
BX21-024,85.50,87.50,9.264,3.218,54.1,3.103,N
BX21-024,87.50,88.50,9.146,2.960,55.1,3.055,N
BX21-024,88.50,90.00,8.566,2.841,52.5,3.124,N
BX21-024,90.00,91.50,8.696,3.000,52.4,3.096,N
BX21-024,91.50,93.00,9.398,3.267,57.7,3.086,N
BX21-024,93.00,94.00,8.409,3.051,47.8,3.101,N
BX21-024,94.00,96.00,8.142,2.903,47.0,3.084,N
BX21-024,96.00,97.50,8.248,2.776,49.9,3.163,N
BX21-024,97.50,99.00,9.172,3.110,57.5,3.094,N
BX21-024,99.00,101.00,9.293,3.290,53.9,3.111,N
BX21-024,101.00,102.00,8.849,3.248,52.5,3.123,N
BX21-024,102.00,103.00,8.580,3.165,52.2,3.120,N
BX21-024,103.00,104.50,8.855,3.160,54.4,3.110,N
BX21-024,104.50,106.00,8.804,3.067,52.3,3.153,N
BX21-024,106.00,107.00,8.089,2.844,47.9,3.178,N
BX21-024,107.00,108.00,8.408,2.916,47.8,3.087,N
BX21-024,108.00,109.50,8.340,3.018,50.9,3.064,N
BX21-024,109.50,110.50,8.818,3.017,51.4,3.096,Y
BX21-024,110.50,111.50,8.600,3.089,48.3,3.093,N
BX21-024,111.50,113.50,8.761,3.067,53.2,3.078,N
BX21-024,113.50,115.00,8.097,2.746,47.4,3.106,N
BX21-024,115.00,116.50,8.982,3.266,56.8,3.126,N
BX21-024,116.50,118.50,8.433,3.061,51.2,3.089,N
BX21-024,118.50,120.00,8.321,2.852,50.0,3.050,N
BX21-024,120.00,121.00,8.242,2.998,51.1,3.097,N
BX21-024,121.00,122.50,8.268,2.787,51.5,3.096,N
BX21-024,122.50,124.00,8.096,2.748,47.0,3.142,N
BX21-024,124.00,125.00,8.297,2.834,50.3,3.090,N
BX21-024,125.00,126.00,7.839,2.763,44.8,3.053,N
BX21-024,126.00,128.00,8.374,3.063,52.1,3.095,N
BX21-024,128.00,129.00,7.796,2.594,46.3,3.074,N
BX21-024,129.00,130.50,7.560,2.659,43.8,3.064,N
BX21-024,130.50,131.50,8.418,2.887,50.9,3.157,N
BX21-024,131.50,133.00,8.192,3.068,51.0,3.097,N
BX21-024,133.00,135.00,7.690,2.732,46.3,3.131,N
BX21-024,135.00,136.00,8.024,2.846,50.5,3.108,N
BX21-024,136.00,137.00,7.272,2.534,41.4,3.063,N
BX21-024,137.00,138.50,7.437,2.552,47.3,3.094,N
BX21-024,138.50,140.50,8.161,2.839,45.8,3.092,N
BX21-024,140.50,141.00,7.435,2.634,43.0,3.064,N
BX21-025,0.00,1.50,1.917,0.624,9.4,2.751,N
BX21-025,1.50,2.50,1.698,0.685,8.4,2.726,N
BX21-025,2.50,3.50,3.071,1.106,17.4,2.810,N
BX21-025,3.50,4.50,2.789,0.977,12.9,2.793,N
BX21-025,4.50,5.50,2.409,0.721,12.7,2.764,N
BX21-025,5.50,7.50,2.932,0.912,14.9,2.834,N
BX21-025,7.50,9.50,2.668,0.940,16.0,2.801,N
BX21-025,9.50,11.50,2.928,0.822,20.4,2.755,N
BX21-025,11.50,12.50,2.432,0.774,12.1,2.745,N
BX21-025,12.50,14.50,3.252,0.982,21.3,2.784,N
BX21-025,14.50,16.00,3.329,1.177,19.4,2.834,N
BX21-025,16.00,17.00,3.503,1.178,19.5,2.854,N
BX21-025,17.00,18.00,3.242,1.103,18.5,2.791,N
BX21-025,18.00,20.00,3.308,1.405,15.1,2.803,N
BX21-025,20.00,21.00,3.488,1.079,21.1,2.839,N
BX21-025,21.00,22.00,3.799,1.389,26.2,2.871,N
BX21-025,22.00,23.00,4.003,1.376,24.6,2.880,N
BX21-025,23.00,24.50,4.374,1.491,24.7,2.859,N
BX21-025,24.50,26.50,4.464,1.601,21.4,2.885,N
BX21-025,26.50,27.50,4.659,1.599,28.8,2.839,N
BX21-025,27.50,28.50,4.115,1.259,21.1,2.850,N
BX21-025,28.50,29.50,4.438,1.588,25.0,2.907,N
BX21-025,29.50,31.00,4.866,1.719,31.7,2.953,N
BX21-025,31.00,32.00,5.377,1.684,35.1,2.957,N
BX21-025,32.00,33.00,5.393,1.932,31.2,2.932,N
BX21-025,33.00,35.00,5.045,1.740,28.5,2.923,N
BX21-025,35.00,36.00,5.562,1.897,31.8,2.911,N
BX21-025,36.00,37.00,4.836,1.492,28.8,2.881,N
BX21-025,37.00,38.50,6.136,2.132,34.3,3.015,N
BX21-025,38.50,39.50,5.593,1.936,34.3,2.904,N
BX21-025,39.50,40.50,5.624,2.015,29.1,2.964,N
BX21-025,40.50,42.00,5.834,1.951,35.2,2.914,N
BX21-025,42.00,43.00,5.878,2.011,36.5,2.981,N
BX21-025,43.00,44.50,6.262,2.219,39.6,2.983,N
BX21-025,44.50,46.00,6.330,2.069,38.0,2.949,Y
BX21-025,46.00,48.00,6.394,2.244,38.0,3.025,N
BX21-025,48.00,50.00,7.195,2.578,44.4,3.074,N
BX21-025,50.00,52.00,6.865,2.361,40.8,3.023,N
BX21-025,52.00,53.00,6.057,2.097,37.0,3.022,N
BX21-025,53.00,54.00,6.843,2.397,41.3,3.022,N
BX21-025,54.00,56.00,6.697,2.363,40.7,3.018,N
BX21-025,56.00,57.50,7.039,2.595,42.5,3.061,N
BX21-025,57.50,58.50,6.632,2.530,40.8,3.009,N
BX21-025,58.50,59.50,6.961,2.380,41.0,3.033,N
BX21-025,59.50,61.50,7.212,2.665,44.8,3.104,N
BX21-025,61.50,62.50,8.017,2.766,48.6,3.110,N
BX21-025,62.50,63.50,7.051,2.594,40.8,3.057,N
BX21-025,63.50,64.50,7.966,2.618,44.7,3.125,N
BX21-025,64.50,65.50,7.476,2.741,46.2,3.074,N
BX21-025,65.50,67.00,8.123,2.925,50.3,3.098,N
BX21-025,67.00,68.50,8.453,3.152,50.1,3.091,N
BX21-025,68.50,69.50,8.766,3.116,53.0,3.069,N
BX21-025,69.50,70.50,7.946,2.927,49.2,3.121,N
BX21-025,70.50,72.00,8.211,2.832,49.9,3.093,N
BX21-025,72.00,74.00,8.678,3.043,52.9,3.100,N
BX21-025,74.00,75.00,8.336,2.672,52.3,3.106,N
BX21-025,75.00,77.00,8.083,2.915,47.3,3.137,N
BX21-025,77.00,78.50,8.493,3.067,50.1,3.061,N
BX21-025,78.50,79.50,9.346,3.233,55.3,3.076,N
BX21-025,79.50,81.00,8.579,3.067,52.6,3.056,N
BX21-025,81.00,82.50,8.208,2.733,48.7,3.113,N
BX21-025,82.50,83.50,8.319,2.943,49.3,3.063,N
BX21-025,83.50,84.50,8.465,2.925,46.4,3.094,N
BX21-025,84.50,85.50,8.909,3.058,51.8,3.113,N
BX21-025,85.50,86.50,8.302,3.126,46.3,3.098,N
BX21-025,86.50,88.50,8.269,2.919,50.8,3.114,N
BX21-025,88.50,90.50,9.269,3.110,53.9,3.136,Y
BX21-025,90.50,92.00,8.720,3.131,51.7,3.138,N
BX21-025,92.00,93.00,9.327,3.156,53.9,3.094,N
BX21-025,93.00,94.00,8.454,2.876,54.5,3.070,N
BX21-025,94.00,96.00,8.447,2.841,51.1,3.130,N
BX21-025,96.00,97.00,9.041,3.208,53.7,3.125,N
BX21-025,97.00,99.00,9.087,3.049,52.2,3.030,N
BX21-025,99.00,100.00,8.325,2.953,52.7,3.097,N
BX21-025,100.00,102.00,9.090,3.070,54.9,3.116,N
BX21-025,102.00,103.00,8.878,3.179,54.0,3.098,N
BX21-025,103.00,104.50,8.165,2.777,49.8,3.162,N
BX21-025,104.50,105.50,8.660,2.950,51.3,3.127,N
BX21-025,105.50,107.50,8.560,3.058,51.7,3.131,N
BX21-025,107.50,108.50,8.345,2.774,47.8,3.131,N
BX21-025,108.50,109.50,8.527,3.110,49.9,3.190,N
BX21-025,109.50,111.50,7.704,2.773,46.2,3.049,N
BX21-025,111.50,113.50,7.972,2.741,47.9,3.086,N
BX21-025,113.50,114.50,7.771,2.614,51.6,3.055,N
BX21-025,114.50,115.50,8.358,2.827,51.1,3.092,N
BX21-025,115.50,116.50,7.423,2.676,40.5,3.076,N
BX21-025,116.50,117.50,7.469,2.385,43.5,3.068,N
BX21-025,117.50,119.50,8.032,2.717,46.7,3.059,N
BX21-025,119.50,120.50,7.581,2.683,44.2,3.095,N
BX21-025,120.50,122.50,7.991,2.727,47.5,3.031,N
BX21-025,122.50,124.00,7.675,2.717,47.3,3.034,N
BX21-025,124.00,125.00,7.859,2.697,46.9,3.050,N
BX21-025,125.00,126.00,7.312,2.559,42.0,3.075,N
BX21-025,126.00,127.00,7.254,2.550,44.0,3.089,N
BX21-025,127.00,128.00,7.164,2.317,43.7,3.114,N
BX21-025,128.00,129.50,6.523,2.344,39.1,2.998,N
BX21-025,129.50,130.50,6.856,2.514,41.0,2.971,N
BX21-025,130.50,132.50,6.637,2.406,41.0,3.016,N
BX21-025,132.50,134.50,6.889,2.543,39.5,3.038,N
BX21-025,134.50,136.00,5.845,1.979,36.3,3.007,Y
BX21-025,136.00,137.00,5.857,2.236,36.5,3.007,N
BX21-025,137.00,138.00,6.183,2.213,34.7,2.986,N
BX21-025,138.00,140.00,6.083,2.003,40.1,3.013,N
BX21-025,140.00,141.00,6.103,2.114,36.5,2.994,N
BX21-025,141.00,142.50,5.427,1.979,37.2,2.955,N
BX21-025,142.50,143.50,4.841,1.594,30.2,2.902,N
BX21-025,143.50,145.00,5.437,1.884,34.0,2.962,Y
BX21-025,145.00,146.00,4.897,1.691,28.1,2.951,N
BX21-025,146.00,147.50,4.693,1.782,25.8,2.902,N
BX21-025,147.50,148.50,5.110,1.757,32.5,2.915,N
BX21-025,148.50,149.50,5.273,1.887,33.4,2.929,N
BX21-025,149.50,151.00,5.036,2.024,30.3,2.867,N
BX21-025,151.00,152.00,4.927,1.546,27.4,2.916,N
BX21-025,152.00,153.00,4.464,1.791,25.6,2.892,N
BX21-025,153.00,154.00,4.584,1.618,26.0,2.857,N
BX21-025,154.00,155.50,4.387,1.404,30.4,2.852,N
BX21-025,155.50,157.50,4.327,1.643,23.9,2.893,N
BX21-025,157.50,158.50,3.793,1.196,22.3,2.829,N
BX21-025,158.50,159.50,4.477,1.601,28.2,2.857,N
BX21-025,159.50,161.00,4.203,1.415,22.5,2.857,N
BX21-025,161.00,162.00,4.077,1.373,24.7,2.850,N
BX21-025,162.00,163.50,3.460,1.385,24.2,2.812,N
BX21-025,163.50,164.50,3.849,1.357,26.2,2.900,N
BX21-025,164.50,166.00,3.850,1.512,22.7,2.832,N
BX21-025,166.00,167.00,3.189,0.854,15.3,2.786,N
BX21-025,167.00,168.00,3.253,0.975,21.1,2.748,N
BX21-025,168.00,170.00,3.209,1.115,18.9,2.808,N
BX21-025,170.00,171.00,3.843,1.367,19.0,2.828,N
BX21-025,171.00,172.00,3.106,1.109,17.9,2.789,N
BX21-025,172.00,173.00,3.094,1.140,23.4,2.827,N
BX21-025,173.00,175.00,3.155,1.191,15.8,2.815,N
BX21-025,175.00,176.00,2.471,0.813,16.6,2.747,N
BX21-025,176.00,177.00,2.021,0.809,13.9,2.787,N
BX21-025,177.00,178.00,1.927,0.758,14.2,2.736,N
BX21-025,178.00,180.00,2.101,0.882,11.5,2.767,N
BX21-025,180.00,181.00,2.385,0.923,17.1,2.739,N
BX21-025,181.00,182.00,2.450,0.961,10.8,2.737,N
BX21-025,182.00,183.50,2.056,0.682,13.2,2.754,N
BX21-025,183.50,184.50,2.137,0.698,16.6,2.790,N
BX21-025,184.50,186.50,1.668,0.629,7.1,2.702,N
BX21-025,186.50,187.50,1.895,0.613,14.4,2.725,N
BX21-025,187.50,189.50,1.692,0.629,9.5,2.691,N
BX21-025,189.50,190.50,1.829,0.551,11.3,2.729,N
BX21-025,190.50,191.50,1.523,0.585,9.1,2.722,N
BX21-025,191.50,193.00,1.413,0.433,7.1,2.697,N
BX21-025,193.00,195.00,1.498,0.501,7.6,2.744,N
BX21-025,195.00,196.50,1.759,0.585,10.7,2.754,N
BX21-025,196.50,197.50,1.657,0.714,10.1,2.682,N
BX21-025,197.50,198.50,1.404,0.672,8.3,2.706,N
BX21-025,198.50,199.50,0.977,0.212,3.3,2.702,N
BX21-025,199.50,201.00,0.503,0.190,3.7,2.661,N
BX21-025,201.00,202.50,1.627,0.464,4.4,2.747,N
BX21-025,202.50,203.50,0.486,0.010,2.4,2.688,N
BX21-025,203.50,204.50,0.852,0.379,4.5,2.650,N
BX21-025,204.50,206.50,0.696,0.019,3.8,2.629,N
BX21-025,206.50,208.00,0.641,0.050,2.4,2.653,N
BX21-025,208.00,209.00,1.305,0.624,9.0,2.652,N
BX21-025,209.00,210.00,0.704,0.178,4.2,2.633,N
BX21-025,210.00,211.00,0.956,0.271,6.3,2.723,N
BX21-025,211.00,212.00,0.628,0.194,5.0,2.585,Y
BX21-025,212.00,213.50,0.836,0.348,7.2,2.677,N
BX21-025,213.50,215.00,0.891,0.483,4.4,2.701,N
BX21-025,215.00,216.50,1.104,0.383,6.4,2.634,N
BX21-025,216.50,217.50,0.489,0.107,2.0,2.635,N
BX21-025,217.50,219.00,1.019,0.413,4.7,2.658,N
BX21-025,219.00,220.50,0.215,0.127,5.3,2.634,N
BX21-025,220.50,222.00,1.047,0.439,6.1,2.678,N
BX21-025,222.00,223.50,0.250,0.132,0.5,2.627,N
BX21-025,223.50,225.00,0.544,0.260,6.5,2.682,N
BX21-025,225.00,226.00,0.954,0.222,5.6,2.723,N
BX21-025,226.00,228.00,0.056,0.060,0.5,2.638,N
BX21-025,228.00,229.00,0.199,0.010,0.5,2.730,N
BX21-025,229.00,230.00,1.482,0.423,9.5,2.723,N
BX21-025,230.00,231.00,0.506,0.378,3.0,2.608,N
BX21-025,231.00,232.00,0.439,0.390,2.2,2.645,N
BX21-025,232.00,233.50,0.020,0.010,2.0,2.639,N
BX21-025,233.50,235.00,0.268,0.233,2.4,2.626,N
BX21-025,235.00,236.50,0.106,0.010,0.5,2.579,N
BX21-025,236.50,238.50,0.098,0.010,0.5,2.610,N
BX21-025,238.50,239.50,0.119,0.010,1.6,2.612,N
BX21-025,239.50,240.50,1.197,0.315,4.8,2.673,N
BX21-025,240.50,242.00,0.266,0.109,1.9,2.613,N
BX21-025,242.00,244.00,0.215,0.082,0.5,2.644,N
BX21-025,244.00,245.00,0.020,0.010,0.5,2.631,N
BX21-025,245.00,246.50,0.880,0.250,7.5,2.675,N
BX21-025,246.50,248.00,0.316,0.010,1.9,2.615,N
BX21-025,248.00,250.00,0.066,0.010,0.5,2.613,N
BX21-025,250.00,251.00,0.020,0.010,0.5,2.605,Y
BX21-025,251.00,252.50,0.020,0.010,0.5,2.669,N
BX21-025,252.50,253.50,0.940,0.462,7.3,2.688,N
BX21-025,253.50,254.50,0.020,0.010,2.6,2.641,N
BX21-025,254.50,256.00,0.210,0.129,0.5,2.573,N
BX21-027,0.00,1.50,0.020,0.074,0.8,2.644,Y
BX21-027,1.50,3.50,0.020,0.093,0.5,2.612,N
BX21-027,3.50,5.50,0.063,0.010,0.5,2.669,N
BX21-027,5.50,6.50,0.025,0.010,0.5,2.663,N
BX21-027,6.50,8.00,0.020,0.105,0.5,2.629,N
BX21-027,8.00,10.00,0.535,0.140,3.1,2.675,N
BX21-027,10.00,11.50,0.117,0.068,0.5,2.670,N
BX21-027,11.50,13.50,0.140,0.202,2.8,2.619,N
BX21-027,13.50,14.50,0.287,0.127,0.5,2.640,N
BX21-027,14.50,16.00,0.020,0.046,0.5,2.638,N
BX21-027,16.00,17.00,0.020,0.010,0.8,2.619,N
BX21-027,17.00,18.00,0.020,0.075,2.3,2.625,N
BX21-027,18.00,19.50,0.259,0.010,0.9,2.633,Y
BX21-027,19.50,20.50,0.054,0.092,0.5,2.623,N
BX21-027,20.50,21.50,0.020,0.141,0.5,2.675,N
BX21-027,21.50,23.00,0.020,0.010,2.4,2.580,N
BX21-027,23.00,24.50,0.020,0.010,0.5,2.651,N
BX21-027,24.50,25.50,0.241,0.010,0.9,2.612,N
BX21-027,25.50,26.50,0.020,0.147,0.5,2.592,N
BX21-027,26.50,28.50,0.345,0.010,2.6,2.621,N
BX21-027,28.50,29.50,0.020,0.010,0.5,2.645,N
BX21-027,29.50,31.50,0.140,0.167,0.5,2.617,N
BX21-027,31.50,33.00,0.110,0.035,0.5,2.617,N
BX21-027,33.00,34.50,0.020,0.010,0.5,2.655,N
BX21-027,34.50,35.50,0.020,0.010,0.5,2.610,N
BX21-027,35.50,36.50,0.053,0.070,5.0,2.609,N
BX21-027,36.50,37.50,0.302,0.277,5.7,2.650,N
BX21-027,37.50,39.50,0.020,0.239,0.5,2.642,N
BX21-027,39.50,40.50,0.020,0.042,0.5,2.633,N
BX21-027,40.50,41.50,0.541,0.121,4.0,2.634,N
BX21-027,41.50,43.50,0.020,0.219,0.5,2.578,N
BX21-027,43.50,44.50,0.020,0.010,0.5,2.607,N
BX21-027,44.50,45.50,0.138,0.241,2.7,2.646,N
BX21-027,45.50,46.50,0.513,0.349,1.2,2.609,N
BX21-027,46.50,47.50,0.510,0.345,3.6,2.677,N
BX21-027,47.50,48.50,0.020,0.067,0.5,2.560,N
BX21-027,48.50,49.50,0.020,0.022,1.8,2.616,N
BX21-027,49.50,51.00,0.020,0.068,0.5,2.600,N
BX21-027,51.00,52.00,0.020,0.010,0.5,2.621,N
BX21-027,52.00,53.00,0.020,0.044,0.5,2.624,N
BX21-027,53.00,54.00,0.020,0.010,0.5,2.654,N
BX21-027,54.00,55.00,0.020,0.010,0.6,2.593,N
BX21-027,55.00,56.00,0.198,0.010,3.5,2.578,N
BX21-027,56.00,57.00,0.020,0.010,2.7,2.620,N
BX21-027,57.00,58.50,0.165,0.025,2.2,2.628,N
BX21-027,58.50,60.00,0.629,0.035,0.5,2.651,N
BX21-027,60.00,62.00,0.866,0.488,5.6,2.645,N
BX21-027,62.00,63.00,0.585,0.223,6.0,2.706,N
BX21-027,63.00,64.00,0.551,0.094,4.1,2.658,N
BX21-027,64.00,66.00,0.530,0.147,4.1,2.633,N
BX21-027,66.00,67.00,0.298,0.134,1.6,2.642,N
BX21-027,67.00,68.50,0.020,0.146,0.5,2.665,N
BX21-027,68.50,70.00,0.091,0.121,0.5,2.574,N
BX21-027,70.00,72.00,0.020,0.018,0.5,2.620,N
BX21-027,72.00,73.00,0.020,0.072,2.7,2.652,N
BX21-027,73.00,74.00,0.020,0.010,2.1,2.629,N
BX21-027,74.00,75.50,0.020,0.111,0.5,2.635,N
BX21-027,75.50,77.50,0.020,0.010,4.4,2.619,N
BX21-027,77.50,79.00,0.020,0.139,0.5,2.620,N
BX21-027,79.00,80.00,0.020,0.010,3.5,2.626,N
BX21-027,80.00,82.00,0.020,0.010,2.4,2.602,N
BX21-027,82.00,84.00,0.020,0.053,4.7,2.664,N
BX21-027,84.00,85.00,0.020,0.010,0.5,2.619,N
BX21-027,85.00,86.00,0.422,0.198,6.2,2.570,N
BX21-027,86.00,87.00,0.020,0.010,0.5,2.627,N
BX21-027,87.00,89.00,0.653,0.370,0.6,2.654,N
BX21-027,89.00,90.50,0.020,0.112,2.4,2.587,N
BX21-027,90.50,91.50,0.065,0.134,0.5,2.645,N
BX21-027,91.50,93.50,0.020,0.010,1.7,2.604,N
BX21-027,93.50,94.50,0.020,0.010,1.0,2.644,N
BX21-027,94.50,96.50,0.020,0.015,0.5,2.650,N
BX21-027,96.50,97.50,0.486,0.059,1.3,2.676,N
BX21-027,97.50,99.00,0.020,0.010,0.5,2.601,N
BX21-027,99.00,100.00,0.546,0.203,3.7,2.659,N
BX21-027,100.00,102.00,0.020,0.039,0.5,2.615,N
BX21-027,102.00,103.50,0.024,0.032,0.5,2.645,N
BX21-027,103.50,104.50,0.305,0.108,1.4,2.636,N
BX21-027,104.50,105.50,0.353,0.101,2.8,2.619,N
BX21-027,105.50,106.50,0.142,0.063,0.5,2.610,N
BX21-027,106.50,107.50,0.150,0.030,0.5,2.615,N
BX21-027,107.50,108.50,0.308,0.162,2.4,2.678,N
BX21-027,108.50,110.50,0.020,0.102,0.5,2.641,N
BX21-027,110.50,111.50,0.594,0.254,5.0,2.647,N
BX21-027,111.50,112.50,0.020,0.010,0.5,2.636,N
BX21-027,112.50,113.50,0.020,0.044,0.9,2.632,N
BX21-027,113.50,115.00,0.020,0.139,0.5,2.589,Y
BX21-027,115.00,116.00,0.020,0.170,0.5,2.641,N
BX21-027,116.00,117.00,0.347,0.172,4.3,2.668,N
BX21-027,117.00,118.00,0.182,0.087,4.2,2.645,N
BX21-027,118.00,119.00,0.670,0.256,2.8,2.629,N
BX21-027,119.00,120.00,0.020,0.010,0.7,2.565,N
BX21-027,120.00,121.00,0.077,0.019,0.5,2.618,N
BX21-029,0.00,1.50,1.389,0.568,8.8,2.708,N
BX21-029,1.50,3.50,0.020,0.147,0.5,2.661,N
BX21-029,3.50,5.00,0.020,0.010,0.5,2.548,N
BX21-029,5.00,6.00,0.020,0.116,1.4,2.608,N
BX21-029,6.00,7.00,0.020,0.010,1.1,2.624,N
BX21-029,7.00,9.00,0.075,0.019,0.5,2.655,N
BX21-029,9.00,10.50,0.263,0.363,3.5,2.640,N
BX21-029,10.50,12.50,0.067,0.010,2.4,2.622,N
BX21-029,12.50,14.00,0.133,0.172,2.4,2.644,N
BX21-029,14.00,15.50,0.125,0.036,2.0,2.595,N
BX21-029,15.50,16.50,0.020,0.095,2.7,2.632,N
BX21-029,16.50,17.50,0.020,0.010,0.5,2.646,N
BX21-029,17.50,19.50,0.074,0.010,0.5,2.576,Y
BX21-029,19.50,20.50,0.383,0.028,6.3,2.577,N
BX21-029,20.50,21.50,0.020,0.010,0.5,2.637,N
BX21-029,21.50,23.00,0.020,0.126,0.5,2.600,N
BX21-029,23.00,24.00,0.020,0.010,0.5,2.582,N
BX21-029,24.00,26.00,0.389,0.162,2.2,2.681,N
BX21-029,26.00,28.00,0.169,0.095,0.8,2.635,Y
BX21-029,28.00,30.00,0.020,0.069,1.9,2.620,N
BX21-029,30.00,31.50,0.020,0.173,0.5,2.644,N
BX21-029,31.50,33.00,0.050,0.087,0.5,2.628,N
BX21-029,33.00,34.50,0.020,0.047,0.5,2.619,N
BX21-029,34.50,36.50,0.020,0.010,0.5,2.598,N
BX21-029,36.50,37.50,0.020,0.185,0.5,2.566,N
BX21-029,37.50,38.50,0.223,0.023,0.5,2.647,N
BX21-029,38.50,40.50,0.152,0.076,1.5,2.569,N
BX21-029,40.50,41.50,0.020,0.010,0.5,2.613,N
BX21-029,41.50,43.00,0.056,0.057,2.8,2.605,N
BX21-029,43.00,44.00,0.020,0.010,0.5,2.665,N
BX21-029,44.00,45.00,0.020,0.010,0.5,2.579,N
BX21-029,45.00,46.50,0.020,0.031,0.5,2.603,N
BX21-029,46.50,48.50,0.277,0.068,3.4,2.601,N
BX21-029,48.50,50.00,0.531,0.365,1.1,2.687,Y
BX21-029,50.00,51.50,0.020,0.010,0.5,2.562,N
BX21-029,51.50,53.00,0.036,0.010,0.5,2.608,N
BX21-029,53.00,54.00,0.020,0.091,0.5,2.634,N
BX21-029,54.00,56.00,0.020,0.010,1.2,2.636,N
BX21-029,56.00,58.00,0.109,0.010,0.5,2.658,N
BX21-029,58.00,60.00,0.823,0.221,7.4,2.640,N
BX21-029,60.00,61.00,0.057,0.115,0.8,2.601,N
BX21-029,61.00,62.50,0.020,0.010,1.9,2.626,N
BX21-029,62.50,63.50,0.539,0.258,2.5,2.650,N
BX21-029,63.50,65.50,0.354,0.176,2.5,2.658,N
BX21-029,65.50,67.00,0.314,0.246,2.9,2.631,N
BX21-029,67.00,68.00,0.452,0.285,2.1,2.657,N
BX21-029,68.00,70.00,0.066,0.010,3.3,2.604,N
BX21-029,70.00,72.00,0.193,0.069,0.5,2.613,N
BX21-029,72.00,73.00,0.269,0.154,3.0,2.633,N
BX21-029,73.00,75.00,0.020,0.010,0.9,2.576,N
BX21-029,75.00,77.00,0.127,0.110,7.9,2.637,N
BX21-029,77.00,78.50,0.252,0.063,2.7,2.649,Y
BX21-029,78.50,79.50,0.020,0.010,0.5,2.629,N
BX21-029,79.50,81.00,0.676,0.156,0.5,2.604,Y
BX21-029,81.00,82.00,0.020,0.231,0.5,2.566,N
BX21-029,82.00,83.00,0.568,0.387,5.6,2.655,N
BX21-029,83.00,84.00,0.020,0.061,0.5,2.587,N
BX21-029,84.00,85.00,0.148,0.100,2.3,2.602,N
BX21-029,85.00,87.00,0.020,0.010,0.5,2.615,N
BX21-029,87.00,88.00,0.562,0.272,2.4,2.634,N
BX21-029,88.00,90.00,0.210,0.155,2.9,2.650,N
BX21-029,90.00,92.00,0.020,0.024,1.2,2.588,N
BX21-029,92.00,93.00,0.423,0.010,0.5,2.611,N
BX21-029,93.00,94.00,0.402,0.266,1.9,2.626,N
BX21-029,94.00,95.00,0.273,0.140,0.9,2.620,N
BX21-029,95.00,96.50,0.020,0.010,1.4,2.651,N
BX21-029,96.50,98.50,0.054,0.010,1.3,2.623,N
BX21-029,98.50,100.00,0.020,0.010,0.5,2.641,N
BX21-029,100.00,101.00,0.020,0.111,0.5,2.650,N
BX21-029,101.00,102.00,0.020,0.037,1.4,2.624,N
BX21-029,102.00,103.00,0.562,0.217,4.2,2.654,N
BX21-029,103.00,104.50,0.352,0.074,1.3,2.664,N
BX21-029,104.50,105.50,0.020,0.010,3.1,2.607,N
BX21-029,105.50,107.50,0.258,0.178,0.9,2.630,N
BX21-029,107.50,109.00,0.020,0.212,0.5,2.656,N
BX21-029,109.00,111.00,0.020,0.010,0.5,2.604,N
BX21-029,111.00,112.00,0.469,0.273,5.2,2.702,N
BX21-029,112.00,113.50,0.460,0.137,3.2,2.679,N
BX21-029,113.50,114.50,0.020,0.173,0.5,2.592,N
BX21-029,114.50,115.50,0.020,0.015,3.0,2.644,N
BX21-029,115.50,117.00,0.856,0.482,4.5,2.654,N
BX21-029,117.00,119.00,0.255,0.064,0.5,2.672,N
BX21-029,119.00,120.00,0.493,0.318,2.0,2.682,N
BX21-029,120.00,121.00,0.294,0.054,1.1,2.608,N
BX21-029,121.00,123.00,0.020,0.010,2.0,2.634,N
BX21-029,123.00,124.00,0.020,0.223,0.5,2.630,N
BX21-029,124.00,125.00,0.020,0.068,0.5,2.649,N
BX21-029,125.00,126.50,0.185,0.260,2.9,2.619,N
BX21-029,126.50,127.50,0.283,0.010,0.5,2.644,N
BX21-029,127.50,128.50,0.054,0.010,0.5,2.673,N
BX21-029,128.50,129.50,0.108,0.032,3.5,2.570,Y
BX21-029,129.50,131.00,0.020,0.050,0.5,2.661,N
BX21-029,131.00,133.00,0.296,0.102,2.1,2.664,N
BX21-029,133.00,135.00,0.022,0.061,0.5,2.588,N
BX21-029,135.00,137.00,0.020,0.010,0.5,2.574,N
BX21-029,137.00,138.00,0.020,0.010,0.5,2.641,Y
BX21-029,138.00,139.00,0.020,0.010,1.6,2.625,N
BX21-029,139.00,140.50,0.020,0.010,0.5,2.653,N
BX21-029,140.50,141.50,0.160,0.061,5.4,2.606,N
BX21-029,141.50,143.50,0.020,0.115,0.5,2.598,N
BX21-029,143.50,144.50,0.020,0.010,0.5,2.596,N
BX21-029,144.50,145.50,0.020,0.228,0.8,2.606,N
BX21-029,145.50,146.50,0.020,0.010,2.3,2.628,N
BX21-029,146.50,148.50,0.020,0.075,3.0,2.635,N
BX21-029,148.50,149.50,0.314,0.157,1.3,2.626,N
BX21-029,149.50,150.50,0.020,0.010,2.6,2.633,N
BX21-029,150.50,152.50,0.020,0.093,1.3,2.602,N
BX21-029,152.50,154.50,0.020,0.030,1.0,2.600,N
BX21-029,154.50,155.50,0.020,0.020,0.5,2.642,N
BX21-029,155.50,156.50,0.082,0.010,1.1,2.678,N
BX21-029,156.50,158.50,0.409,0.161,2.9,2.641,N
BX21-029,158.50,160.00,0.298,0.126,0.6,2.667,N
BX21-029,160.00,162.00,0.020,0.037,3.8,2.647,N
BX21-029,162.00,163.50,0.020,0.010,0.5,2.624,N
BX21-029,163.50,165.00,0.020,0.084,1.7,2.681,Y
BX21-029,165.00,167.00,0.310,0.139,1.2,2.636,N
BX21-029,167.00,169.00,0.020,0.038,0.5,2.603,N
BX21-029,169.00,170.00,0.464,0.195,1.0,2.681,N
BX21-029,170.00,171.50,0.020,0.069,4.0,2.576,N
BX21-029,171.50,172.50,0.236,0.058,0.8,2.618,N
BX21-029,172.50,173.50,0.399,0.130,5.3,2.640,N
BX21-029,173.50,175.00,0.020,0.010,0.5,2.627,N
BX21-029,175.00,176.00,0.548,0.281,4.4,2.619,N
BX21-029,176.00,177.50,0.191,0.181,0.5,2.622,N
BX21-029,177.50,179.50,0.130,0.050,3.6,2.675,N
BX21-029,179.50,180.50,0.020,0.033,4.8,2.658,N
BX21-029,180.50,182.50,0.447,0.111,1.4,2.628,N
BX21-029,182.50,184.50,0.199,0.010,1.4,2.567,N
BX21-029,184.50,186.00,0.020,0.010,4.0,2.645,N
BX21-029,186.00,187.00,0.192,0.011,0.9,2.595,N
BX21-029,187.00,188.00,0.020,0.010,0.5,2.663,N
BX21-029,188.00,190.00,0.020,0.010,0.5,2.640,N
BX21-029,190.00,191.00,0.020,0.063,0.6,2.650,N
BX21-029,191.00,192.00,0.427,0.031,2.6,2.659,N
BX21-029,192.00,194.00,0.363,0.267,4.7,2.612,N
BX21-029,194.00,195.50,0.020,0.010,1.5,2.606,N
BX21-029,195.50,196.50,0.020,0.123,0.5,2.656,N
BX21-029,196.50,197.50,0.107,0.125,4.8,2.634,N
BX21-029,197.50,199.50,0.020,0.157,0.6,2.634,N
BX21-029,199.50,200.50,0.020,0.041,0.9,2.631,N
BX21-029,200.50,202.00,0.197,0.010,0.5,2.613,N
BX21-029,202.00,203.00,0.349,0.182,2.3,2.611,N
BX21-029,203.00,204.00,0.197,0.010,2.5,2.646,N
BX21-029,204.00,206.00,0.159,0.010,1.0,2.635,N
BX21-029,206.00,207.00,0.020,0.039,0.5,2.646,N
BX21-029,207.00,208.00,0.094,0.010,0.6,2.596,N
BX21-029,208.00,209.00,0.191,0.076,3.9,2.594,N
BX21-029,209.00,210.50,0.020,0.010,0.5,2.668,N
BX21-029,210.50,211.50,0.020,0.180,1.6,2.650,N
BX21-029,211.50,213.00,0.477,0.299,2.3,2.688,N
BX21-029,213.00,214.50,0.020,0.010,0.5,2.635,N
BX21-029,214.50,216.50,0.020,0.010,1.3,2.635,N
BX21-029,216.50,218.50,0.020,0.010,0.5,2.619,N
BX21-029,218.50,220.50,0.020,0.010,2.4,2.665,N
BX21-029,220.50,221.50,0.098,0.010,1.1,2.581,N
BX21-029,221.50,222.50,0.020,0.010,0.5,2.623,N
BX21-029,222.50,224.50,0.020,0.035,0.5,2.574,N
BX21-029,224.50,225.50,0.248,0.183,5.1,2.642,N
BX21-029,225.50,227.50,0.706,0.082,3.9,2.638,Y
BX21-029,227.50,228.50,0.383,0.013,0.5,2.665,N
BX21-029,228.50,230.50,0.128,0.149,0.5,2.615,N
BX21-029,230.50,232.00,0.020,0.056,0.5,2.587,N
BX21-029,232.00,233.00,0.020,0.010,0.6,2.581,N
BX21-029,233.00,234.00,0.020,0.010,0.5,2.626,N
BX21-029,234.00,235.00,0.020,0.010,1.8,2.607,N
BX21-029,235.00,236.50,0.020,0.068,0.5,2.645,N
BX21-029,236.50,237.50,0.256,0.102,0.5,2.630,N
BX21-029,237.50,238.50,0.205,0.081,1.3,2.620,N
BX21-029,238.50,240.00,0.097,0.010,1.3,2.588,N
BX21-029,240.00,241.00,0.020,0.010,0.5,2.599,N
BX21-029,241.00,242.00,0.583,0.326,3.9,2.676,N
BX21-029,242.00,244.00,0.090,0.087,2.4,2.610,N
BX21-029,244.00,245.50,0.020,0.051,0.5,2.617,N
BX21-029,245.50,246.50,0.020,0.032,1.4,2.611,N
BX21-029,246.50,247.50,0.162,0.082,0.5,2.606,N
BX21-029,247.50,248.50,0.028,0.124,1.7,2.607,N
BX21-029,248.50,250.50,0.334,0.010,1.1,2.639,N
BX21-029,250.50,251.50,0.441,0.010,0.7,2.681,N
BX21-029,251.50,252.50,0.174,0.225,2.0,2.635,N
BX21-029,252.50,253.50,0.020,0.010,0.5,2.585,N
BX21-029,253.50,255.00,0.624,0.214,2.5,2.615,N
BX21-029,255.00,256.00,0.020,0.101,0.5,2.634,N
BX21-029,256.00,258.00,0.020,0.010,0.5,2.599,N
BX21-029,258.00,259.00,0.393,0.035,2.0,2.648,N
BX21-029,259.00,260.00,0.020,0.010,0.5,2.592,N
BX21-029,260.00,261.50,0.020,0.010,1.7,2.674,N
BX21-029,261.50,262.50,0.020,0.062,3.4,2.633,N
BX21-029,262.50,263.50,0.216,0.010,1.6,2.646,N
BX21-029,263.50,265.00,0.020,0.010,1.2,2.613,N
BX21-029,265.00,267.00,0.020,0.010,0.5,2.613,N
BX21-029,267.00,268.00,0.521,0.260,3.3,2.616,N
BX21-029,268.00,269.50,0.020,0.017,0.5,2.683,N
BX21-029,269.50,270.50,0.432,0.153,3.0,2.638,N
BX21-029,270.50,271.50,0.382,0.070,1.4,2.644,N
BX21-029,271.50,272.50,0.587,0.038,1.9,2.596,N
BX21-029,272.50,274.00,0.589,0.293,5.1,2.642,N
BX21-029,274.00,275.00,0.447,0.125,1.6,2.667,N
BX21-029,275.00,276.00,0.242,0.090,0.6,2.634,N
BX21-029,276.00,278.00,0.020,0.032,0.5,2.645,N
BX21-029,278.00,279.00,0.061,0.075,5.1,2.603,N
BX21-029,279.00,281.00,0.020,0.010,0.5,2.610,N
BX21-029,281.00,282.50,0.344,0.010,0.5,2.692,N
BX21-029,282.50,283.50,0.020,0.010,2.7,2.633,N
BX21-029,283.50,284.50,0.020,0.106,0.5,2.639,N
BX21-029,284.50,285.50,0.168,0.111,5.2,2.607,Y
BX21-029,285.50,287.50,0.020,0.097,0.5,2.584,N
BX21-029,287.50,288.50,0.020,0.010,1.9,2.600,N
BX21-029,288.50,289.50,0.020,0.010,0.5,2.629,N
BX21-029,289.50,291.50,0.460,0.088,5.2,2.666,N
BX21-029,291.50,292.50,0.020,0.010,1.5,2.656,N
BX21-029,292.50,293.50,0.077,0.076,2.2,2.634,N
BX21-029,293.50,295.00,0.151,0.012,5.7,2.597,N
BX21-029,295.00,296.50,0.020,0.060,3.9,2.565,N
BX21-029,296.50,298.00,0.269,0.044,2.1,2.609,N
BX21-029,298.00,299.00,0.451,0.116,0.5,2.639,N
BX21-029,299.00,301.00,0.580,0.054,7.5,2.664,N
BX21-029,301.00,302.00,0.020,0.010,1.1,2.680,N
BX21-029,302.00,303.50,0.252,0.020,2.7,2.664,N
BX21-029,303.50,305.00,0.362,0.177,5.1,2.635,Y
BX21-029,305.00,306.00,0.020,0.013,0.5,2.612,N
BX21-029,306.00,307.50,0.223,0.085,3.3,2.600,N
BX21-029,307.50,308.50,0.283,0.269,2.1,2.616,N
BX21-029,308.50,310.50,0.020,0.010,0.5,2.591,N
BX21-029,310.50,311.50,0.057,0.010,3.2,2.615,N
BX21-029,311.50,312.50,0.203,0.097,0.5,2.608,Y
BX21-029,312.50,313.00,0.487,0.075,2.1,2.652,N
BX21-030,0.00,1.00,0.503,0.148,2.7,2.692,N
BX21-030,1.00,3.00,0.020,0.059,0.5,2.662,N
BX21-030,3.00,5.00,0.020,0.100,0.5,2.611,N
BX21-030,5.00,6.50,0.020,0.010,0.8,2.626,N
BX21-030,6.50,8.00,0.020,0.010,0.5,2.642,N
BX21-030,8.00,9.00,0.020,0.027,0.9,2.635,N
BX21-030,9.00,10.00,0.251,0.010,2.9,2.636,N
BX21-030,10.00,12.00,0.092,0.048,2.3,2.633,N
BX21-030,12.00,13.00,0.817,0.222,3.0,2.686,N
BX21-030,13.00,14.00,0.414,0.286,1.4,2.675,N
BX21-030,14.00,16.00,0.154,0.010,1.7,2.647,N
BX21-030,16.00,18.00,0.020,0.127,3.2,2.616,N
BX21-030,18.00,19.50,0.055,0.125,0.5,2.615,N
BX21-030,19.50,20.50,0.020,0.010,0.5,2.584,N
BX21-030,20.50,22.00,0.020,0.148,0.5,2.616,N
BX21-030,22.00,24.00,0.158,0.126,0.5,2.690,N
BX21-030,24.00,25.50,0.020,0.010,0.5,2.656,N
BX21-030,25.50,27.00,0.164,0.010,0.5,2.602,N
BX21-030,27.00,28.50,0.154,0.100,0.9,2.585,N
BX21-030,28.50,29.50,0.020,0.050,0.5,2.679,N
BX21-030,29.50,30.50,0.238,0.055,0.5,2.594,N
BX21-030,30.50,32.00,0.409,0.187,5.5,2.667,N
BX21-030,32.00,33.00,0.069,0.088,1.8,2.616,N
BX21-030,33.00,34.00,0.020,0.010,0.5,2.611,N
BX21-030,34.00,35.00,0.020,0.010,0.7,2.608,N
BX21-030,35.00,36.00,0.121,0.054,2.9,2.678,N
BX21-030,36.00,38.00,0.020,0.010,0.5,2.624,N
BX21-030,38.00,39.50,0.020,0.010,1.2,2.626,N
BX21-030,39.50,40.50,0.020,0.141,0.5,2.661,N
BX21-030,40.50,41.50,0.020,0.052,1.7,2.627,N
BX21-030,41.50,42.50,0.073,0.010,1.6,2.649,N
BX21-030,42.50,44.50,0.020,0.010,0.9,2.550,N
BX21-030,44.50,45.50,0.020,0.088,0.5,2.618,N
BX21-030,45.50,46.50,0.020,0.130,0.5,2.609,N
BX21-030,46.50,47.50,0.020,0.096,0.5,2.601,N
BX21-030,47.50,49.50,0.020,0.112,0.5,2.619,N
BX21-030,49.50,51.00,0.241,0.130,0.5,2.617,N
BX21-030,51.00,52.00,0.178,0.111,5.9,2.631,N
BX21-030,52.00,53.00,0.703,0.206,2.5,2.694,N
BX21-030,53.00,55.00,0.020,0.082,0.9,2.572,N
BX21-030,55.00,56.00,0.131,0.010,0.5,2.634,N
BX21-030,56.00,57.50,0.028,0.010,0.5,2.658,N
BX21-030,57.50,59.50,0.020,0.131,1.1,2.669,N
BX21-030,59.50,60.50,0.107,0.010,0.5,2.654,N
BX21-030,60.50,61.50,0.277,0.251,1.6,2.699,N
BX21-030,61.50,62.50,0.250,0.169,1.0,2.662,N
BX21-030,62.50,63.50,0.141,0.148,1.2,2.630,N
BX21-030,63.50,65.00,0.685,0.268,3.9,2.664,N
BX21-030,65.00,66.50,0.020,0.010,2.2,2.606,N
BX21-030,66.50,68.50,0.182,0.155,2.4,2.645,N
BX21-030,68.50,69.50,0.604,0.278,2.9,2.682,N
BX21-030,69.50,71.00,0.020,0.024,0.5,2.640,N
BX21-030,71.00,72.00,0.150,0.059,2.3,2.657,N
BX21-030,72.00,74.00,0.060,0.320,3.0,2.664,N
BX21-030,74.00,75.00,0.020,0.027,1.4,2.637,N
BX21-030,75.00,76.50,0.739,0.304,6.0,2.671,N
BX21-030,76.50,77.50,0.046,0.193,0.5,2.642,N
BX21-030,77.50,78.50,0.020,0.010,1.2,2.576,N
BX21-030,78.50,80.50,0.020,0.010,0.5,2.673,N
BX21-030,80.50,82.50,0.382,0.083,1.3,2.616,N
BX21-030,82.50,83.50,0.073,0.141,0.5,2.630,N
BX21-030,83.50,84.50,0.278,0.197,0.5,2.608,N
BX21-030,84.50,85.50,0.020,0.126,0.5,2.632,N
BX21-030,85.50,86.50,0.020,0.010,0.5,2.611,N
BX21-030,86.50,88.00,0.020,0.048,0.8,2.608,N
BX21-030,88.00,89.00,0.430,0.320,6.2,2.632,N
BX21-030,89.00,90.50,0.020,0.050,1.3,2.618,N
BX21-030,90.50,92.00,0.020,0.010,0.5,2.584,N
BX21-030,92.00,94.00,0.360,0.102,0.8,2.683,N
BX21-030,94.00,95.50,0.020,0.073,0.5,2.665,N
BX21-030,95.50,96.50,0.068,0.010,0.5,2.668,N
BX21-030,96.50,97.50,0.254,0.104,1.5,2.607,N
BX21-030,97.50,99.00,0.166,0.010,0.5,2.640,N
BX21-030,99.00,100.50,0.031,0.010,0.5,2.600,N
BX21-030,100.50,102.50,0.223,0.010,0.5,2.564,N
BX21-030,102.50,103.50,0.020,0.118,0.5,2.673,N
BX21-030,103.50,104.50,0.020,0.069,2.2,2.584,N
BX21-030,104.50,105.50,0.020,0.010,0.5,2.650,N
BX21-030,105.50,106.50,0.097,0.214,2.0,2.656,N
BX21-030,106.50,107.50,0.020,0.080,0.5,2.622,N
BX21-030,107.50,109.00,0.020,0.010,3.7,2.562,N
BX21-030,109.00,110.00,0.020,0.010,0.5,2.562,N
BX21-030,110.00,112.00,0.435,0.229,2.6,2.645,N
BX21-030,112.00,114.00,0.095,0.144,0.5,2.620,N
BX21-030,114.00,116.00,0.713,0.145,6.2,2.717,N
BX21-030,116.00,117.50,0.020,0.010,2.9,2.579,N
BX21-030,117.50,118.50,0.020,0.044,0.5,2.659,N
BX21-030,118.50,120.50,0.020,0.010,1.3,2.639,N
BX21-030,120.50,121.50,0.020,0.010,0.5,2.624,N
BX21-030,121.50,123.00,0.020,0.195,0.6,2.634,N
BX21-030,123.00,124.50,0.020,0.097,0.5,2.603,N
BX21-030,124.50,125.50,0.245,0.084,3.7,2.606,N
BX21-030,125.50,126.50,0.044,0.029,0.5,2.621,N
BX21-030,126.50,127.50,0.595,0.202,0.9,2.689,N
BX21-030,127.50,128.50,0.106,0.010,2.8,2.636,Y
BX21-030,128.50,130.00,0.020,0.144,0.5,2.655,N
BX21-030,130.00,131.00,0.020,0.010,0.9,2.562,N
BX21-030,131.00,132.50,0.123,0.049,0.5,2.624,N
BX21-030,132.50,134.50,0.020,0.010,2.2,2.639,N
BX21-030,134.50,136.00,0.020,0.010,0.9,2.642,N
BX21-030,136.00,137.00,0.020,0.010,3.2,2.597,N
BX21-030,137.00,139.00,0.020,0.010,2.0,2.607,Y
BX21-030,139.00,140.50,0.440,0.194,0.5,2.614,N
BX21-030,140.50,142.50,0.020,0.010,0.5,2.637,N
BX21-030,142.50,144.50,0.763,0.194,6.3,2.694,N
BX21-030,144.50,145.50,0.020,0.192,0.5,2.627,N
BX21-030,145.50,146.50,0.682,0.328,2.4,2.626,N
BX21-030,146.50,147.50,0.020,0.089,0.5,2.626,N
BX21-030,147.50,148.50,0.020,0.010,0.8,2.622,N
BX21-030,148.50,150.50,0.155,0.298,2.1,2.655,N
BX21-030,150.50,151.50,0.020,0.057,0.5,2.586,N
BX21-030,151.50,152.00,0.374,0.212,4.4,2.649,N
BX21-031,0.00,1.00,0.511,0.165,4.5,2.631,N
BX21-031,1.00,3.00,0.491,0.242,2.2,2.629,N
BX21-031,3.00,5.00,0.686,0.295,5.3,2.687,N
BX21-031,5.00,6.50,1.014,0.311,4.5,2.673,N
BX21-031,6.50,8.00,0.197,0.010,2.0,2.629,N
BX21-031,8.00,9.00,0.897,0.423,6.6,2.674,N
BX21-031,9.00,11.00,0.843,0.108,8.4,2.638,N
BX21-031,11.00,12.00,0.459,0.275,1.0,2.632,N
BX21-031,12.00,13.00,0.908,0.261,3.6,2.699,N
BX21-031,13.00,15.00,0.883,0.193,3.5,2.644,N
BX21-031,15.00,16.00,0.431,0.126,4.1,2.680,N
BX21-031,16.00,17.50,0.581,0.330,3.9,2.656,N
BX21-031,17.50,18.50,1.049,0.209,7.4,2.630,N
BX21-031,18.50,20.50,0.131,0.010,1.2,2.640,N
BX21-031,20.50,21.50,0.977,0.402,6.7,2.680,N
BX21-031,21.50,23.00,0.020,0.010,2.5,2.612,N
BX21-031,23.00,24.50,0.968,0.347,5.9,2.678,N
BX21-031,24.50,25.50,0.621,0.239,2.6,2.651,N
BX21-031,25.50,26.50,0.583,0.329,2.3,2.644,N
BX21-031,26.50,28.50,0.911,0.279,4.8,2.633,N
BX21-031,28.50,30.50,0.791,0.293,7.0,2.687,N
BX21-031,30.50,32.50,0.442,0.060,3.3,2.673,N
BX21-031,32.50,33.50,0.020,0.116,1.6,2.647,N
BX21-031,33.50,34.50,0.759,0.365,6.2,2.604,N
BX21-031,34.50,35.50,0.227,0.012,2.9,2.619,N
BX21-031,35.50,36.50,0.407,0.138,1.6,2.613,N
BX21-031,36.50,38.50,0.326,0.078,2.9,2.692,N
BX21-031,38.50,40.00,0.538,0.081,2.2,2.640,N
BX21-031,40.00,42.00,0.283,0.056,3.2,2.595,N
BX21-031,42.00,44.00,0.568,0.060,0.5,2.641,N
BX21-031,44.00,46.00,0.062,0.137,0.5,2.646,N
BX21-031,46.00,47.50,1.039,0.467,6.6,2.641,N
BX21-031,47.50,48.50,0.208,0.240,2.8,2.634,N
BX21-031,48.50,50.00,0.225,0.103,3.2,2.647,N
BX21-031,50.00,51.50,0.630,0.113,2.5,2.638,N
BX21-031,51.50,52.50,0.194,0.010,1.3,2.597,N
BX21-031,52.50,54.00,0.020,0.190,0.5,2.671,N
BX21-031,54.00,55.00,0.658,0.157,2.7,2.635,N
BX21-031,55.00,56.00,0.683,0.139,3.1,2.603,N
BX21-031,56.00,57.50,1.072,0.356,5.9,2.693,N
BX21-031,57.50,58.50,0.090,0.022,0.7,2.641,N
BX21-031,58.50,59.50,0.110,0.010,0.5,2.628,N
BX21-031,59.50,60.50,0.938,0.282,3.7,2.672,N
BX21-031,60.50,62.00,0.020,0.054,0.7,2.623,N
BX21-031,62.00,63.50,0.285,0.010,0.5,2.640,N
BX21-031,63.50,65.00,0.305,0.124,2.3,2.651,N
BX21-031,65.00,66.00,0.020,0.010,4.3,2.643,N
BX21-031,66.00,67.50,0.226,0.010,0.5,2.655,N
BX21-031,67.50,69.50,0.303,0.117,1.2,2.601,N
BX21-031,69.50,70.50,0.155,0.010,0.5,2.666,N
BX21-031,70.50,72.50,0.500,0.167,1.3,2.639,N
BX21-031,72.50,74.00,0.459,0.231,3.1,2.634,N
BX21-031,74.00,75.00,0.435,0.131,1.7,2.633,N
BX21-031,75.00,76.00,0.174,0.134,2.8,2.611,N
BX21-031,76.00,77.00,0.097,0.010,0.5,2.641,N
BX21-031,77.00,79.00,0.646,0.418,6.9,2.634,N
BX21-031,79.00,80.50,0.032,0.010,2.0,2.605,N
BX21-031,80.50,81.50,0.151,0.010,0.7,2.655,Y
BX21-031,81.50,82.50,0.245,0.066,2.6,2.604,N
BX21-031,82.50,84.50,0.020,0.131,0.5,2.580,N
BX21-031,84.50,85.50,0.338,0.125,0.5,2.654,N
BX21-031,85.50,87.00,0.020,0.168,3.3,2.620,N
BX21-031,87.00,88.00,0.245,0.283,3.7,2.703,N
BX21-031,88.00,90.00,0.020,0.010,1.5,2.625,N
BX21-031,90.00,91.00,0.020,0.010,0.5,2.691,N
BX21-031,91.00,92.00,0.020,0.146,1.7,2.665,N
BX21-031,92.00,93.50,0.434,0.129,0.5,2.694,N
BX21-031,93.50,94.50,0.876,0.212,5.2,2.655,N
BX21-031,94.50,96.50,0.020,0.035,1.6,2.667,N
BX21-031,96.50,97.50,0.020,0.063,3.8,2.582,N
BX21-031,97.50,98.50,0.180,0.195,2.8,2.600,N
BX21-031,98.50,100.50,0.458,0.318,2.8,2.618,N
BX21-031,100.50,101.50,0.328,0.238,1.1,2.605,N
BX21-031,101.50,102.50,0.020,0.010,0.5,2.566,N
BX21-031,102.50,104.00,0.020,0.093,0.5,2.651,N
BX21-031,104.00,105.00,0.320,0.069,2.3,2.638,N
BX21-031,105.00,107.00,0.502,0.061,4.5,2.700,N
BX21-031,107.00,108.50,0.214,0.142,2.8,2.576,N
BX21-031,108.50,109.50,0.585,0.270,4.1,2.648,N
BX21-031,109.50,111.50,0.343,0.050,2.6,2.700,N
BX21-031,111.50,112.50,0.020,0.116,0.5,2.625,N
BX21-031,112.50,113.50,0.020,0.102,2.5,2.667,N
BX21-031,113.50,114.50,0.150,0.244,0.5,2.603,N
BX21-031,114.50,116.50,0.370,0.151,4.4,2.627,N
BX21-031,116.50,118.50,0.020,0.010,0.5,2.630,N
BX21-031,118.50,119.50,0.452,0.218,2.9,2.650,N
BX21-031,119.50,120.50,0.890,0.233,5.1,2.659,N
BX21-031,120.50,121.50,0.020,0.170,0.5,2.591,N
BX21-031,121.50,123.50,0.327,0.059,4.7,2.645,N
BX21-031,123.50,125.50,0.070,0.010,2.1,2.600,N
BX21-031,125.50,127.00,0.662,0.113,3.1,2.648,N
BX21-031,127.00,128.50,0.020,0.075,0.7,2.566,N
BX21-031,128.50,130.00,0.277,0.082,0.5,2.684,N
BX21-031,130.00,131.50,0.020,0.010,4.6,2.628,N
BX21-031,131.50,132.50,0.219,0.010,0.7,2.620,N
BX21-031,132.50,134.50,0.533,0.177,5.9,2.616,N
BX21-031,134.50,136.00,0.123,0.010,1.7,2.624,N
BX21-031,136.00,138.00,0.108,0.010,0.8,2.668,N
BX21-031,138.00,139.50,0.020,0.010,0.5,2.652,N
BX21-031,139.50,140.50,0.172,0.010,0.5,2.640,N
BX21-031,140.50,142.50,0.020,0.010,0.5,2.610,N
BX21-031,142.50,143.50,0.020,0.010,1.8,2.637,N
BX21-031,143.50,144.50,0.020,0.010,0.5,2.617,N
BX21-031,144.50,146.50,0.834,0.322,4.0,2.652,N
BX21-031,146.50,148.50,0.020,0.010,0.5,2.649,N
BX21-031,148.50,149.50,0.020,0.115,0.5,2.605,N
BX21-031,149.50,150.50,0.020,0.087,1.6,2.550,N
BX21-031,150.50,152.00,0.020,0.013,0.5,2.638,N
BX21-031,152.00,154.00,0.020,0.010,0.5,2.597,N
BX21-031,154.00,155.50,0.020,0.010,0.5,2.605,N
BX21-031,155.50,156.50,0.225,0.039,2.1,2.662,N
BX21-031,156.50,158.00,0.020,0.083,3.4,2.624,N
BX21-031,158.00,159.00,0.020,0.141,2.0,2.683,N
BX21-031,159.00,161.00,0.020,0.010,0.5,2.659,N
BX21-031,161.00,162.50,0.020,0.010,0.5,2.587,N
BX21-031,162.50,163.50,0.032,0.010,0.9,2.651,N
BX21-031,163.50,165.00,0.044,0.010,0.5,2.627,N
BX21-031,165.00,166.50,0.052,0.010,0.5,2.637,N
BX21-031,166.50,168.00,0.020,0.010,0.5,2.639,Y
BX21-031,168.00,170.00,0.157,0.076,3.0,2.664,N
BX21-031,170.00,171.00,0.020,0.010,0.5,2.656,N
BX21-031,171.00,172.50,0.020,0.010,0.8,2.650,N
BX21-031,172.50,174.50,0.067,0.010,0.5,2.683,N
BX21-031,174.50,175.50,0.581,0.177,0.7,2.569,N
BX21-031,175.50,177.00,0.057,0.010,2.8,2.546,N
BX21-031,177.00,179.00,0.020,0.049,0.5,2.590,N
BX21-031,179.00,181.00,0.426,0.149,4.4,2.649,N
BX21-031,181.00,182.50,0.020,0.010,1.8,2.600,N
BX21-031,182.50,184.00,0.404,0.152,2.4,2.600,N
BX21-031,184.00,185.50,0.020,0.010,0.5,2.662,N
BX21-031,185.50,186.50,0.083,0.133,4.2,2.603,N
BX21-031,186.50,187.50,0.231,0.317,0.5,2.680,N
BX21-031,187.50,188.50,0.031,0.010,0.5,2.610,N
BX21-031,188.50,190.00,0.020,0.010,0.5,2.652,N
BX21-031,190.00,191.00,0.336,0.157,2.4,2.588,N
BX21-031,191.00,193.00,0.020,0.010,3.3,2.658,N
BX21-031,193.00,194.00,0.349,0.131,7.0,2.674,N
BX21-031,194.00,196.00,0.361,0.131,5.9,2.639,N
BX21-031,196.00,197.00,0.020,0.081,0.5,2.570,N
BX21-031,197.00,199.00,0.249,0.010,2.7,2.621,N
BX21-031,199.00,200.00,0.020,0.243,0.5,2.612,N
BX21-031,200.00,201.50,0.107,0.060,1.4,2.586,N
BX21-031,201.50,202.50,0.020,0.010,1.5,2.638,N
BX21-031,202.50,204.00,0.134,0.062,1.8,2.626,N
BX21-031,204.00,205.00,0.020,0.010,0.5,2.621,N
BX21-033,0.00,1.50,8.703,3.170,53.2,3.095,N
BX21-033,1.50,2.50,7.951,2.798,45.8,3.149,N
BX21-033,2.50,3.50,9.210,3.165,53.7,3.096,N
BX21-033,3.50,4.50,8.154,2.772,50.2,3.115,N
BX21-033,4.50,5.50,8.554,3.022,51.2,3.101,N
BX21-033,5.50,6.50,8.918,3.184,52.1,3.150,N
BX21-033,6.50,8.00,7.638,2.757,42.3,3.057,N
BX21-033,8.00,9.50,8.424,2.862,52.0,3.130,N
BX21-033,9.50,10.50,8.140,2.858,47.8,3.038,N
BX21-033,10.50,11.50,8.329,2.869,49.9,3.091,N
BX21-033,11.50,12.50,8.706,2.982,53.1,3.097,N
BX21-033,12.50,14.00,9.344,3.269,57.3,3.069,N
BX21-033,14.00,15.00,8.921,3.003,53.0,3.137,N
BX21-033,15.00,16.00,8.669,3.004,55.7,3.091,N
BX21-033,16.00,17.00,9.033,3.208,58.0,3.088,N
BX21-033,17.00,18.00,8.251,2.795,50.1,3.090,N
BX21-033,18.00,19.50,8.556,2.767,51.6,3.083,N
BX21-033,19.50,20.50,8.546,2.959,48.9,3.118,N
BX21-033,20.50,22.00,9.005,3.139,55.6,3.124,N
BX21-033,22.00,23.00,8.584,2.980,49.6,3.086,N
BX21-033,23.00,24.00,9.050,3.240,51.2,3.094,N
BX21-033,24.00,25.00,8.495,3.009,51.5,3.076,N
BX21-033,25.00,26.50,8.309,2.875,50.2,3.125,N
BX21-033,26.50,28.50,8.828,3.058,51.6,3.042,N
BX21-033,28.50,30.50,8.181,2.871,47.5,3.074,N
BX21-033,30.50,32.50,8.812,2.882,54.5,3.108,N
BX21-033,32.50,34.00,8.523,2.896,50.6,3.089,N
BX21-033,34.00,35.50,8.700,2.986,52.4,3.117,N
BX21-033,35.50,36.50,8.116,2.762,45.8,3.098,N
BX21-033,36.50,37.50,8.153,2.772,47.3,3.086,N
BX21-033,37.50,38.50,9.074,3.086,53.6,3.073,N
BX21-033,38.50,40.50,7.728,2.571,47.6,3.088,N
BX21-033,40.50,41.50,7.986,2.676,50.2,3.134,N
BX21-033,41.50,42.50,8.436,3.015,48.7,3.154,N
BX21-033,42.50,44.50,8.840,2.981,52.1,3.107,N
BX21-033,44.50,46.00,8.722,3.160,52.0,3.113,N
BX21-033,46.00,48.00,7.887,2.768,47.0,3.078,N
BX21-033,48.00,49.00,8.099,2.885,48.8,3.117,N
BX21-033,49.00,51.00,9.099,3.288,54.2,3.075,N
BX21-033,51.00,53.00,8.334,2.869,51.4,3.106,N
BX21-033,53.00,54.50,8.123,2.896,49.3,3.038,N
BX21-033,54.50,55.50,8.175,2.837,50.3,3.098,N
BX21-033,55.50,56.50,8.744,3.029,54.7,3.104,N
BX21-033,56.50,57.50,8.748,3.137,52.5,3.115,N
BX21-033,57.50,59.50,8.233,2.952,46.9,3.112,Y
BX21-033,59.50,60.50,8.462,2.732,52.8,3.107,N
BX21-033,60.50,61.50,8.157,2.716,46.5,3.092,N
BX21-033,61.50,62.50,8.276,2.838,50.5,3.120,N
BX21-033,62.50,63.50,7.991,2.867,49.6,3.097,N
BX21-033,63.50,65.50,7.930,2.971,44.4,3.091,Y
BX21-033,65.50,67.00,8.560,2.973,49.9,3.163,N
BX21-033,67.00,68.50,8.007,2.964,47.4,3.065,N
BX21-033,68.50,70.50,7.491,2.581,45.5,3.020,N
BX21-033,70.50,72.50,8.675,2.990,49.6,3.072,N
BX21-033,72.50,73.50,8.402,2.920,48.6,3.126,N
BX21-033,73.50,74.50,7.969,2.672,48.3,3.108,N
BX21-033,74.50,76.50,8.827,3.347,53.5,3.099,N
BX21-033,76.50,78.00,8.021,2.743,49.4,3.133,N
BX21-033,78.00,79.00,7.477,2.524,44.7,3.091,N
BX21-033,79.00,80.00,8.407,2.939,51.5,3.092,N
BX21-033,80.00,82.00,8.763,3.025,53.7,3.066,N
BX21-033,82.00,84.00,8.348,2.698,50.3,3.102,N
BX21-033,84.00,85.00,8.844,3.095,52.0,3.140,N
BX21-033,85.00,86.00,8.819,2.975,50.1,3.137,N
BX21-033,86.00,87.00,8.207,3.001,49.6,3.087,N
BX21-033,87.00,88.00,7.617,2.768,47.7,3.057,N
BX21-033,88.00,90.00,8.650,2.811,51.6,3.086,N
BX21-033,90.00,91.50,8.782,2.951,51.6,3.047,N
BX21-033,91.50,92.50,8.623,2.830,48.3,3.111,N
BX21-033,92.50,94.00,7.916,2.773,48.5,3.091,N
BX21-033,94.00,95.50,8.334,2.902,47.6,3.090,N
BX21-033,95.50,96.50,7.040,2.451,42.9,3.041,N
BX21-033,96.50,97.50,8.297,2.989,47.9,3.053,N
BX21-033,97.50,98.50,8.133,3.043,50.5,3.112,N
BX21-033,98.50,99.50,7.744,2.801,46.8,3.056,N
BX21-033,99.50,100.50,8.730,2.987,50.2,3.091,N
BX21-033,100.50,102.00,8.090,2.917,48.7,3.113,N
BX21-033,102.00,103.50,7.673,2.585,46.4,3.051,N
BX21-033,103.50,104.50,7.748,2.627,47.6,3.088,N
BX21-033,104.50,106.50,8.202,3.018,48.9,3.116,N
BX21-033,106.50,107.50,7.757,2.784,47.5,3.034,N
BX21-033,107.50,108.50,8.186,2.926,51.2,3.048,N
BX21-033,108.50,109.50,7.765,2.704,47.5,3.079,N
BX21-033,109.50,111.50,7.654,2.968,46.4,3.138,N
BX21-033,111.50,113.50,7.978,2.739,49.4,3.108,N
BX21-033,113.50,115.00,8.867,3.211,49.9,3.074,N
BX21-033,115.00,117.00,8.667,3.051,51.2,3.153,N
BX21-033,117.00,118.00,8.183,2.880,51.8,3.088,N
BX21-033,118.00,119.00,8.089,2.828,48.2,3.088,N
BX21-033,119.00,120.50,7.496,2.571,45.0,3.095,N
BX21-033,120.50,121.50,7.971,2.727,47.7,3.132,N
BX21-033,121.50,123.00,7.499,2.565,44.9,3.037,N
BX21-033,123.00,124.50,8.315,3.054,53.1,3.127,N
BX21-033,124.50,126.50,8.025,2.655,45.6,3.080,N
BX21-033,126.50,128.00,8.095,2.824,48.0,3.161,N
BX21-033,128.00,129.50,7.874,2.859,46.8,3.128,N
BX21-033,129.50,131.50,8.050,2.644,48.0,3.117,N
BX21-033,131.50,132.50,8.050,2.774,49.5,3.094,N
BX21-033,132.50,134.50,8.269,2.994,48.9,3.094,N
BX21-033,134.50,135.50,8.323,2.976,47.5,3.140,N
BX21-033,135.50,137.00,7.568,2.607,44.3,3.040,N
BX21-033,137.00,139.00,7.801,2.656,44.2,3.070,N
BX21-033,139.00,140.00,8.094,2.804,49.0,3.047,N
BX21-033,140.00,142.00,7.782,2.758,46.5,3.094,N
BX21-033,142.00,144.00,7.857,2.713,46.2,3.084,N
BX21-033,144.00,145.00,7.458,2.831,43.0,3.095,N
BX21-033,145.00,146.00,7.684,2.416,44.3,3.090,N
BX21-033,146.00,147.00,7.689,2.740,47.2,3.138,N
BX21-033,147.00,149.00,7.579,2.503,45.5,3.050,N
BX21-033,149.00,150.50,7.771,2.827,44.7,3.071,N
BX21-033,150.50,152.50,7.679,2.684,49.3,3.064,N
BX21-033,152.50,153.50,8.327,2.683,52.5,3.092,N
BX21-033,153.50,154.50,7.828,2.738,50.0,3.026,N
BX21-033,154.50,156.00,7.792,2.581,46.1,3.074,N
BX21-033,156.00,157.00,6.843,2.294,44.2,3.013,N
BX21-033,157.00,159.00,8.621,3.046,49.7,3.115,N
BX21-033,159.00,161.00,7.939,2.743,43.6,3.118,N
BX21-033,161.00,162.00,7.834,2.784,45.6,3.075,N
BX21-033,162.00,163.50,7.836,2.923,47.8,3.074,N
BX21-033,163.50,164.50,7.282,2.450,49.6,2.995,N
BX21-033,164.50,165.50,7.962,2.804,47.3,3.125,N
BX21-033,165.50,166.50,7.769,2.892,46.4,3.081,N
BX21-033,166.50,168.50,7.911,2.740,48.2,3.097,N
BX21-033,168.50,169.50,7.497,2.597,42.9,3.055,N
BX21-033,169.50,170.50,8.041,2.768,52.3,3.094,N
BX21-033,170.50,171.50,7.815,2.678,46.8,3.041,N
BX21-033,171.50,173.50,7.691,2.881,46.2,3.076,N
BX21-033,173.50,174.50,7.434,2.642,48.5,3.071,N
BX21-033,174.50,175.50,7.904,2.756,43.9,3.068,N
BX21-033,175.50,176.50,7.526,2.767,45.2,3.051,N
BX21-033,176.50,177.50,7.454,2.477,44.1,3.047,N
BX21-033,177.50,178.50,7.199,2.414,40.3,3.052,N
BX21-033,178.50,180.50,7.662,2.665,51.0,3.133,N
BX21-033,180.50,182.00,8.182,2.877,50.0,3.071,N
BX21-033,182.00,183.00,7.742,2.757,48.7,3.108,N
BX21-033,183.00,184.00,7.457,2.665,43.6,3.135,N
BX21-033,184.00,185.00,7.590,2.718,45.0,3.058,N
BX21-033,185.00,186.00,7.848,2.781,44.7,3.125,N
BX21-033,186.00,187.00,7.172,2.718,45.4,3.070,N
BX21-033,187.00,188.00,7.470,2.624,48.4,3.057,N
BX21-034,0.00,1.00,5.665,1.944,32.8,2.962,N
BX21-034,1.00,2.00,6.174,2.127,37.6,3.017,N
BX21-034,2.00,3.50,6.173,2.107,36.5,3.060,N
BX21-034,3.50,5.00,6.779,2.461,38.9,3.068,N
BX21-034,5.00,6.00,6.028,2.156,35.2,3.038,N
BX21-034,6.00,7.50,6.686,2.412,42.2,2.965,N
BX21-034,7.50,8.50,6.277,1.998,38.7,2.986,N
BX21-034,8.50,9.50,6.721,2.487,39.2,3.026,N
BX21-034,9.50,10.50,6.490,2.161,37.5,3.026,Y
BX21-034,10.50,11.50,7.117,2.452,42.4,3.060,N
BX21-034,11.50,13.50,6.918,2.471,43.8,3.024,N
BX21-034,13.50,15.50,6.625,2.185,42.3,3.049,N
BX21-034,15.50,17.00,6.968,2.434,45.0,3.035,N
BX21-034,17.00,19.00,6.604,2.048,39.9,3.010,N
BX21-034,19.00,21.00,6.901,2.457,41.6,3.033,N
BX21-034,21.00,22.00,6.244,2.225,35.8,2.978,N
BX21-034,22.00,24.00,6.994,2.381,41.3,2.996,N
BX21-034,24.00,25.00,6.718,2.582,39.1,3.049,N
BX21-034,25.00,26.00,7.382,2.602,45.4,3.126,N
BX21-034,26.00,28.00,6.162,2.208,34.3,3.021,N
BX21-034,28.00,29.00,6.767,2.448,40.4,3.049,N
BX21-034,29.00,30.00,6.478,2.556,35.3,3.019,N
BX21-034,30.00,31.50,6.669,2.364,42.5,2.971,N
BX21-034,31.50,33.50,6.597,2.434,37.7,2.947,Y
BX21-034,33.50,34.50,6.378,2.189,40.4,2.994,N
BX21-034,34.50,36.00,6.891,2.331,36.7,3.056,N
BX21-034,36.00,37.00,6.870,2.531,43.8,3.022,N
BX21-034,37.00,38.00,6.270,2.197,38.2,3.054,N
BX21-034,38.00,39.00,6.323,2.316,36.4,2.964,N
BX21-034,39.00,40.00,6.723,2.352,38.0,3.017,N
BX21-034,40.00,41.50,6.862,2.532,41.9,3.073,N
BX21-034,41.50,42.50,7.490,2.560,44.6,3.065,N
BX21-034,42.50,43.50,6.498,2.154,35.4,2.950,N
BX21-034,43.50,45.50,6.326,2.319,37.4,3.024,N
BX21-034,45.50,47.50,7.131,2.464,44.2,3.039,N
BX21-034,47.50,48.50,6.720,2.398,39.1,3.063,N
BX21-034,48.50,49.50,6.473,2.366,38.3,3.020,N
BX21-034,49.50,50.50,6.276,2.179,39.4,3.020,N
BX21-034,50.50,51.50,6.859,2.475,37.8,2.997,N
BX21-034,51.50,52.50,6.776,2.252,41.3,3.032,N
BX21-034,52.50,53.50,6.713,2.421,40.1,3.028,N
BX21-034,53.50,55.00,6.911,2.356,39.1,3.009,N
BX21-034,55.00,57.00,6.719,2.310,38.7,3.061,N
BX21-034,57.00,59.00,6.368,2.233,40.0,3.001,N
BX21-034,59.00,61.00,7.156,2.569,45.2,3.061,N
BX21-034,61.00,63.00,7.285,2.673,46.4,3.027,N
BX21-034,63.00,64.00,7.254,2.507,41.6,3.037,N
BX21-034,64.00,66.00,7.039,2.389,42.4,3.043,N
BX21-034,66.00,67.00,6.675,2.458,37.0,3.027,N
BX21-034,67.00,68.50,6.696,2.317,44.2,3.034,N
BX21-034,68.50,69.50,7.320,2.602,46.9,3.068,N
BX21-034,69.50,70.50,6.968,2.439,45.0,2.992,N
BX21-034,70.50,72.00,6.997,2.426,40.1,3.037,N
BX21-034,72.00,73.00,6.527,2.260,39.1,3.010,N
BX21-034,73.00,74.00,7.144,2.537,40.1,3.074,N
BX21-034,74.00,75.00,7.075,2.395,41.6,3.062,N
BX21-034,75.00,77.00,7.101,2.470,44.6,3.062,N
BX21-034,77.00,78.00,7.658,2.599,42.5,3.051,N
BX21-034,78.00,79.00,6.540,2.338,38.0,3.013,N
BX21-034,79.00,80.00,7.134,2.278,40.4,3.029,N
BX21-034,80.00,81.50,6.797,2.338,41.2,3.044,N
BX21-034,81.50,82.50,7.430,2.496,45.7,3.036,N
BX21-034,82.50,83.50,7.293,2.543,42.1,3.082,N
BX21-034,83.50,85.00,6.367,2.350,40.1,2.947,N
BX21-034,85.00,86.50,7.278,2.438,42.1,3.062,N
BX21-034,86.50,88.00,7.280,2.710,42.8,3.013,N
BX21-034,88.00,90.00,7.401,2.701,45.7,3.093,N
BX21-034,90.00,91.00,7.403,2.696,46.0,3.048,N
BX21-034,91.00,93.00,8.054,2.850,46.5,3.077,N
BX21-034,93.00,94.50,7.504,2.737,42.4,3.049,N
BX21-034,94.50,95.50,7.137,2.475,43.3,3.021,N
BX21-034,95.50,96.50,7.303,2.527,45.9,3.090,N
BX21-034,96.50,97.50,7.175,2.737,41.8,3.011,N
BX21-034,97.50,99.50,6.688,2.349,39.7,3.012,N
BX21-034,99.50,100.50,7.411,2.390,44.9,3.033,N
BX21-034,100.50,102.50,7.333,2.486,41.1,3.096,N
BX21-034,102.50,103.50,7.267,2.516,40.6,3.077,N
BX21-034,103.50,104.50,7.715,2.694,47.6,3.127,N
BX21-034,104.50,105.50,6.798,2.357,37.8,3.012,N
BX21-034,105.50,107.50,7.271,2.639,45.0,3.076,N
BX21-034,107.50,108.50,6.926,2.556,40.8,3.049,N
BX21-034,108.50,110.00,6.809,2.454,40.0,3.050,N
BX21-034,110.00,111.00,7.469,2.559,45.3,3.072,N
BX21-034,111.00,112.50,7.370,2.641,45.0,3.084,N
BX21-034,112.50,113.50,7.511,2.592,42.5,3.083,Y
BX21-034,113.50,115.50,7.726,2.686,47.1,3.080,N
BX21-034,115.50,116.50,6.222,2.189,35.3,3.008,N
BX21-034,116.50,118.00,7.149,2.444,43.1,3.054,N
BX21-034,118.00,119.00,7.344,2.743,44.1,3.111,N
BX21-034,119.00,120.50,7.163,2.575,44.5,3.024,N
BX21-034,120.50,121.50,7.825,2.584,45.1,3.060,N
BX21-034,121.50,122.50,7.655,2.788,47.8,3.060,N
BX21-034,122.50,124.00,7.204,2.502,46.3,2.974,N
BX21-034,124.00,125.00,7.279,2.471,38.5,3.049,N
BX21-035,0.00,1.00,1.120,0.367,4.2,2.688,N
BX21-035,1.00,2.50,2.271,0.741,16.6,2.774,N
BX21-035,2.50,4.00,0.988,0.286,6.7,2.701,N
BX21-035,4.00,5.50,1.684,0.750,9.3,2.751,N
BX21-035,5.50,6.50,1.323,0.423,4.6,2.730,N
BX21-035,6.50,8.00,1.431,0.520,7.4,2.698,Y
BX21-035,8.00,9.50,1.668,0.605,11.5,2.787,N
BX21-035,9.50,11.00,1.912,0.601,10.1,2.737,N
BX21-035,11.00,12.00,1.510,0.522,8.4,2.714,N
BX21-035,12.00,13.00,1.960,0.750,11.0,2.768,N
BX21-035,13.00,14.50,1.033,0.307,5.1,2.730,N
BX21-035,14.50,16.00,2.046,0.738,11.6,2.736,Y
BX21-035,16.00,17.50,1.733,0.560,8.9,2.722,N
BX21-035,17.50,19.00,1.463,0.440,5.9,2.689,N
BX21-035,19.00,20.00,2.440,0.702,16.5,2.751,N
BX21-035,20.00,21.50,1.610,0.621,12.9,2.695,N
BX21-035,21.50,23.00,1.499,0.543,8.7,2.677,N
BX21-035,23.00,25.00,2.198,0.800,11.8,2.750,Y
BX21-035,25.00,26.00,2.355,0.776,12.8,2.803,N
BX21-035,26.00,27.00,1.631,0.680,12.6,2.761,N
BX21-035,27.00,29.00,1.957,0.732,13.0,2.722,N
BX21-035,29.00,31.00,2.290,0.671,12.9,2.823,N
BX21-035,31.00,32.00,1.851,0.621,11.2,2.706,N
BX21-035,32.00,34.00,2.698,1.009,12.5,2.779,N
BX21-035,34.00,36.00,2.249,0.896,11.2,2.776,N
BX21-035,36.00,38.00,2.507,0.888,15.3,2.797,N
BX21-035,38.00,39.00,2.399,0.607,13.4,2.802,N
BX21-035,39.00,40.00,2.192,0.692,12.2,2.767,N
BX21-035,40.00,41.00,2.004,0.688,13.4,2.751,N
BX21-035,41.00,43.00,2.648,0.907,16.8,2.749,N
BX21-035,43.00,44.50,2.282,0.760,14.8,2.745,N
BX21-035,44.50,45.50,3.118,1.049,15.2,2.749,N
BX21-035,45.50,47.50,2.300,0.642,12.8,2.760,N
BX21-035,47.50,49.50,3.114,0.993,19.0,2.854,N
BX21-035,49.50,50.50,2.092,0.566,12.5,2.751,N
BX21-035,50.50,51.50,2.798,0.975,16.1,2.776,N
BX21-035,51.50,52.50,2.475,0.872,15.7,2.760,N
BX21-035,52.50,54.50,2.978,1.111,18.3,2.785,N
BX21-035,54.50,56.50,2.633,0.991,17.7,2.778,N
BX21-035,56.50,57.50,2.351,0.770,14.7,2.772,N
BX21-035,57.50,59.50,2.828,0.973,14.8,2.801,N
BX21-035,59.50,60.50,3.072,1.013,19.3,2.755,Y
BX21-035,60.50,61.50,2.891,1.072,16.7,2.841,N
BX21-035,61.50,63.00,2.553,0.694,18.2,2.749,N
BX21-035,63.00,64.00,2.651,1.063,13.8,2.792,N
BX21-035,64.00,66.00,2.543,0.864,13.9,2.741,N
BX21-035,66.00,67.00,3.274,1.152,16.4,2.828,N
BX21-035,67.00,68.50,3.783,1.391,23.8,2.890,N
BX21-035,68.50,69.50,2.725,0.818,17.4,2.791,N
BX21-035,69.50,71.00,2.752,0.868,17.6,2.791,N
BX21-035,71.00,73.00,3.396,1.211,19.4,2.846,N
BX21-035,73.00,74.50,3.469,1.377,19.4,2.890,N
BX21-035,74.50,75.50,3.638,1.146,19.5,2.822,N
BX21-035,75.50,76.50,2.973,0.947,15.9,2.847,N
BX21-035,76.50,78.50,2.853,1.016,19.6,2.782,N
BX21-035,78.50,79.50,3.592,1.157,19.9,2.852,N
BX21-035,79.50,81.00,3.334,1.047,21.2,2.848,N
BX21-035,81.00,82.00,3.666,1.396,20.7,2.879,N
BX21-035,82.00,83.50,3.519,1.236,21.8,2.885,N
BX21-035,83.50,84.50,3.688,1.424,24.5,2.852,N
BX21-035,84.50,86.50,3.529,1.200,23.0,2.875,Y
BX21-035,86.50,88.50,3.507,1.176,23.1,2.848,N
BX21-035,88.50,89.50,3.456,1.069,22.0,2.811,N
BX21-035,89.50,91.50,3.327,1.024,17.2,2.847,N
BX21-035,91.50,92.50,3.446,1.080,18.4,2.836,N
BX21-035,92.50,94.50,3.577,1.059,19.4,2.864,N
BX21-035,94.50,95.50,3.496,1.316,22.4,2.856,N
BX21-035,95.50,96.50,3.483,1.182,20.6,2.824,N
BX21-035,96.50,97.50,3.661,1.239,23.6,2.844,N
BX21-035,97.50,99.00,4.021,1.321,23.7,2.883,N
BX21-035,99.00,100.00,3.771,1.340,22.9,2.809,N
BX21-035,100.00,101.00,3.932,1.524,23.1,2.905,N
BX21-035,101.00,102.50,3.874,1.249,19.1,2.838,N
BX21-035,102.50,103.50,3.921,1.251,20.3,2.896,N
BX21-035,103.50,105.00,3.749,1.247,22.5,2.852,N
BX21-035,105.00,106.50,3.924,1.325,23.2,2.813,N
BX21-035,106.50,107.50,4.620,1.563,28.1,2.876,N
BX21-035,107.50,108.50,4.658,1.865,27.0,2.941,N
BX21-035,108.50,109.50,4.104,1.477,25.1,2.840,N
BX21-035,109.50,110.50,4.618,1.497,29.6,2.871,N
BX21-035,110.50,112.50,3.691,1.432,18.7,2.890,N
BX21-035,112.50,114.00,5.306,1.830,29.7,2.908,N
BX21-035,114.00,116.00,4.177,1.385,27.3,2.930,N
BX21-035,116.00,117.00,4.474,1.572,28.4,2.919,N
BX21-035,117.00,118.00,3.401,1.419,17.7,2.860,N
BX21-035,118.00,120.00,4.393,1.418,27.7,2.865,N
BX21-035,120.00,121.00,4.258,1.398,25.3,2.842,N
BX21-035,121.00,122.50,3.927,1.439,22.4,2.827,N
BX21-035,122.50,124.50,4.056,1.431,25.2,2.894,N
BX21-035,124.50,125.50,4.563,1.514,23.1,2.927,N
BX21-035,125.50,126.50,3.715,1.311,22.6,2.877,N
BX21-035,126.50,127.50,4.467,1.550,27.2,2.924,N
BX21-035,127.50,129.50,4.471,1.571,26.7,2.881,N
BX21-035,129.50,130.50,4.398,1.545,24.8,2.841,N
BX21-035,130.50,132.00,4.912,1.602,28.2,2.931,N
BX21-035,132.00,133.00,4.389,1.630,24.6,2.930,N
BX21-035,133.00,134.50,4.102,1.361,21.1,2.893,N
BX21-035,134.50,136.00,3.867,1.495,21.2,2.838,N
BX21-035,136.00,137.00,5.250,1.733,29.4,2.965,N
BX21-035,137.00,138.00,4.042,1.500,29.1,2.876,N
BX21-035,138.00,140.00,4.447,1.459,24.9,2.846,N
BX21-035,140.00,141.00,4.315,1.474,25.8,2.929,N
BX21-035,141.00,142.00,4.513,1.421,30.3,2.916,N
BX21-035,142.00,143.00,5.126,1.655,31.5,2.970,N
BX21-035,143.00,145.00,4.054,1.324,22.5,2.855,N
BX21-035,145.00,146.50,5.101,1.650,27.2,2.924,N
BX21-035,146.50,148.00,4.438,1.578,25.6,2.870,N
BX21-035,148.00,149.00,4.757,1.755,28.7,2.879,N
BX21-035,149.00,151.00,4.086,1.409,24.6,2.883,N
BX21-035,151.00,152.50,4.443,1.467,27.1,2.921,N
BX21-035,152.50,153.50,4.211,1.316,24.8,2.845,N
BX21-035,153.50,154.50,4.647,1.703,31.2,2.872,N
BX21-035,154.50,155.50,4.297,1.607,26.4,2.840,N
BX21-035,155.50,157.50,4.574,1.602,24.0,2.816,Y
BX21-035,157.50,159.50,4.588,1.604,26.6,2.938,N
BX21-035,159.50,161.50,3.808,1.301,23.5,2.853,Y
BX21-035,161.50,162.50,4.580,1.581,28.7,2.892,N
BX21-035,162.50,164.00,4.706,1.584,29.9,2.887,N
BX21-035,164.00,165.00,4.776,1.645,30.5,2.925,N
BX21-035,165.00,166.00,5.306,1.992,33.0,2.933,N
BX21-035,166.00,167.00,4.525,1.616,22.9,2.877,N
BX21-035,167.00,168.50,5.074,1.802,32.3,2.901,N
BX21-035,168.50,169.50,4.382,1.479,27.3,2.907,N
BX21-035,169.50,171.00,4.881,1.802,31.6,2.914,N
BX21-035,171.00,172.00,4.213,1.667,25.7,2.867,N
BX21-035,172.00,173.00,4.672,1.608,29.5,2.932,N
BX21-035,173.00,174.00,4.980,1.833,27.1,2.920,N
BX21-035,174.00,175.00,4.991,1.774,33.2,2.899,N
BX21-035,175.00,176.00,4.481,1.514,28.3,2.903,N
BX21-035,176.00,177.00,4.098,1.575,25.3,2.873,N
BX21-036,0.00,1.00,0.114,0.028,0.5,2.665,N
BX21-036,1.00,2.50,0.181,0.285,0.5,2.626,N
BX21-036,2.50,3.50,0.250,0.010,0.5,2.640,N
BX21-036,3.50,4.50,0.020,0.010,0.5,2.575,N
BX21-036,4.50,6.50,0.507,0.256,0.5,2.706,N
BX21-036,6.50,7.50,0.286,0.105,0.5,2.656,N
BX21-036,7.50,8.50,0.020,0.010,0.5,2.604,N
BX21-036,8.50,9.50,0.434,0.025,1.8,2.593,N
BX21-036,9.50,10.50,0.589,0.156,3.1,2.644,N
BX21-036,10.50,12.50,0.037,0.128,0.6,2.615,N
BX21-036,12.50,13.50,1.018,0.477,5.8,2.652,N
BX21-036,13.50,15.00,0.020,0.010,1.1,2.643,N
BX21-036,15.00,17.00,0.094,0.017,0.5,2.628,N
BX21-036,17.00,18.50,0.411,0.029,0.9,2.610,N
BX21-036,18.50,20.00,0.501,0.060,3.5,2.632,N
BX21-036,20.00,21.50,0.205,0.010,2.3,2.569,N
BX21-036,21.50,22.50,1.007,0.265,9.5,2.715,N
BX21-036,22.50,24.00,0.976,0.274,4.4,2.647,N
BX21-036,24.00,25.00,1.157,0.517,9.5,2.672,N
BX21-036,25.00,26.00,0.020,0.010,1.8,2.608,N
BX21-036,26.00,27.00,0.020,0.124,0.5,2.620,Y
BX21-036,27.00,28.00,0.266,0.127,0.5,2.666,N
BX21-036,28.00,29.50,0.395,0.077,3.1,2.685,N
BX21-036,29.50,31.00,0.427,0.113,5.2,2.664,N
BX21-036,31.00,32.50,0.561,0.256,1.7,2.634,N
BX21-036,32.50,33.50,0.113,0.010,1.2,2.606,N
BX21-036,33.50,34.50,0.107,0.086,1.9,2.652,N
BX21-036,34.50,35.50,0.891,0.382,2.7,2.648,N
BX21-036,35.50,37.00,0.835,0.375,8.0,2.657,N
BX21-036,37.00,38.00,0.020,0.010,0.5,2.665,N
BX21-036,38.00,39.00,0.808,0.169,3.6,2.611,N
BX21-036,39.00,40.00,0.947,0.306,4.4,2.681,N
BX21-036,40.00,41.50,0.302,0.010,3.2,2.661,N
BX21-036,41.50,42.50,0.234,0.130,4.1,2.660,N
BX21-036,42.50,43.50,1.063,0.285,6.7,2.700,N
BX21-036,43.50,44.50,0.530,0.134,4.2,2.666,N
BX21-036,44.50,46.50,0.662,0.278,4.1,2.669,N
BX21-036,46.50,48.00,0.654,0.163,5.5,2.712,N
BX21-036,48.00,49.00,0.472,0.168,2.1,2.643,N
BX21-036,49.00,50.00,0.957,0.376,5.7,2.715,N
BX21-036,50.00,51.00,0.811,0.442,5.1,2.663,N
BX21-036,51.00,52.50,0.930,0.469,8.6,2.620,N
BX21-036,52.50,53.50,0.860,0.375,1.9,2.679,N
BX21-036,53.50,54.50,1.442,0.480,7.8,2.685,N
BX21-036,54.50,56.00,0.822,0.380,5.0,2.704,N
BX21-036,56.00,57.50,1.045,0.359,10.7,2.670,N
BX21-036,57.50,59.00,0.741,0.237,2.6,2.630,N
BX21-036,59.00,60.00,0.472,0.048,5.2,2.623,N
BX21-036,60.00,62.00,1.113,0.239,7.8,2.612,N
BX21-036,62.00,64.00,0.622,0.230,5.3,2.666,N
BX21-036,64.00,65.00,0.600,0.182,2.0,2.638,N
BX21-036,65.00,67.00,1.091,0.354,3.7,2.660,N
BX21-036,67.00,68.00,1.192,0.364,5.2,2.705,N
BX21-036,68.00,70.00,0.207,0.030,1.7,2.663,N
BX21-036,70.00,71.00,0.714,0.215,1.9,2.673,Y
BX21-036,71.00,72.50,0.449,0.088,6.8,2.605,N
BX21-036,72.50,74.50,1.237,0.450,6.1,2.707,N
BX21-036,74.50,75.50,1.038,0.491,3.9,2.682,N
BX21-036,75.50,76.50,0.563,0.269,7.6,2.707,N
BX21-036,76.50,78.00,1.289,0.476,10.9,2.705,N
BX21-036,78.00,79.50,1.413,0.427,9.5,2.676,N
BX21-036,79.50,80.50,0.710,0.236,6.0,2.689,N
BX21-036,80.50,82.00,0.624,0.010,0.5,2.654,N
BX21-036,82.00,84.00,0.236,0.010,0.5,2.572,N
BX21-036,84.00,85.50,1.242,0.432,6.3,2.729,N
BX21-036,85.50,87.00,0.674,0.205,2.7,2.672,N
BX21-036,87.00,89.00,1.422,0.459,7.8,2.685,N
BX21-036,89.00,90.00,1.118,0.449,5.8,2.691,N
BX21-036,90.00,91.50,1.831,0.614,10.8,2.734,N
BX21-036,91.50,92.50,1.571,0.503,10.9,2.748,N
BX21-036,92.50,93.50,1.391,0.411,10.0,2.688,N
BX21-036,93.50,94.50,0.904,0.323,3.5,2.692,N
BX21-036,94.50,96.50,0.786,0.052,7.1,2.657,N
BX21-036,96.50,98.50,1.194,0.398,7.7,2.627,N
BX21-036,98.50,99.50,1.628,0.602,9.5,2.737,N
BX21-036,99.50,100.50,0.614,0.225,1.1,2.713,N
BX21-036,100.50,101.50,1.741,0.541,9.2,2.751,N
BX21-036,101.50,102.50,1.023,0.276,7.6,2.732,N
BX21-036,102.50,103.50,1.243,0.265,8.1,2.717,N
BX21-036,103.50,104.50,1.414,0.541,9.8,2.707,N
BX21-036,104.50,105.50,1.035,0.461,5.9,2.692,N
BX21-036,105.50,106.50,1.242,0.546,5.3,2.707,N
BX21-036,106.50,107.50,1.218,0.511,4.3,2.734,N
BX21-036,107.50,108.50,0.695,0.053,5.0,2.663,N
BX21-036,108.50,109.50,1.404,0.592,8.1,2.661,N
BX21-036,109.50,111.00,1.579,0.609,7.8,2.684,N
BX21-036,111.00,112.50,1.799,0.592,14.1,2.752,N
BX21-036,112.50,114.50,1.779,0.749,7.2,2.754,N
BX21-036,114.50,116.00,1.270,0.430,10.0,2.694,N
BX21-036,116.00,118.00,0.902,0.251,5.4,2.646,N
BX21-036,118.00,119.00,1.624,0.604,9.6,2.744,N
BX21-036,119.00,121.00,0.947,0.572,7.2,2.638,N
BX21-036,121.00,122.00,1.402,0.511,14.5,2.682,N
BX21-036,122.00,123.00,1.871,0.574,16.6,2.710,N
BX21-036,123.00,124.00,1.572,0.506,7.8,2.717,N
BX21-036,124.00,125.00,1.099,0.354,5.5,2.716,N
BX21-036,125.00,126.50,2.471,0.765,14.0,2.793,N
BX21-036,126.50,127.50,2.285,0.765,12.1,2.791,N
BX21-036,127.50,129.50,1.685,0.507,11.6,2.729,N
BX21-036,129.50,130.50,1.327,0.356,8.7,2.650,N
BX21-036,130.50,131.50,2.043,0.753,10.7,2.702,N
BX21-036,131.50,133.00,1.612,0.491,10.9,2.733,N
BX21-036,133.00,134.00,1.846,0.624,10.8,2.770,N
BX21-036,134.00,135.50,1.721,0.569,11.6,2.787,N
BX21-036,135.50,136.50,1.942,0.776,13.1,2.780,N
BX21-036,136.50,137.50,1.474,0.407,9.3,2.667,N
BX21-036,137.50,138.50,1.492,0.361,6.7,2.673,N
BX21-036,138.50,140.00,2.077,0.864,12.8,2.752,N
BX21-036,140.00,141.00,1.925,0.647,9.9,2.688,N
BX21-036,141.00,142.00,2.167,0.686,15.3,2.692,N
BX21-036,142.00,144.00,1.261,0.291,7.9,2.706,N
BX21-036,144.00,146.00,1.692,0.647,11.6,2.647,N
BX21-036,146.00,148.00,1.666,0.520,10.4,2.668,N
BX21-036,148.00,150.00,2.554,0.944,15.0,2.767,N
BX21-036,150.00,151.00,2.278,0.700,12.8,2.744,N
BX21-036,151.00,153.00,2.056,0.751,14.2,2.727,N
BX21-036,153.00,155.00,1.883,0.598,9.3,2.687,N
BX21-036,155.00,156.00,1.609,0.506,9.8,2.760,N
BX21-036,156.00,157.00,2.207,0.902,12.1,2.759,N
BX21-036,157.00,158.00,1.712,0.462,11.0,2.685,N
BX21-036,158.00,160.00,2.280,0.830,11.3,2.786,N
BX21-036,160.00,162.00,2.275,0.678,15.0,2.819,N
BX21-036,162.00,163.50,2.034,0.733,14.1,2.737,N
BX21-036,163.50,164.50,2.129,0.629,15.2,2.744,N
BX21-036,164.50,166.50,1.979,0.745,13.5,2.777,N
BX21-036,166.50,167.50,2.554,0.744,20.3,2.786,N
BX21-036,167.50,169.00,1.852,0.780,11.9,2.747,N
BX21-036,169.00,171.00,2.601,0.969,14.2,2.775,N
BX21-036,171.00,172.50,2.712,0.899,17.1,2.795,N
BX21-036,172.50,174.00,2.376,0.682,14.9,2.742,N
BX21-036,174.00,175.50,1.838,0.686,6.8,2.709,N
BX21-036,175.50,176.50,2.564,0.965,15.4,2.750,N
BX21-036,176.50,177.50,2.371,0.591,12.5,2.784,N
BX21-036,177.50,179.50,2.832,1.080,15.7,2.797,N
BX21-036,179.50,181.50,2.476,0.773,14.8,2.796,N
BX21-036,181.50,183.00,2.689,0.854,18.4,2.794,N
BX21-036,183.00,184.50,2.538,0.737,14.4,2.845,N
BX21-036,184.50,185.50,3.053,0.918,14.9,2.800,N
BX21-036,185.50,187.50,2.543,0.992,10.3,2.760,Y
BX21-036,187.50,189.50,2.678,0.971,14.5,2.783,N
BX21-036,189.50,190.50,2.559,0.853,13.4,2.757,N
BX21-036,190.50,192.50,2.874,1.046,14.3,2.766,N
BX21-036,192.50,193.50,2.726,0.965,13.4,2.772,N
BX21-036,193.50,195.00,2.664,0.952,12.7,2.777,N
BX21-037,0.00,2.00,0.284,0.156,4.8,2.582,N
BX21-037,2.00,4.00,0.618,0.162,4.6,2.648,N
BX21-037,4.00,5.50,0.020,0.010,0.5,2.610,N
BX21-037,5.50,7.50,0.020,0.053,0.5,2.659,N
BX21-037,7.50,8.50,0.020,0.010,0.5,2.634,N
BX21-037,8.50,9.50,0.503,0.206,1.7,2.596,N
BX21-037,9.50,10.50,0.020,0.010,1.4,2.653,N
BX21-037,10.50,12.00,0.020,0.048,2.1,2.608,N
BX21-037,12.00,13.00,0.020,0.010,5.0,2.613,N
BX21-037,13.00,15.00,0.020,0.075,5.8,2.634,N
BX21-037,15.00,17.00,0.194,0.141,4.2,2.614,N
BX21-037,17.00,18.00,0.132,0.140,0.5,2.634,N
BX21-037,18.00,19.00,0.108,0.010,1.4,2.655,N
BX21-037,19.00,20.00,0.375,0.114,2.4,2.605,N
BX21-037,20.00,21.50,0.084,0.010,0.5,2.611,N
BX21-037,21.50,22.50,0.020,0.095,0.5,2.624,N
BX21-037,22.50,24.50,0.020,0.110,0.5,2.633,N
BX21-037,24.50,25.50,0.020,0.055,0.5,2.669,N
BX21-037,25.50,27.50,0.020,0.120,0.5,2.669,N
BX21-037,27.50,29.50,0.020,0.010,0.5,2.601,N
BX21-037,29.50,30.50,0.300,0.024,0.7,2.665,N
BX21-037,30.50,32.50,0.020,0.017,3.2,2.651,N
BX21-037,32.50,33.50,0.020,0.010,0.5,2.663,Y
BX21-037,33.50,34.50,0.020,0.097,0.5,2.673,N
BX21-037,34.50,36.50,0.055,0.162,0.5,2.609,N
BX21-037,36.50,38.50,0.020,0.048,0.5,2.648,N
BX21-037,38.50,40.50,0.020,0.039,0.5,2.617,N
BX21-037,40.50,42.50,0.228,0.210,2.7,2.640,N
BX21-037,42.50,43.50,0.246,0.022,1.5,2.613,N
BX21-037,43.50,44.50,0.047,0.010,3.3,2.610,N
BX21-037,44.50,45.50,0.493,0.104,0.6,2.650,N
BX21-037,45.50,46.50,0.020,0.074,0.7,2.624,N
BX21-037,46.50,48.00,0.327,0.016,7.4,2.621,Y
BX21-037,48.00,50.00,0.312,0.276,3.5,2.660,N
BX21-037,50.00,51.00,0.080,0.010,2.5,2.612,N
BX21-037,51.00,52.50,0.195,0.178,0.5,2.617,N
BX21-037,52.50,54.00,0.142,0.082,3.1,2.609,N
BX21-037,54.00,56.00,0.020,0.010,2.8,2.554,N
BX21-037,56.00,57.00,0.020,0.010,0.7,2.606,N
BX21-037,57.00,58.50,0.050,0.019,0.5,2.640,N
BX21-037,58.50,60.00,0.020,0.010,1.2,2.609,N
BX21-037,60.00,61.00,0.020,0.010,3.6,2.665,N
BX21-037,61.00,62.50,0.020,0.010,0.5,2.610,Y
BX21-037,62.50,64.00,0.283,0.010,4.2,2.650,N
BX21-037,64.00,65.00,0.020,0.010,0.7,2.657,N
BX21-037,65.00,66.00,0.020,0.010,0.5,2.646,N
BX21-037,66.00,67.00,0.020,0.010,0.5,2.616,N
BX21-037,67.00,68.50,0.293,0.072,0.5,2.639,N
BX21-037,68.50,69.50,0.078,0.010,4.5,2.592,N
BX21-037,69.50,70.50,0.020,0.010,2.2,2.618,N
BX21-037,70.50,72.00,0.021,0.117,0.5,2.562,N
BX21-037,72.00,73.50,0.020,0.121,0.5,2.569,N
BX21-037,73.50,75.50,0.020,0.010,0.5,2.587,N
BX21-037,75.50,77.50,0.149,0.010,0.8,2.651,N
BX21-037,77.50,78.50,0.610,0.086,1.3,2.617,N
BX21-037,78.50,80.00,0.351,0.271,4.2,2.664,N
BX21-037,80.00,81.00,0.020,0.049,0.5,2.606,N
BX21-037,81.00,83.00,0.020,0.107,0.5,2.634,N
BX21-037,83.00,84.00,0.530,0.201,2.3,2.679,N
BX21-037,84.00,85.50,0.199,0.010,1.9,2.628,N
BX21-037,85.50,86.50,0.085,0.061,0.5,2.629,N
BX21-037,86.50,88.00,0.020,0.083,2.7,2.602,N
BX21-037,88.00,90.00,0.020,0.010,0.5,2.617,N
BX21-037,90.00,91.00,0.020,0.010,0.5,2.624,N
BX21-037,91.00,92.00,0.020,0.010,0.9,2.624,N
BX21-037,92.00,94.00,0.020,0.056,1.8,2.702,N
BX21-037,94.00,95.00,0.423,0.187,3.1,2.675,N
BX21-037,95.00,96.50,0.025,0.010,0.5,2.642,N
BX21-037,96.50,97.50,0.020,0.010,1.5,2.599,N
BX21-037,97.50,99.50,0.585,0.205,2.7,2.685,N
BX21-037,99.50,100.50,0.714,0.236,1.9,2.669,N
BX21-037,100.50,101.50,0.689,0.391,5.9,2.691,N
BX21-037,101.50,103.50,0.098,0.010,0.5,2.598,N
BX21-037,103.50,105.00,0.020,0.010,2.5,2.609,Y
BX21-037,105.00,106.00,0.020,0.085,2.4,2.634,N
BX21-037,106.00,107.00,0.026,0.010,0.5,2.667,N
BX21-037,107.00,108.00,0.204,0.092,3.7,2.653,N
BX21-037,108.00,110.00,0.020,0.010,2.4,2.637,N
BX21-037,110.00,111.00,0.215,0.034,0.5,2.629,N
BX21-037,111.00,112.00,0.103,0.010,0.6,2.674,N
BX21-037,112.00,113.00,0.344,0.010,5.0,2.684,N
BX21-037,113.00,114.50,0.020,0.033,0.5,2.650,N
BX21-037,114.50,115.50,0.020,0.115,0.5,2.624,N
BX21-037,115.50,117.50,0.049,0.010,1.2,2.671,N
BX21-037,117.50,119.00,0.049,0.038,0.5,2.649,N
BX21-037,119.00,120.50,0.020,0.166,0.5,2.637,N
BX21-037,120.50,121.50,0.020,0.010,0.5,2.630,N
BX21-037,121.50,122.50,0.292,0.010,0.5,2.611,N
BX21-037,122.50,124.50,0.020,0.010,0.5,2.668,N
BX21-037,124.50,126.50,0.119,0.190,0.5,2.596,N
BX21-037,126.50,128.50,0.020,0.087,0.5,2.601,N
BX21-037,128.50,129.50,0.020,0.010,1.8,2.625,N
BX21-037,129.50,131.00,0.020,0.010,0.6,2.652,N
BX21-037,131.00,132.50,0.515,0.190,3.3,2.651,N
BX21-037,132.50,133.50,0.158,0.010,0.5,2.638,N
BX21-037,133.50,134.50,0.020,0.010,0.5,2.577,N
BX21-037,134.50,136.00,0.020,0.010,0.5,2.592,N
BX21-037,136.00,137.00,0.020,0.167,0.5,2.606,N
BX21-037,137.00,138.50,0.216,0.072,1.9,2.664,N
BX21-037,138.50,139.50,0.093,0.269,0.5,2.658,N
BX21-037,139.50,140.50,0.373,0.010,1.4,2.590,N
BX21-037,140.50,141.50,0.020,0.042,2.3,2.607,N
BX21-037,141.50,142.50,0.020,0.010,0.5,2.562,N
BX21-037,142.50,143.50,0.020,0.010,0.5,2.593,N
BX21-037,143.50,144.50,0.020,0.013,0.5,2.599,N
BX21-037,144.50,145.50,0.157,0.130,0.5,2.611,N
BX21-037,145.50,146.50,0.020,0.010,0.5,2.579,N
BX21-037,146.50,148.00,0.020,0.093,0.5,2.697,N
BX21-037,148.00,149.50,0.020,0.010,0.5,2.634,N
BX21-037,149.50,150.50,0.020,0.010,0.9,2.692,N
BX21-037,150.50,151.50,0.020,0.010,2.2,2.611,N
BX21-037,151.50,152.50,0.601,0.286,5.1,2.659,N
BX21-037,152.50,153.50,0.326,0.251,2.1,2.643,N
BX21-037,153.50,154.50,0.197,0.200,3.9,2.634,N
BX21-037,154.50,155.50,0.020,0.100,1.8,2.548,N
BX21-037,155.50,157.50,0.020,0.035,2.2,2.598,N
BX21-037,157.50,159.00,0.137,0.041,3.0,2.614,N
BX21-037,159.00,160.00,0.020,0.010,0.5,2.638,N
BX21-037,160.00,161.00,0.020,0.091,2.5,2.657,N
BX21-037,161.00,162.00,0.020,0.015,1.8,2.632,N
BX21-037,162.00,163.00,0.284,0.010,0.5,2.664,N
BX21-037,163.00,164.50,0.124,0.118,0.5,2.618,N
BX21-037,164.50,165.50,0.020,0.222,0.5,2.657,N
BX21-037,165.50,167.50,0.354,0.169,0.5,2.675,N
BX21-037,167.50,168.50,0.416,0.416,0.6,2.657,N
BX21-037,168.50,170.50,0.020,0.120,1.7,2.629,N
BX21-037,170.50,171.50,0.020,0.010,0.5,2.605,N
BX21-037,171.50,172.50,0.020,0.010,0.5,2.585,N
BX21-037,172.50,174.00,0.020,0.010,0.5,2.611,N
BX21-037,174.00,175.00,0.020,0.108,0.5,2.630,N
BX21-037,175.00,177.00,0.020,0.168,2.1,2.655,N
BX21-037,177.00,178.50,0.170,0.010,3.7,2.666,N
BX21-037,178.50,179.50,0.020,0.065,1.8,2.675,N
BX21-037,179.50,181.00,0.111,0.113,0.5,2.626,N
BX21-037,181.00,182.50,0.534,0.229,5.6,2.665,N
BX21-037,182.50,184.00,0.020,0.064,0.5,2.624,N
BX21-037,184.00,186.00,0.020,0.067,0.5,2.621,N
BX21-037,186.00,187.50,0.020,0.021,4.8,2.584,N
BX21-037,187.50,188.50,0.405,0.081,1.4,2.610,N
BX21-037,188.50,190.50,0.165,0.010,0.6,2.616,N
BX21-037,190.50,192.00,0.020,0.022,0.5,2.633,Y
BX21-037,192.00,194.00,0.708,0.063,1.0,2.626,N
BX21-037,194.00,195.00,0.195,0.110,3.0,2.661,N
BX21-037,195.00,196.00,0.047,0.010,0.8,2.631,N
BX21-037,196.00,197.50,0.020,0.275,2.3,2.592,N
BX21-037,197.50,198.50,0.554,0.265,3.4,2.646,N
BX21-037,198.50,199.50,0.020,0.010,0.5,2.582,N
BX21-037,199.50,201.50,0.020,0.071,0.5,2.560,N
BX21-037,201.50,203.00,0.020,0.010,0.6,2.634,N
BX21-037,203.00,204.00,0.020,0.010,1.6,2.580,N
BX21-037,204.00,205.00,0.355,0.237,0.5,2.657,N
BX21-037,205.00,206.00,0.540,0.154,1.1,2.642,N
BX21-037,206.00,207.00,0.020,0.010,1.3,2.604,N
BX21-037,207.00,208.50,0.020,0.027,0.5,2.661,N
BX21-037,208.50,209.50,0.624,0.190,5.5,2.683,N
BX21-037,209.50,211.00,0.020,0.010,0.5,2.642,N
BX21-037,211.00,212.00,0.020,0.010,3.7,2.590,N
BX21-037,212.00,213.00,0.261,0.257,0.5,2.650,N
BX21-037,213.00,214.00,0.383,0.140,3.5,2.612,N
BX21-037,214.00,215.00,0.396,0.219,5.0,2.668,N
BX21-037,215.00,217.00,0.020,0.010,0.5,2.671,N
BX21-037,217.00,218.50,0.020,0.010,0.5,2.593,N
BX21-037,218.50,219.50,0.247,0.097,0.5,2.614,N
BX21-037,219.50,220.50,0.428,0.306,0.5,2.620,N
BX21-037,220.50,222.00,0.020,0.194,5.1,2.642,N
BX21-037,222.00,224.00,0.770,0.123,6.4,2.654,N
BX21-037,224.00,225.50,0.198,0.227,0.5,2.602,N
BX21-037,225.50,226.50,0.020,0.249,1.6,2.627,N
BX21-037,226.50,227.50,0.207,0.010,1.5,2.614,N
BX21-037,227.50,229.00,0.020,0.155,0.5,2.686,N
BX21-037,229.00,231.00,0.699,0.221,4.9,2.631,N
BX21-037,231.00,232.00,0.065,0.010,0.8,2.657,N
BX21-037,232.00,234.00,0.297,0.169,0.9,2.668,N
BX21-037,234.00,235.00,0.020,0.010,1.3,2.585,N
BX21-037,235.00,237.00,0.020,0.010,4.2,2.624,N
BX21-037,237.00,238.50,0.020,0.138,2.1,2.592,N
BX21-037,238.50,239.50,0.956,0.308,6.7,2.653,N
BX21-037,239.50,241.50,0.020,0.142,2.3,2.631,N
BX21-037,241.50,243.50,0.020,0.065,0.5,2.610,N
BX21-037,243.50,244.50,0.020,0.010,1.5,2.614,N
BX21-037,244.50,245.50,0.217,0.067,0.5,2.587,N
BX21-037,245.50,247.00,0.030,0.010,0.5,2.636,N
BX21-037,247.00,249.00,0.070,0.088,1.3,2.632,N
BX21-037,249.00,250.50,0.020,0.010,0.5,2.572,N
BX21-037,250.50,252.50,0.020,0.027,1.4,2.576,N
BX21-037,252.50,253.50,0.020,0.120,0.5,2.632,N
BX21-037,253.50,254.50,0.020,0.010,0.5,2.601,N
BX21-037,254.50,255.50,0.020,0.010,0.5,2.648,N
BX21-037,255.50,257.50,0.020,0.058,0.5,2.571,N
BX21-037,257.50,258.50,0.113,0.112,0.5,2.600,N
BX21-037,258.50,259.50,0.020,0.062,0.5,2.585,N
BX21-037,259.50,260.50,0.020,0.010,0.7,2.598,N
BX21-037,260.50,261.50,0.020,0.013,2.1,2.629,N
BX21-037,261.50,263.50,0.020,0.010,0.5,2.616,N
BX21-037,263.50,264.50,0.020,0.010,1.2,2.660,N
BX21-037,264.50,266.50,0.065,0.225,0.5,2.670,N
BX21-037,266.50,267.50,0.020,0.010,2.2,2.598,N
BX21-037,267.50,268.50,0.293,0.100,0.5,2.667,N
BX21-037,268.50,270.50,0.020,0.010,0.5,2.600,N
BX21-037,270.50,272.00,0.618,0.178,4.8,2.668,N
BX21-037,272.00,273.50,0.020,0.076,0.5,2.593,N
BX21-037,273.50,274.50,0.035,0.010,1.3,2.650,N
BX21-037,274.50,275.50,0.020,0.010,0.5,2.639,N
BX21-037,275.50,277.50,0.055,0.106,0.5,2.691,N
BX21-037,277.50,279.50,0.200,0.060,3.1,2.650,N
BX21-037,279.50,280.50,0.311,0.010,1.5,2.650,N
BX21-037,280.50,281.50,0.318,0.213,2.9,2.632,N
BX21-037,281.50,283.00,0.020,0.197,1.1,2.629,N
BX21-037,283.00,284.00,0.020,0.167,0.5,2.623,N
BX21-037,284.00,286.00,0.020,0.010,0.5,2.589,N
BX21-037,286.00,287.50,0.020,0.072,0.5,2.614,N
BX21-037,287.50,289.00,0.020,0.012,0.5,2.634,N
BX21-037,289.00,290.50,0.433,0.178,5.5,2.671,N
BX21-037,290.50,292.50,0.020,0.083,0.5,2.625,N
BX21-037,292.50,293.50,0.318,0.207,3.9,2.582,N
BX21-037,293.50,295.00,0.309,0.244,3.0,2.686,N
BX21-037,295.00,296.00,0.020,0.010,0.5,2.626,N
BX21-037,296.00,297.00,0.020,0.060,0.5,2.635,N
BX21-037,297.00,299.00,0.218,0.010,1.1,2.627,N
BX21-037,299.00,300.50,0.020,0.099,1.1,2.674,N
BX21-037,300.50,301.50,0.394,0.110,0.5,2.659,N
BX21-037,301.50,303.50,0.020,0.010,1.3,2.611,N
BX21-037,303.50,305.00,0.121,0.127,2.9,2.605,N
BX21-037,305.00,306.00,0.538,0.470,4.0,2.660,N
BX21-037,306.00,308.00,0.086,0.010,0.5,2.711,N
BX21-037,308.00,309.00,0.020,0.010,0.5,2.616,N
BX21-037,309.00,311.00,0.020,0.028,2.7,2.652,N
BX21-037,311.00,312.00,0.554,0.252,1.2,2.679,N
BX21-037,312.00,313.00,0.205,0.010,1.2,2.598,N
BX21-037,313.00,315.00,0.020,0.010,0.5,2.627,N
BX21-037,315.00,316.00,0.020,0.040,0.5,2.643,N
BX21-038,0.00,1.50,0.020,0.010,0.5,2.651,N
BX21-038,1.50,2.50,0.020,0.036,4.1,2.596,N
BX21-038,2.50,3.50,0.020,0.010,2.7,2.610,N
BX21-038,3.50,5.50,0.020,0.052,1.6,2.602,N
BX21-038,5.50,6.50,0.522,0.285,3.3,2.603,N
BX21-038,6.50,7.50,0.113,0.010,0.5,2.660,N
BX21-038,7.50,8.50,0.020,0.027,1.1,2.630,N
BX21-038,8.50,9.50,0.459,0.018,2.1,2.693,N
BX21-038,9.50,11.00,0.132,0.010,2.4,2.622,N
BX21-038,11.00,12.50,0.020,0.023,0.8,2.616,N
BX21-038,12.50,14.00,0.020,0.010,0.5,2.597,N
BX21-038,14.00,16.00,0.523,0.211,2.1,2.656,N
BX21-038,16.00,18.00,0.020,0.010,2.0,2.677,Y
BX21-038,18.00,19.50,0.020,0.010,0.9,2.640,N
BX21-038,19.50,20.50,0.213,0.152,1.6,2.585,N
BX21-038,20.50,22.00,0.020,0.010,0.5,2.650,N
BX21-038,22.00,23.50,0.299,0.135,2.7,2.657,N
BX21-038,23.50,25.50,0.020,0.020,2.3,2.585,N
BX21-038,25.50,26.50,0.330,0.224,0.6,2.688,N
BX21-038,26.50,28.50,0.439,0.194,1.5,2.664,Y
BX21-038,28.50,29.50,0.048,0.010,0.5,2.583,N
BX21-038,29.50,31.50,0.020,0.010,2.9,2.643,N
BX21-038,31.50,33.00,0.020,0.010,0.5,2.625,N
BX21-038,33.00,35.00,0.271,0.043,0.9,2.659,N
BX21-038,35.00,36.00,0.364,0.340,1.4,2.678,N
BX21-038,36.00,37.00,0.020,0.010,0.5,2.590,N
BX21-038,37.00,38.00,0.312,0.186,0.5,2.607,N
BX21-038,38.00,39.00,0.232,0.173,0.7,2.571,N
BX21-038,39.00,40.00,0.308,0.019,2.3,2.691,N
BX21-038,40.00,41.00,0.232,0.137,0.5,2.698,N
BX21-038,41.00,42.50,0.287,0.035,3.8,2.645,N
BX21-038,42.50,43.50,0.269,0.076,0.9,2.620,N
BX21-038,43.50,44.50,0.020,0.010,0.5,2.640,N
BX21-038,44.50,45.50,0.020,0.031,0.6,2.563,N
BX21-038,45.50,46.50,0.345,0.025,1.0,2.704,N
BX21-038,46.50,47.50,0.020,0.010,1.2,2.629,N
BX21-038,47.50,48.50,0.161,0.154,0.5,2.651,N
BX21-038,48.50,49.50,0.436,0.178,3.1,2.688,N
BX21-038,49.50,51.50,0.089,0.026,0.5,2.576,N
BX21-038,51.50,53.50,0.020,0.010,0.5,2.652,N
BX21-038,53.50,55.50,0.557,0.181,6.5,2.669,N
BX21-038,55.50,57.50,0.188,0.034,1.5,2.663,N
BX21-038,57.50,59.50,0.020,0.045,0.7,2.654,N
BX21-038,59.50,60.50,0.020,0.032,3.6,2.638,N
BX21-038,60.50,62.50,0.020,0.206,0.5,2.633,N
BX21-038,62.50,64.00,0.262,0.170,1.3,2.657,N
BX21-038,64.00,66.00,0.486,0.197,0.5,2.685,N
BX21-038,66.00,68.00,0.020,0.010,1.0,2.585,N
BX21-038,68.00,69.00,0.020,0.130,0.5,2.603,Y
BX21-038,69.00,70.50,0.020,0.010,0.5,2.630,N
BX21-038,70.50,71.50,0.205,0.148,2.3,2.633,N
BX21-038,71.50,72.50,0.020,0.010,1.0,2.649,N
BX21-038,72.50,73.50,0.242,0.079,1.7,2.663,N
BX21-038,73.50,74.50,0.020,0.010,0.5,2.617,N
BX21-038,74.50,75.50,0.348,0.139,4.3,2.625,N
BX21-038,75.50,77.50,0.020,0.010,3.0,2.669,N
BX21-038,77.50,78.50,0.020,0.010,0.5,2.673,N
BX21-038,78.50,80.50,0.306,0.015,2.3,2.669,N
BX21-038,80.50,81.50,0.090,0.010,7.4,2.674,N
BX21-038,81.50,83.00,0.404,0.170,0.8,2.641,N
BX21-038,83.00,84.00,0.020,0.010,1.5,2.645,N
BX21-038,84.00,85.00,0.020,0.135,0.5,2.630,N
BX21-038,85.00,86.50,0.097,0.010,2.0,2.598,N
BX21-038,86.50,88.00,0.038,0.032,0.5,2.616,N
BX21-038,88.00,89.00,0.080,0.010,1.2,2.619,N
BX21-038,89.00,90.00,0.020,0.049,0.5,2.600,N
BX21-038,90.00,91.00,1.248,0.493,5.8,2.705,N
BX21-038,91.00,93.00,0.501,0.175,3.1,2.613,N
BX21-038,93.00,95.00,0.020,0.010,0.5,2.584,N
BX21-038,95.00,96.00,0.020,0.221,0.5,2.612,N
BX21-038,96.00,97.00,0.062,0.010,0.5,2.621,N
BX21-038,97.00,98.00,0.139,0.075,0.5,2.613,N
BX21-038,98.00,99.00,0.471,0.167,5.2,2.622,N
BX21-038,99.00,100.00,0.093,0.011,3.9,2.646,N
BX21-038,100.00,101.00,0.020,0.012,0.7,2.664,N
BX21-038,101.00,102.50,0.020,0.099,1.6,2.635,N
BX21-038,102.50,103.50,0.020,0.109,0.5,2.631,N
BX21-038,103.50,105.50,0.020,0.010,0.5,2.590,N
BX21-038,105.50,106.50,0.161,0.010,1.1,2.643,N
BX21-038,106.50,108.50,0.020,0.119,2.4,2.628,N
BX21-038,108.50,110.00,0.249,0.150,0.5,2.640,N
BX21-038,110.00,111.00,0.020,0.156,0.5,2.641,N
BX21-038,111.00,113.00,0.386,0.165,1.3,2.649,N
BX21-038,113.00,114.00,0.020,0.010,0.5,2.597,N
BX21-038,114.00,115.00,0.305,0.063,1.6,2.629,N
BX21-038,115.00,117.00,0.033,0.080,2.8,2.666,N
BX21-038,117.00,118.00,0.020,0.080,0.6,2.599,N
BX21-038,118.00,119.00,0.467,0.376,1.7,2.671,N
BX21-038,119.00,121.00,0.484,0.106,0.5,2.702,N
BX21-038,121.00,122.50,0.323,0.053,0.5,2.660,N
BX21-038,122.50,123.50,0.506,0.178,4.1,2.610,N
BX21-038,123.50,124.50,0.020,0.040,0.5,2.685,N
BX21-038,124.50,126.00,0.509,0.375,1.0,2.632,N
BX21-038,126.00,127.00,0.329,0.203,2.7,2.643,N
BX21-038,127.00,128.50,0.218,0.158,3.1,2.587,N
BX21-038,128.50,130.00,0.298,0.123,4.8,2.601,N
BX21-038,130.00,131.00,0.021,0.035,1.3,2.643,N
BX21-038,131.00,132.00,0.409,0.160,3.8,2.640,N
BX21-038,132.00,134.00,0.452,0.248,2.3,2.594,N
BX21-038,134.00,136.00,0.381,0.167,1.4,2.669,N
BX21-038,136.00,137.50,0.020,0.028,0.5,2.666,N
BX21-038,137.50,139.00,0.822,0.393,6.0,2.687,N
BX21-038,139.00,140.00,0.020,0.030,3.3,2.608,N
BX21-038,140.00,141.50,0.341,0.255,0.5,2.668,N
BX21-038,141.50,143.00,0.020,0.071,0.5,2.646,N
BX21-038,143.00,144.50,0.685,0.162,6.4,2.669,N
BX21-038,144.50,145.50,0.020,0.034,0.5,2.606,N
BX21-038,145.50,146.50,0.020,0.010,4.5,2.669,N
BX21-038,146.50,148.50,0.353,0.034,2.9,2.642,N
BX21-038,148.50,150.50,0.435,0.163,2.6,2.643,N
BX21-038,150.50,151.50,0.144,0.200,2.5,2.637,N
BX21-038,151.50,153.50,0.020,0.102,0.5,2.647,N
BX21-038,153.50,155.00,1.067,0.278,0.5,2.709,N
BX21-038,155.00,156.50,0.637,0.253,5.1,2.626,N
BX21-038,156.50,157.50,0.687,0.284,5.4,2.632,N
BX21-038,157.50,159.00,0.603,0.422,0.5,2.618,N
BX21-038,159.00,160.00,0.943,0.254,6.6,2.743,N
BX21-038,160.00,161.00,0.951,0.387,5.4,2.643,N
BX21-038,161.00,162.50,1.063,0.378,3.2,2.705,N
BX21-038,162.50,164.50,1.182,0.473,8.3,2.704,N
BX21-038,164.50,166.00,1.538,0.667,7.8,2.683,N
BX21-038,166.00,168.00,0.997,0.222,2.0,2.628,N
BX21-038,168.00,170.00,0.298,0.010,0.5,2.629,N
BX21-038,170.00,171.00,0.478,0.063,1.3,2.665,N
BX21-038,171.00,172.50,1.433,0.399,8.8,2.730,N
BX21-038,172.50,173.50,0.809,0.292,5.7,2.714,N
BX21-038,173.50,174.50,0.819,0.375,1.7,2.712,Y
BX21-038,174.50,176.00,1.112,0.461,6.5,2.706,N
BX21-038,176.00,177.50,1.958,0.618,11.8,2.694,N
BX21-038,177.50,178.50,0.963,0.256,6.8,2.688,N
BX21-038,178.50,180.00,1.312,0.482,6.0,2.698,N
BX21-038,180.00,181.00,0.690,0.352,2.9,2.691,N
BX21-038,181.00,182.50,1.186,0.616,5.5,2.687,N
BX21-038,182.50,184.00,1.290,0.426,6.6,2.694,N
BX21-038,184.00,185.00,1.572,0.573,9.7,2.717,N
BX21-038,185.00,186.00,0.983,0.372,7.2,2.686,N
BX21-038,186.00,187.00,1.077,0.454,9.2,2.700,N
BX21-038,187.00,188.00,1.552,0.400,10.7,2.742,N
BX21-038,188.00,189.00,2.338,0.836,15.7,2.745,N
BX21-038,189.00,190.00,1.397,0.596,10.7,2.629,N
BX21-038,190.00,191.00,1.269,0.677,7.2,2.707,N
BX21-038,191.00,192.00,1.598,0.562,9.5,2.738,N
BX21-038,192.00,194.00,1.533,0.557,9.5,2.714,N
BX21-038,194.00,195.00,1.588,0.503,11.9,2.686,N
BX21-038,195.00,196.50,1.764,0.669,10.9,2.717,N
BX21-038,196.50,198.50,1.268,0.399,4.3,2.701,N
BX21-038,198.50,200.50,2.450,0.631,12.8,2.753,N
BX21-038,200.50,202.50,2.591,0.960,16.8,2.761,N
BX21-038,202.50,204.00,2.788,0.917,15.8,2.828,N
BX21-038,204.00,205.00,2.735,1.088,16.0,2.806,N
BX21-038,205.00,206.00,2.111,0.786,11.4,2.741,N
BX21-038,206.00,207.00,2.805,0.922,18.3,2.821,N
BX21-038,207.00,208.00,2.663,0.894,15.0,2.728,N
BX21-038,208.00,209.50,2.430,0.789,15.6,2.766,N
BX21-038,209.50,210.50,3.462,1.212,19.6,2.807,N
BX21-038,210.50,212.50,3.044,1.215,16.6,2.873,N
BX21-038,212.50,214.50,3.180,1.003,18.6,2.773,N
BX21-038,214.50,216.00,2.446,0.810,13.7,2.762,N
BX21-039,0.00,1.50,0.288,0.124,0.5,2.659,N
BX21-039,1.50,3.50,0.020,0.157,0.5,2.587,N
BX21-039,3.50,5.50,0.020,0.010,1.3,2.584,N
BX21-039,5.50,7.00,0.020,0.010,1.1,2.673,Y
BX21-039,7.00,8.00,0.020,0.010,0.8,2.616,N
BX21-039,8.00,9.00,0.020,0.022,0.8,2.598,N
BX21-039,9.00,10.50,0.020,0.010,0.7,2.665,N
BX21-039,10.50,12.00,0.020,0.193,0.5,2.632,N
BX21-039,12.00,13.00,0.124,0.162,1.4,2.640,N
BX21-039,13.00,14.50,0.020,0.010,0.5,2.593,N
BX21-039,14.50,16.50,0.505,0.010,1.5,2.664,N
BX21-039,16.50,17.50,0.020,0.022,0.5,2.599,N
BX21-039,17.50,19.00,0.615,0.374,3.7,2.662,Y
BX21-039,19.00,21.00,0.127,0.089,0.5,2.582,N
BX21-039,21.00,22.00,0.153,0.071,0.5,2.599,N
BX21-039,22.00,23.50,0.122,0.148,1.2,2.584,N
BX21-039,23.50,24.50,0.020,0.119,1.9,2.672,N
BX21-039,24.50,25.50,0.020,0.010,0.5,2.643,N
BX21-039,25.50,26.50,0.345,0.033,2.8,2.649,N
BX21-039,26.50,28.50,0.020,0.044,0.5,2.588,N
BX21-039,28.50,29.50,0.220,0.010,1.8,2.647,N
BX21-039,29.50,30.50,0.020,0.095,0.6,2.624,N
BX21-039,30.50,31.50,0.360,0.157,0.5,2.609,N
BX21-039,31.50,32.50,0.020,0.079,0.5,2.659,N
BX21-039,32.50,34.50,0.020,0.119,2.8,2.582,N
BX21-039,34.50,36.00,0.870,0.225,3.4,2.705,N
BX21-039,36.00,37.00,0.020,0.072,1.5,2.658,N
BX21-039,37.00,38.00,0.020,0.010,0.5,2.615,N
BX21-039,38.00,39.00,0.020,0.135,0.5,2.597,N
BX21-039,39.00,40.00,0.260,0.088,2.2,2.607,N
BX21-039,40.00,41.00,0.138,0.096,0.5,2.664,N
BX21-039,41.00,43.00,0.020,0.010,0.5,2.607,N
BX21-039,43.00,44.50,0.020,0.088,0.5,2.632,N
BX21-039,44.50,45.50,0.020,0.037,0.5,2.627,N
BX21-039,45.50,46.50,0.020,0.010,0.5,2.619,Y
BX21-039,46.50,48.00,0.020,0.199,0.5,2.663,N
BX21-039,48.00,50.00,0.020,0.010,0.5,2.613,N
BX21-039,50.00,52.00,0.020,0.010,1.1,2.612,N
BX21-039,52.00,53.00,0.214,0.113,0.5,2.675,N
BX21-039,53.00,55.00,0.020,0.010,0.5,2.645,N
BX21-039,55.00,56.00,0.623,0.219,3.4,2.641,N
BX21-039,56.00,57.00,0.299,0.211,0.5,2.637,N
BX21-039,57.00,58.00,0.020,0.010,1.6,2.586,N
BX21-039,58.00,59.00,0.042,0.010,0.5,2.611,N
BX21-039,59.00,60.00,0.020,0.010,0.5,2.591,N
BX21-039,60.00,61.00,0.020,0.015,0.9,2.655,N
BX21-039,61.00,62.00,0.020,0.045,0.5,2.613,N
BX21-039,62.00,63.00,0.020,0.118,0.5,2.687,N
BX21-039,63.00,65.00,0.020,0.010,0.5,2.628,N
BX21-039,65.00,66.00,0.200,0.130,3.2,2.649,N
BX21-039,66.00,67.00,0.020,0.016,1.6,2.599,N
BX21-039,67.00,68.50,0.020,0.044,0.5,2.608,N
BX21-039,68.50,70.00,0.022,0.010,0.5,2.614,N
BX21-039,70.00,71.00,0.502,0.052,3.2,2.663,N
BX21-039,71.00,73.00,0.625,0.202,3.0,2.648,N
BX21-039,73.00,74.00,0.982,0.418,6.1,2.692,N
BX21-039,74.00,76.00,0.421,0.010,1.2,2.654,N
BX21-039,76.00,78.00,0.020,0.010,1.3,2.609,N
BX21-039,78.00,79.00,0.121,0.175,0.5,2.618,N
BX21-039,79.00,81.00,0.020,0.010,0.8,2.638,N
BX21-039,81.00,83.00,0.230,0.056,4.1,2.594,N
BX21-039,83.00,85.00,0.384,0.056,0.5,2.667,N
BX21-039,85.00,86.00,0.020,0.114,1.6,2.587,N
BX21-039,86.00,88.00,0.509,0.426,5.2,2.645,N
BX21-039,88.00,89.50,0.090,0.135,0.7,2.620,N
BX21-039,89.50,90.50,0.081,0.183,6.5,2.594,N
BX21-039,90.50,91.50,0.020,0.010,4.9,2.599,N
BX21-039,91.50,93.50,0.324,0.119,1.4,2.638,N
BX21-039,93.50,94.50,0.020,0.010,2.7,2.610,N
BX21-039,94.50,96.50,0.101,0.027,0.5,2.594,N
BX21-039,96.50,98.50,0.020,0.100,0.5,2.649,N
BX21-039,98.50,99.50,0.020,0.073,0.5,2.598,N
BX21-039,99.50,100.50,0.020,0.010,3.6,2.634,N
BX21-039,100.50,101.50,0.020,0.022,1.0,2.635,N
BX21-039,101.50,102.50,0.020,0.091,4.4,2.603,N
BX21-039,102.50,104.00,0.128,0.110,2.8,2.620,N
BX21-039,104.00,105.50,0.020,0.010,1.6,2.605,Y
BX21-039,105.50,106.50,0.020,0.010,0.5,2.580,N
BX21-039,106.50,108.00,0.020,0.010,4.1,2.601,N
BX21-039,108.00,109.00,0.450,0.196,0.5,2.664,N
BX21-039,109.00,110.00,0.530,0.026,5.4,2.626,N
BX21-039,110.00,111.50,0.104,0.092,1.9,2.623,N
BX21-039,111.50,113.50,0.020,0.010,0.5,2.638,N
BX21-039,113.50,115.00,0.020,0.050,2.4,2.646,N
BX21-039,115.00,117.00,0.020,0.077,1.0,2.605,N
BX21-039,117.00,119.00,0.087,0.154,0.5,2.653,Y
BX21-039,119.00,120.00,0.211,0.010,0.5,2.598,N
BX21-039,120.00,121.50,0.020,0.010,0.5,2.617,N
BX21-039,121.50,123.50,0.020,0.010,0.5,2.641,N
BX21-039,123.50,125.00,0.136,0.026,0.5,2.628,N
BX21-039,125.00,127.00,0.020,0.010,0.5,2.669,N
BX21-039,127.00,128.50,0.020,0.010,0.5,2.574,N
BX21-039,128.50,129.50,0.020,0.010,0.5,2.585,N
BX21-039,129.50,130.50,0.318,0.010,4.0,2.656,N
BX21-039,130.50,131.50,0.538,0.193,2.0,2.674,N
BX21-039,131.50,133.00,0.020,0.154,0.6,2.587,N
BX21-039,133.00,134.00,0.241,0.048,0.5,2.662,N
BX21-039,134.00,136.00,0.020,0.010,0.5,2.673,N
BX21-039,136.00,137.00,0.020,0.010,1.5,2.591,N
BX21-039,137.00,138.00,0.423,0.152,1.3,2.594,N
BX21-039,138.00,140.00,0.879,0.403,4.3,2.645,N
BX21-039,140.00,141.50,0.020,0.112,3.7,2.613,N
BX21-039,141.50,142.50,0.058,0.010,0.5,2.568,N
BX21-039,142.50,144.50,0.679,0.291,1.5,2.631,N
BX21-039,144.50,145.50,0.020,0.104,0.5,2.604,N
BX21-039,145.50,146.50,0.331,0.135,1.7,2.606,N
BX21-039,146.50,147.50,0.020,0.010,2.1,2.623,N
BX21-039,147.50,148.50,0.268,0.079,0.5,2.660,N
BX21-039,148.50,150.50,0.554,0.193,4.1,2.671,N
BX21-039,150.50,151.50,0.180,0.116,3.1,2.659,N
BX21-039,151.50,152.50,0.066,0.101,3.0,2.609,N
BX21-039,152.50,154.50,0.020,0.010,0.7,2.618,N
BX21-039,154.50,156.00,0.020,0.010,0.5,2.615,N
BX21-039,156.00,157.00,0.020,0.036,0.6,2.607,N
BX21-039,157.00,158.50,0.171,0.010,3.6,2.651,N
BX21-039,158.50,160.00,0.020,0.057,0.5,2.612,N
BX21-039,160.00,161.00,0.020,0.010,0.9,2.658,N
BX21-039,161.00,163.00,0.274,0.071,1.9,2.597,N
BX21-039,163.00,164.00,0.020,0.011,0.7,2.636,N
BX21-039,164.00,165.50,0.020,0.010,0.5,2.591,N
BX21-039,165.50,167.50,0.061,0.097,1.1,2.600,N
BX21-039,167.50,169.50,0.020,0.010,0.5,2.643,N
BX21-039,169.50,170.50,0.020,0.218,0.5,2.655,N
BX21-039,170.50,171.50,0.020,0.010,0.8,2.639,N
BX21-039,171.50,172.50,0.136,0.276,2.1,2.603,N
BX21-039,172.50,174.00,0.020,0.010,0.5,2.634,N
BX21-039,174.00,176.00,0.533,0.173,2.2,2.629,N
BX21-039,176.00,178.00,0.149,0.163,0.5,2.641,N
BX21-039,178.00,179.00,0.510,0.175,6.7,2.643,N
BX21-039,179.00,180.50,0.569,0.250,4.2,2.662,N
BX21-039,180.50,181.50,0.103,0.120,0.5,2.649,N
BX21-039,181.50,183.50,0.139,0.010,0.6,2.595,N
BX21-039,183.50,184.50,0.020,0.070,1.3,2.650,N
BX21-039,184.50,185.50,0.217,0.014,0.5,2.619,N
BX21-039,185.50,186.50,0.328,0.010,0.5,2.643,N
BX21-039,186.50,188.00,0.061,0.010,2.7,2.619,N
BX21-039,188.00,190.00,0.020,0.010,0.5,2.628,N
BX21-039,190.00,192.00,0.378,0.157,3.7,2.645,N
BX21-039,192.00,193.00,0.156,0.010,2.2,2.621,N
BX21-039,193.00,195.00,0.020,0.010,0.5,2.663,N
BX21-039,195.00,197.00,0.060,0.010,0.5,2.622,N
BX21-039,197.00,198.00,0.079,0.010,0.5,2.671,N
BX21-039,198.00,199.00,0.696,0.139,0.5,2.674,N
BX21-039,199.00,200.00,0.021,0.042,0.5,2.621,N
BX21-039,200.00,201.50,0.718,0.237,0.5,2.603,N
BX21-039,201.50,203.00,0.020,0.010,2.2,2.629,N
BX21-039,203.00,204.50,0.020,0.012,0.5,2.629,N
BX21-039,204.50,206.00,0.020,0.050,0.5,2.584,N
BX21-039,206.00,207.00,0.020,0.010,0.5,2.613,N
BX21-039,207.00,208.00,0.020,0.118,0.7,2.627,N
BX21-039,208.00,209.00,0.020,0.106,0.5,2.586,N
BX21-039,209.00,210.00,0.020,0.010,1.8,2.599,N
BX21-039,210.00,211.00,0.020,0.058,0.6,2.597,N
BX21-039,211.00,212.50,0.020,0.010,0.7,2.590,N
BX21-039,212.50,213.50,0.020,0.010,1.9,2.583,N
BX21-039,213.50,215.50,0.799,0.283,4.6,2.666,N
BX21-039,215.50,216.50,0.020,0.088,1.1,2.581,N
BX21-039,216.50,218.50,0.020,0.010,3.8,2.617,N
BX21-039,218.50,219.50,0.451,0.155,0.5,2.661,N
BX21-039,219.50,221.50,0.055,0.010,0.5,2.627,N
BX21-039,221.50,223.50,0.020,0.361,0.9,2.603,N
BX21-039,223.50,225.00,0.020,0.061,0.8,2.646,N
BX21-039,225.00,226.50,0.020,0.010,0.5,2.661,N
BX21-039,226.50,228.00,0.210,0.266,1.0,2.657,N
BX21-039,228.00,229.50,0.797,0.372,7.5,2.672,N
BX21-039,229.50,231.00,0.026,0.048,0.5,2.633,N
BX21-039,231.00,233.00,0.020,0.010,0.5,2.648,N
BX21-039,233.00,234.00,0.410,0.021,0.5,2.669,N
BX21-039,234.00,235.50,0.020,0.180,1.7,2.583,N
BX21-039,235.50,236.50,0.493,0.010,0.5,2.652,N
BX21-039,236.50,237.50,0.020,0.056,1.7,2.626,N
BX21-039,237.50,238.50,0.020,0.061,3.1,2.638,N
BX21-039,238.50,239.50,0.020,0.010,0.5,2.700,N
BX21-039,239.50,241.50,0.020,0.010,0.5,2.641,N
BX21-039,241.50,243.50,0.197,0.112,0.5,2.618,N
BX21-039,243.50,244.50,0.020,0.134,1.6,2.636,N
BX21-039,244.50,246.00,0.020,0.010,0.5,2.572,N
BX21-039,246.00,248.00,0.020,0.010,2.6,2.640,N
BX21-039,248.00,249.00,0.295,0.089,2.3,2.637,N
BX21-039,249.00,250.00,0.146,0.091,0.5,2.668,N
BX21-039,250.00,251.00,0.436,0.198,1.3,2.624,N
BX21-039,251.00,252.00,0.264,0.124,2.0,2.654,N
BX21-039,252.00,253.50,0.020,0.277,0.5,2.606,N
BX21-039,253.50,255.00,0.020,0.011,1.3,2.652,N
BX21-039,255.00,256.50,0.020,0.092,1.9,2.625,N
BX21-039,256.50,257.50,0.020,0.125,4.8,2.612,N
BX21-039,257.50,258.50,0.183,0.176,0.5,2.648,N
BX21-039,258.50,259.50,0.103,0.010,3.4,2.589,N
BX21-039,259.50,261.50,0.059,0.027,1.9,2.570,N
BX21-039,261.50,262.50,0.141,0.018,4.1,2.615,N
BX21-039,262.50,264.50,0.029,0.010,0.5,2.636,N
BX21-039,264.50,265.50,0.020,0.010,0.5,2.673,N
BX21-039,265.50,266.50,0.020,0.157,0.5,2.662,N
BX21-039,266.50,267.50,0.450,0.337,0.5,2.604,N
BX21-039,267.50,268.50,0.622,0.166,4.4,2.630,N
BX21-039,268.50,270.50,0.020,0.096,0.5,2.643,N
BX21-039,270.50,272.50,0.020,0.168,2.1,2.619,N
BX21-039,272.50,273.50,0.045,0.014,0.5,2.606,N
BX21-039,273.50,274.50,0.020,0.089,3.3,2.626,N
BX21-039,274.50,275.50,0.716,0.511,4.6,2.670,N
BX21-039,275.50,276.50,0.264,0.018,1.5,2.605,N
BX21-039,276.50,277.50,0.020,0.010,0.5,2.588,N
BX21-039,277.50,279.50,0.020,0.102,0.5,2.581,N
BX21-039,279.50,281.50,0.298,0.144,1.6,2.671,N
BX21-039,281.50,283.00,0.020,0.010,5.7,2.596,N
BX21-039,283.00,284.50,0.324,0.053,0.5,2.573,N
BX21-039,284.50,286.50,0.020,0.010,3.4,2.593,N
BX21-039,286.50,287.50,0.503,0.172,5.0,2.670,N
BX21-039,287.50,289.50,0.020,0.010,0.5,2.639,Y
BX21-039,289.50,290.50,0.020,0.027,0.5,2.617,N
BX21-039,290.50,292.50,0.020,0.171,3.3,2.572,N
BX21-039,292.50,293.50,0.020,0.010,2.3,2.651,N
BX21-039,293.50,295.00,0.192,0.067,1.1,2.573,N
BX21-039,295.00,296.50,0.900,0.178,3.7,2.682,N
BX21-039,296.50,297.50,0.020,0.037,0.5,2.676,N
BX21-039,297.50,298.50,0.184,0.141,0.5,2.676,N
BX21-039,298.50,299.50,0.020,0.010,1.7,2.583,N
BX21-039,299.50,301.00,0.020,0.216,1.4,2.640,N
BX21-039,301.00,302.00,0.020,0.010,1.0,2.596,N
BX21-039,302.00,304.00,0.869,0.358,5.4,2.714,N
BX21-039,304.00,305.50,0.164,0.114,4.8,2.642,N
BX21-039,305.50,306.50,0.774,0.379,2.5,2.698,Y
BX21-039,306.50,307.50,0.020,0.010,0.5,2.591,N
BX21-039,307.50,308.00,0.020,0.054,0.8,2.622,N
BX22-041,0.00,1.00,0.675,0.271,4.0,2.611,N
BX22-041,1.00,2.00,0.778,0.296,2.0,2.665,N
BX22-041,2.00,4.00,0.711,0.215,7.0,2.663,N
BX22-041,4.00,5.00,0.606,0.208,5.6,2.619,N
BX22-041,5.00,7.00,0.809,0.255,6.7,2.640,N
BX22-041,7.00,9.00,0.769,0.371,2.1,2.661,N
BX22-041,9.00,11.00,0.421,0.123,1.6,2.646,N
BX22-041,11.00,12.50,0.692,0.253,3.3,2.647,N
BX22-041,12.50,14.50,0.976,0.289,7.2,2.697,N
BX22-041,14.50,16.00,0.708,0.295,6.3,2.643,N
BX22-041,16.00,18.00,0.148,0.074,0.5,2.655,N
BX22-041,18.00,19.50,1.289,0.292,9.3,2.675,N
BX22-041,19.50,21.50,0.024,0.010,2.1,2.645,N
BX22-041,21.50,22.50,0.891,0.504,7.9,2.654,N
BX22-041,22.50,23.50,0.516,0.208,0.5,2.629,N
BX22-041,23.50,25.00,0.020,0.010,1.8,2.657,N
BX22-041,25.00,26.00,0.630,0.199,4.2,2.704,N
BX22-041,26.00,28.00,0.399,0.085,0.5,2.659,N
BX22-041,28.00,30.00,0.809,0.394,4.3,2.659,N
BX22-041,30.00,31.50,0.117,0.010,0.5,2.640,N
BX22-041,31.50,32.50,0.273,0.077,2.1,2.628,N
BX22-041,32.50,33.50,0.539,0.186,3.6,2.615,N
BX22-041,33.50,34.50,0.738,0.166,2.7,2.683,N
BX22-041,34.50,36.50,0.523,0.220,6.4,2.684,N
BX22-041,36.50,38.50,0.437,0.050,2.3,2.667,N
BX22-041,38.50,40.00,0.689,0.505,6.0,2.691,N
BX22-041,40.00,41.00,0.752,0.179,3.5,2.627,N
BX22-041,41.00,42.00,0.436,0.175,2.8,2.642,N
BX22-041,42.00,43.50,0.020,0.010,0.5,2.606,N
BX22-041,43.50,45.50,0.335,0.300,2.9,2.633,N
BX22-041,45.50,47.50,0.455,0.229,2.1,2.637,N
BX22-041,47.50,48.50,0.292,0.108,1.5,2.632,N
BX22-041,48.50,50.00,0.935,0.454,8.2,2.659,N
BX22-041,50.00,51.50,0.570,0.244,6.9,2.666,N
BX22-041,51.50,53.50,0.208,0.077,0.5,2.619,N
BX22-041,53.50,54.50,0.436,0.313,1.6,2.629,N
BX22-041,54.50,56.00,0.505,0.129,4.1,2.632,N
BX22-041,56.00,58.00,0.517,0.220,3.7,2.629,N
BX22-041,58.00,59.50,0.514,0.204,6.9,2.608,N
BX22-041,59.50,61.50,0.294,0.010,0.5,2.656,N
BX22-041,61.50,63.50,0.447,0.081,1.7,2.647,N
BX22-041,63.50,65.00,0.239,0.138,0.5,2.662,N
BX22-041,65.00,66.50,0.210,0.010,0.5,2.640,N
BX22-041,66.50,67.50,0.233,0.032,0.5,2.665,N
BX22-041,67.50,68.50,0.763,0.194,3.8,2.643,N
BX22-041,68.50,69.50,0.111,0.066,0.5,2.638,N
BX22-041,69.50,71.50,0.792,0.088,5.9,2.600,N
BX22-041,71.50,73.00,0.020,0.010,3.0,2.572,N
BX22-041,73.00,75.00,0.295,0.010,5.4,2.660,N
BX22-041,75.00,76.00,0.167,0.010,2.3,2.612,N
BX22-041,76.00,78.00,0.071,0.169,1.8,2.624,N
BX22-041,78.00,80.00,0.171,0.118,1.6,2.612,N
BX22-041,80.00,81.00,0.310,0.143,5.7,2.583,Y
BX22-041,81.00,83.00,0.254,0.234,0.5,2.623,N
BX22-041,83.00,84.00,0.020,0.070,0.5,2.668,N
BX22-041,84.00,85.00,0.779,0.487,5.5,2.678,Y
BX22-041,85.00,86.00,0.020,0.110,0.5,2.635,N
BX22-041,86.00,87.00,0.284,0.190,2.7,2.626,N
BX22-041,87.00,88.00,0.338,0.194,4.0,2.665,N
BX22-041,88.00,89.00,0.020,0.115,0.5,2.631,N
BX22-041,89.00,90.00,0.058,0.010,2.1,2.629,N
BX22-041,90.00,91.00,0.020,0.197,0.5,2.639,N
BX22-041,91.00,92.00,0.215,0.153,1.8,2.612,N
BX22-041,92.00,94.00,0.274,0.235,0.5,2.675,N
BX22-041,94.00,96.00,0.155,0.152,0.5,2.652,N
BX22-041,96.00,97.00,0.467,0.092,0.9,2.651,N
BX22-041,97.00,98.50,0.305,0.139,7.0,2.638,N
BX22-041,98.50,99.50,0.092,0.154,0.5,2.628,N
BX22-041,99.50,101.00,0.109,0.010,2.6,2.642,N
BX22-041,101.00,102.50,0.403,0.098,1.1,2.641,N
BX22-041,102.50,103.50,0.153,0.056,0.5,2.618,Y
BX22-041,103.50,105.50,0.097,0.010,0.5,2.641,N
BX22-041,105.50,107.50,0.020,0.010,0.5,2.637,N
BX22-041,107.50,108.50,0.072,0.010,0.5,2.631,N
BX22-041,108.50,109.50,0.729,0.211,4.3,2.663,N
BX22-041,109.50,110.50,0.390,0.125,2.0,2.672,N
BX22-041,110.50,112.00,0.020,0.070,0.5,2.570,N
BX22-041,112.00,114.00,0.020,0.115,0.5,2.630,N
BX22-041,114.00,115.00,0.131,0.150,2.6,2.584,N
BX22-041,115.00,116.00,0.020,0.010,0.5,2.626,N
BX22-041,116.00,117.00,0.055,0.206,0.5,2.579,N
BX22-041,117.00,118.00,0.020,0.010,3.3,2.662,N
BX22-041,118.00,120.00,0.204,0.089,0.5,2.624,N
BX22-041,120.00,121.00,0.038,0.029,0.5,2.617,N
BX22-041,121.00,123.00,0.478,0.071,0.6,2.631,N
BX22-041,123.00,124.50,0.020,0.010,2.5,2.562,N
BX22-041,124.50,126.50,0.732,0.087,5.1,2.626,N
BX22-041,126.50,128.50,0.020,0.010,0.6,2.614,N
BX22-041,128.50,129.50,0.020,0.010,0.5,2.573,N
BX22-041,129.50,130.50,0.377,0.130,2.3,2.694,N
BX22-041,130.50,132.00,0.020,0.110,0.5,2.670,N
BX22-041,132.00,134.00,0.020,0.010,0.5,2.623,Y
BX22-041,134.00,136.00,0.020,0.010,0.5,2.617,N
BX22-041,136.00,137.50,0.233,0.010,0.5,2.602,N
BX22-041,137.50,139.50,0.203,0.231,0.5,2.698,N
BX22-041,139.50,140.50,0.020,0.030,1.1,2.661,N
BX22-041,140.50,141.50,0.020,0.010,0.5,2.661,N
BX22-041,141.50,142.50,0.078,0.108,0.5,2.606,N
BX22-041,142.50,144.50,0.737,0.254,1.8,2.666,N
BX22-041,144.50,146.00,0.020,0.010,0.5,2.664,N
BX22-041,146.00,148.00,0.450,0.147,2.7,2.677,N
BX22-041,148.00,149.00,0.020,0.010,0.5,2.607,N
BX22-041,149.00,150.00,0.020,0.010,2.0,2.622,N
BX22-041,150.00,151.50,0.020,0.073,1.2,2.593,N
BX22-041,151.50,153.00,0.262,0.104,0.6,2.568,N
BX22-041,153.00,155.00,0.403,0.048,0.5,2.631,N
BX22-041,155.00,156.00,0.020,0.010,2.5,2.558,N
BX22-041,156.00,157.00,0.020,0.010,0.5,2.618,N
BX22-041,157.00,158.00,0.020,0.283,2.9,2.631,N
BX22-041,158.00,159.00,0.535,0.346,1.3,2.672,N
BX22-041,159.00,160.00,0.020,0.065,0.7,2.621,N
BX22-041,160.00,161.50,0.020,0.089,2.1,2.631,N
BX22-041,161.50,162.50,0.020,0.010,0.5,2.636,N
BX22-041,162.50,164.50,0.020,0.056,0.5,2.598,N
BX22-041,164.50,165.50,0.020,0.186,0.5,2.585,N
BX22-041,165.50,166.50,0.020,0.047,0.5,2.658,N
BX22-041,166.50,167.50,0.020,0.071,0.5,2.630,N
BX22-041,167.50,168.50,0.064,0.010,0.5,2.584,N
BX22-041,168.50,169.50,0.389,0.260,5.1,2.585,N
BX22-041,169.50,170.50,0.020,0.010,2.7,2.612,N
BX22-041,170.50,172.50,0.020,0.179,0.5,2.580,N
BX22-041,172.50,173.50,0.020,0.041,0.5,2.584,N
BX22-041,173.50,174.50,0.374,0.255,3.6,2.611,N
BX22-041,174.50,176.50,0.020,0.010,0.5,2.623,N
BX22-041,176.50,178.50,0.406,0.054,1.2,2.618,N
BX22-041,178.50,179.50,0.020,0.010,1.2,2.632,N
BX22-041,179.50,181.00,0.020,0.010,0.5,2.622,N
BX22-041,181.00,182.00,0.020,0.126,0.5,2.602,N
BX22-041,182.00,183.00,0.020,0.062,1.9,2.624,N
BX22-041,183.00,184.00,0.020,0.069,1.1,2.622,N
BX22-041,184.00,185.00,0.020,0.039,0.5,2.638,N
BX22-041,185.00,186.50,0.020,0.010,1.0,2.612,N
BX22-041,186.50,188.00,0.738,0.194,5.0,2.701,N
BX22-041,188.00,189.00,0.020,0.062,0.5,2.598,N
BX22-041,189.00,190.00,0.020,0.046,1.8,2.612,N
BX22-041,190.00,192.00,0.020,0.010,3.9,2.635,Y
BX22-041,192.00,193.00,0.020,0.046,0.5,2.642,N
BX22-041,193.00,194.00,0.176,0.194,3.3,2.623,N
BX22-041,194.00,195.50,0.020,0.010,0.5,2.658,N
BX22-041,195.50,196.50,0.020,0.010,0.5,2.630,N
BX22-041,196.50,198.50,0.572,0.219,3.3,2.683,N
BX22-041,198.50,200.00,0.506,0.013,5.1,2.585,N
BX22-041,200.00,201.50,0.020,0.010,3.2,2.614,N
BX22-041,201.50,202.50,0.020,0.010,1.0,2.635,N
BX22-041,202.50,203.50,0.020,0.010,1.8,2.603,N
BX22-041,203.50,204.50,0.020,0.010,3.7,2.622,N
BX22-041,204.50,206.00,0.020,0.208,1.2,2.657,N
BX22-041,206.00,207.00,0.544,0.253,7.4,2.611,N
BX22-041,207.00,208.00,0.385,0.215,0.5,2.627,N
BX22-041,208.00,210.00,0.403,0.228,2.1,2.649,N
BX22-041,210.00,211.50,0.020,0.080,0.5,2.553,N
BX22-041,211.50,213.00,0.591,0.234,5.1,2.652,N
BX22-041,213.00,215.00,0.225,0.110,0.7,2.624,N
BX22-041,215.00,216.00,0.545,0.233,4.8,2.600,N
BX22-041,216.00,218.00,0.241,0.059,2.2,2.595,N
BX22-041,218.00,219.50,0.020,0.060,1.0,2.639,N
BX22-041,219.50,220.50,0.542,0.191,3.7,2.639,N
BX22-041,220.50,221.50,0.020,0.140,2.8,2.648,N
BX22-041,221.50,223.50,0.020,0.010,0.5,2.634,N
BX22-041,223.50,224.50,0.020,0.010,0.5,2.656,Y
BX22-041,224.50,226.00,0.020,0.123,2.4,2.666,N
BX22-041,226.00,227.00,0.146,0.042,0.5,2.624,N
BX22-041,227.00,228.50,0.368,0.356,0.5,2.635,N
BX22-041,228.50,230.00,0.020,0.088,0.5,2.661,N
BX22-041,230.00,231.50,0.020,0.010,0.5,2.597,N
BX22-041,231.50,233.00,0.258,0.124,0.5,2.614,N
BX22-041,233.00,234.00,0.136,0.102,4.4,2.593,N
BX22-041,234.00,236.00,0.081,0.127,0.5,2.566,N
BX22-041,236.00,237.50,0.020,0.010,0.5,2.612,N
BX22-041,237.50,238.50,0.020,0.010,0.5,2.594,N
BX22-041,238.50,239.50,0.064,0.065,0.5,2.593,N
BX22-041,239.50,240.50,0.020,0.010,0.5,2.629,N
BX22-041,240.50,241.50,0.299,0.016,1.5,2.647,N
BX22-041,241.50,243.50,0.020,0.184,0.5,2.659,N
BX22-041,243.50,244.50,0.248,0.146,4.0,2.609,N
BX22-041,244.50,246.00,0.020,0.010,0.5,2.671,N
BX22-041,246.00,247.00,0.458,0.175,1.8,2.624,N
BX22-041,247.00,248.00,0.306,0.079,0.5,2.581,Y
BX22-041,248.00,249.00,0.020,0.025,0.5,2.605,N
BX22-041,249.00,250.00,0.020,0.010,1.2,2.549,N
BX22-041,250.00,251.50,0.326,0.304,1.2,2.655,N
BX22-041,251.50,252.50,0.020,0.010,0.5,2.636,N
BX22-041,252.50,254.50,0.561,0.171,2.4,2.686,N
BX22-041,254.50,255.50,0.518,0.140,4.7,2.653,N
BX22-041,255.50,256.50,0.020,0.024,0.5,2.627,N
BX22-041,256.50,258.00,0.629,0.227,3.5,2.683,N
BX22-041,258.00,259.00,0.020,0.046,3.3,2.634,N
BX22-041,259.00,260.50,0.242,0.053,0.5,2.624,N
BX22-041,260.50,262.00,0.218,0.010,0.5,2.620,N
BX22-041,262.00,263.50,0.715,0.147,6.8,2.627,N
BX22-041,263.50,265.00,0.020,0.045,0.8,2.630,N
BX22-041,265.00,266.00,0.020,0.010,1.3,2.668,N
BX22-041,266.00,267.00,0.125,0.160,2.0,2.651,N
BX22-041,267.00,269.00,0.020,0.010,0.5,2.626,N
BX22-041,269.00,270.00,0.020,0.142,1.1,2.633,N
BX22-041,270.00,271.00,0.041,0.270,1.0,2.602,N
BX22-041,271.00,272.00,0.383,0.176,5.4,2.647,N
BX22-041,272.00,273.00,0.020,0.052,0.5,2.634,N
BX22-041,273.00,274.50,0.020,0.075,0.5,2.619,N
BX22-041,274.50,275.50,0.500,0.151,5.1,2.639,N
BX22-041,275.50,276.50,0.520,0.220,1.1,2.634,N
BX22-041,276.50,277.50,0.802,0.329,4.7,2.662,N
BX22-041,277.50,279.00,0.266,0.132,0.5,2.636,N
BX22-041,279.00,280.00,0.020,0.082,1.4,2.605,N
BX22-041,280.00,281.50,0.347,0.263,0.5,2.662,N
BX22-041,281.50,282.50,0.292,0.111,1.1,2.613,N
BX22-041,282.50,284.50,0.127,0.025,1.5,2.665,Y
BX22-041,284.50,285.50,0.020,0.170,1.3,2.630,N
BX22-041,285.50,287.50,0.020,0.010,0.5,2.635,N
BX22-041,287.50,288.50,0.077,0.010,1.4,2.619,N
BX22-041,288.50,290.00,0.025,0.010,1.1,2.637,N
BX22-041,290.00,291.00,0.020,0.244,0.8,2.600,N
BX22-041,291.00,292.00,0.020,0.054,0.5,2.627,N
BX22-041,292.00,294.00,0.136,0.010,3.2,2.584,N
BX22-041,294.00,295.00,0.139,0.094,1.1,2.602,N
BX22-041,295.00,296.50,0.282,0.119,4.6,2.651,N
BX22-041,296.50,298.50,0.020,0.161,2.4,2.592,N
BX22-041,298.50,299.50,0.020,0.155,0.5,2.626,N
BX22-041,299.50,301.50,0.492,0.064,4.5,2.625,N
BX22-041,301.50,303.00,0.020,0.123,3.2,2.631,N
BX22-041,303.00,304.50,0.020,0.010,1.4,2.658,N
BX22-041,304.50,305.50,0.020,0.010,0.5,2.548,N
BX22-041,305.50,307.50,0.278,0.148,4.1,2.665,N
BX22-041,307.50,309.00,0.155,0.010,0.7,2.604,N
BX22-041,309.00,311.00,0.274,0.111,3.7,2.686,N
BX22-041,311.00,313.00,0.259,0.010,5.1,2.613,N
BX22-041,313.00,314.50,0.020,0.096,0.5,2.669,N
BX22-041,314.50,315.00,0.020,0.120,0.5,2.641,N
BX22-042,0.00,1.50,3.585,1.294,20.0,2.822,N
BX22-042,1.50,3.00,3.957,1.391,21.4,2.924,N
BX22-042,3.00,4.00,4.608,1.709,26.0,2.917,N
BX22-042,4.00,5.00,4.187,1.366,24.9,2.914,N
BX22-042,5.00,6.50,4.544,1.654,25.1,2.915,N
BX22-042,6.50,7.50,4.003,1.396,23.8,2.821,N
BX22-042,7.50,8.50,3.991,1.454,21.0,2.881,N
BX22-042,8.50,9.50,3.913,1.400,21.7,2.858,N
BX22-042,9.50,11.50,4.089,1.376,24.7,2.881,N
BX22-042,11.50,12.50,4.299,1.621,21.8,2.857,N
BX22-042,12.50,13.50,4.032,1.307,22.5,2.858,N
BX22-042,13.50,15.50,4.417,1.505,24.5,2.907,N
BX22-042,15.50,17.50,4.703,1.575,27.3,2.962,N
BX22-042,17.50,19.00,4.513,1.503,24.6,2.928,N
BX22-042,19.00,20.00,4.551,1.559,25.9,2.893,N
BX22-042,20.00,21.50,4.199,1.411,27.4,2.863,N
BX22-042,21.50,23.00,3.895,1.348,22.7,2.792,N
BX22-042,23.00,25.00,4.393,1.405,29.0,2.910,N
BX22-042,25.00,26.00,4.228,1.477,24.5,2.891,N
BX22-042,26.00,27.00,5.040,1.816,31.8,2.926,N
BX22-042,27.00,28.00,4.980,1.612,32.3,2.894,N
BX22-042,28.00,30.00,4.537,1.556,26.7,2.877,N
BX22-042,30.00,31.00,4.620,1.805,29.3,2.880,N
BX22-042,31.00,33.00,4.357,1.417,27.7,2.874,N
BX22-042,33.00,35.00,4.431,1.634,24.3,2.867,N
BX22-042,35.00,36.50,4.496,1.547,25.8,2.904,N
BX22-042,36.50,37.50,4.835,1.846,30.6,2.927,N
BX22-042,37.50,38.50,4.629,1.539,27.0,2.916,N
BX22-042,38.50,40.50,4.428,1.511,27.5,2.873,N
BX22-042,40.50,42.50,5.059,1.710,33.0,2.926,N
BX22-042,42.50,44.50,4.617,1.841,26.1,2.888,N
BX22-042,44.50,45.50,5.115,1.846,30.4,2.915,N
BX22-042,45.50,47.00,5.604,2.068,33.3,2.917,N
BX22-042,47.00,48.00,4.369,1.722,25.3,2.901,N
BX22-042,48.00,49.50,4.696,1.857,30.1,2.875,N
BX22-042,49.50,51.50,4.584,1.685,28.7,2.862,N
BX22-042,51.50,52.50,4.821,1.645,28.4,2.917,N
BX22-042,52.50,53.50,5.019,1.717,30.0,2.910,N
BX22-042,53.50,54.50,5.513,1.705,32.3,2.944,N
BX22-042,54.50,55.50,5.497,2.081,34.8,2.952,N
BX22-042,55.50,57.50,5.578,1.907,32.6,2.977,N
BX22-042,57.50,58.50,5.234,1.758,31.4,2.910,N
BX22-042,58.50,59.50,4.842,1.745,26.9,2.944,N
BX22-042,59.50,61.50,5.446,2.165,34.5,2.914,N
BX22-042,61.50,63.00,4.794,1.615,26.3,2.875,N
BX22-042,63.00,64.50,5.316,2.120,32.5,2.949,N
BX22-042,64.50,65.50,5.549,1.709,32.8,2.994,N
BX22-042,65.50,67.50,5.397,2.007,30.5,2.894,N
BX22-042,67.50,68.50,5.289,1.787,34.0,2.888,N
BX22-042,68.50,69.50,6.162,2.186,38.4,3.009,N
BX22-042,69.50,71.50,4.885,1.703,27.3,2.895,N
BX22-042,71.50,72.50,5.578,1.795,30.3,2.951,N
BX22-042,72.50,73.50,5.018,1.764,29.4,2.916,N
BX22-042,73.50,74.50,5.559,1.891,31.0,2.922,N
BX22-042,74.50,75.50,5.363,1.829,33.4,2.935,N
BX22-042,75.50,77.00,5.509,1.961,30.9,2.972,N
BX22-042,77.00,78.00,5.597,1.844,32.5,2.938,N
BX22-042,78.00,79.50,5.691,2.155,34.0,2.971,N
BX22-042,79.50,80.50,5.818,2.038,33.7,2.946,N
BX22-042,80.50,81.50,4.954,1.894,31.0,2.936,N
BX22-042,81.50,83.00,5.332,1.769,32.9,2.933,N
BX22-042,83.00,84.00,5.512,2.005,29.9,2.958,N
BX22-042,84.00,85.00,5.653,1.966,34.9,2.949,N
BX22-042,85.00,86.50,6.329,2.078,37.3,2.986,N
BX22-042,86.50,87.50,5.067,1.718,26.7,2.921,N
BX22-042,87.50,88.50,6.129,2.003,37.0,3.039,N
BX22-042,88.50,89.50,5.145,1.892,31.8,2.942,N
BX22-042,89.50,91.00,5.589,1.814,32.9,2.957,N
BX22-042,91.00,92.50,5.778,1.976,35.0,2.989,N
BX22-042,92.50,93.50,5.464,1.803,32.5,2.971,N
BX22-042,93.50,94.50,5.962,2.228,36.2,3.004,N
BX22-042,94.50,95.50,6.302,2.335,35.6,2.999,N
BX22-042,95.50,97.00,5.325,1.806,32.6,2.940,N
BX22-042,97.00,99.00,5.835,2.085,35.7,2.969,N
BX22-042,99.00,100.00,6.382,2.206,37.5,2.986,N
BX22-042,100.00,102.00,6.071,2.130,33.3,2.979,N
BX22-042,102.00,103.00,5.869,2.031,35.5,2.946,N
BX22-042,103.00,104.50,6.715,2.361,40.3,3.007,N
BX22-042,104.50,106.50,5.392,1.771,36.2,3.035,N
BX22-042,106.50,107.50,5.934,2.266,33.2,2.957,Y
BX22-042,107.50,109.00,6.546,2.437,39.3,3.009,N
BX22-042,109.00,110.00,5.983,1.966,34.8,2.950,N
BX22-042,110.00,111.00,5.713,2.017,36.4,2.954,N
BX22-042,111.00,113.00,5.189,2.043,32.5,2.958,N
BX22-042,113.00,114.50,5.732,1.913,31.0,2.998,N
BX22-042,114.50,116.00,6.474,2.350,36.2,3.002,N
BX22-042,116.00,117.50,5.882,2.162,34.4,2.992,N
BX22-042,117.50,119.50,6.346,2.315,38.9,2.997,N
BX22-042,119.50,121.00,5.669,1.706,35.1,2.951,N
BX22-042,121.00,122.00,6.337,2.205,35.6,3.058,N
BX22-042,122.00,123.00,5.294,1.720,31.9,2.946,N
BX22-042,123.00,124.00,6.546,2.313,40.0,3.008,N
BX22-042,124.00,125.00,6.594,2.171,41.2,3.031,N
BX22-042,125.00,127.00,5.861,2.007,33.1,2.966,N
BX22-042,127.00,128.00,5.976,2.012,31.9,2.941,N
BX22-042,128.00,129.00,5.990,2.111,34.7,2.973,N
BX22-042,129.00,130.00,5.852,1.907,34.1,2.958,N
BX22-042,130.00,131.50,5.626,1.878,34.6,2.940,N
BX22-042,131.50,132.50,6.329,2.163,38.1,2.956,N
BX22-042,132.50,134.50,6.052,2.096,35.5,2.964,N
BX22-042,134.50,136.00,5.736,2.010,34.1,2.900,N
BX22-042,136.00,138.00,6.198,2.281,33.0,3.058,N
BX22-042,138.00,139.50,6.244,2.325,36.5,3.027,N
BX22-042,139.50,141.00,5.887,2.012,33.0,2.928,N
BX22-042,141.00,142.50,6.138,2.271,36.3,3.018,N
BX22-042,142.50,144.50,5.954,2.062,35.6,2.999,N
BX22-042,144.50,146.50,6.388,2.167,37.4,3.047,N
BX22-042,146.50,147.50,6.208,2.174,37.0,2.999,N
BX22-042,147.50,149.00,5.861,2.112,35.4,2.952,N
BX22-042,149.00,150.50,6.613,2.166,41.2,3.027,Y
BX22-042,150.50,151.50,6.237,2.204,36.9,3.051,N
BX22-042,151.50,153.00,6.737,2.323,40.2,3.007,N
BX22-042,153.00,154.50,6.885,2.303,41.7,3.100,N
BX22-042,154.50,155.50,6.363,2.288,40.7,3.026,N
BX22-042,155.50,157.50,6.470,2.329,38.7,3.013,N
BX22-042,157.50,158.50,7.256,2.664,44.5,3.100,N
BX22-042,158.50,159.50,5.924,2.098,35.9,2.917,N
BX22-042,159.50,161.50,7.434,2.636,47.9,3.123,N
BX22-042,161.50,163.00,6.128,2.135,38.8,3.009,N
BX22-042,163.00,165.00,5.984,1.933,35.4,2.964,N
BX22-042,165.00,166.00,6.571,2.347,37.0,3.002,N
BX22-042,166.00,167.50,7.117,2.700,40.3,3.037,N
BX22-042,167.50,168.50,6.295,2.178,37.8,2.938,N
BX22-042,168.50,169.50,6.009,1.917,39.5,2.959,N
BX22-042,169.50,170.50,6.750,2.278,40.6,3.016,N
BX22-042,170.50,171.50,6.434,2.303,38.5,3.002,N
BX22-042,171.50,172.50,7.073,2.496,40.8,3.083,N
BX22-042,172.50,173.50,6.215,2.178,35.8,3.018,N
BX22-042,173.50,175.00,6.805,2.541,38.8,2.967,N
BX22-042,175.00,176.50,6.311,2.053,35.5,2.965,N
BX22-042,176.50,178.50,6.038,1.968,36.7,2.985,N
BX22-042,178.50,180.50,6.806,2.331,39.0,3.017,N
BX22-042,180.50,181.50,6.135,2.292,38.8,3.013,N
BX22-042,181.50,182.50,6.464,2.248,37.7,2.993,N
BX22-042,182.50,183.50,6.589,2.238,37.1,3.013,N
BX22-042,183.50,184.50,6.957,2.679,40.4,3.034,N
BX22-042,184.50,185.50,6.648,2.181,39.7,3.028,N
BX22-042,185.50,187.50,6.848,2.354,40.7,3.024,N
BX22-042,187.50,189.50,6.719,2.368,41.8,3.008,N
BX22-042,189.50,191.50,6.381,2.228,37.8,2.973,N
BX22-042,191.50,192.50,6.697,2.168,40.9,3.031,N
BX22-042,192.50,193.50,6.783,2.429,37.7,3.006,N
BX22-042,193.50,195.00,6.944,2.305,43.8,3.072,N
BX22-042,195.00,197.00,6.407,2.332,39.1,2.924,N
BX22-042,197.00,198.00,6.851,2.327,40.2,3.004,N
BX22-042,198.00,200.00,7.017,2.494,44.3,3.017,N
BX22-042,200.00,202.00,6.948,2.424,41.3,3.062,N
BX22-042,202.00,204.00,6.193,2.308,39.5,2.964,N
BX22-042,204.00,206.00,6.670,2.240,42.7,2.995,N
BX22-042,206.00,207.50,6.481,2.129,37.8,2.958,N
BX22-042,207.50,208.50,6.771,2.353,40.1,2.999,N
BX22-042,208.50,209.50,6.950,2.466,38.5,3.055,N
BX22-042,209.50,210.50,6.977,2.439,40.6,3.004,N
BX22-042,210.50,211.50,6.584,2.339,38.4,3.032,N
BX22-042,211.50,212.50,6.951,2.477,41.6,3.036,N
BX22-042,212.50,214.50,6.296,2.298,36.5,2.960,N
BX22-042,214.50,215.50,7.096,2.584,43.5,3.064,N
BX22-042,215.50,216.50,6.861,2.399,42.4,2.976,N
BX22-042,216.50,217.50,6.105,2.290,37.8,2.986,N
BX22-042,217.50,218.50,6.654,2.199,39.4,2.997,N
BX22-042,218.50,220.50,6.535,2.281,38.3,3.011,N
BX22-042,220.50,221.50,7.041,2.498,44.2,3.061,N
BX22-042,221.50,223.00,7.076,2.482,45.5,3.044,N
BX22-042,223.00,224.00,6.852,2.465,39.9,2.999,N
BX22-042,224.00,225.00,7.000,2.405,40.2,3.055,N
BX22-042,225.00,226.00,6.432,2.364,40.8,3.035,N
BX22-042,226.00,227.50,6.847,2.271,42.7,3.073,N
BX22-042,227.50,228.50,7.261,2.561,44.8,3.073,N
BX22-042,228.50,229.50,6.803,2.317,39.8,3.068,N
BX22-042,229.50,230.50,6.721,2.340,41.6,3.006,N
BX22-042,230.50,232.50,6.454,2.286,39.5,2.987,N
BX22-042,232.50,233.50,7.106,2.384,42.4,3.017,N
BX22-042,233.50,234.50,6.547,2.288,39.5,2.995,N
BX22-042,234.50,236.50,6.559,2.291,36.2,2.984,N
BX22-042,236.50,238.50,7.267,2.761,44.6,3.048,N
BX22-042,238.50,239.50,6.941,2.599,38.2,3.020,N
BX22-042,239.50,241.00,6.333,2.257,36.1,3.016,N
BX22-042,241.00,242.00,6.920,2.393,41.1,3.016,N
BX22-042,242.00,243.00,6.862,2.435,42.8,2.967,N
BX22-042,243.00,244.00,6.844,2.443,43.0,3.067,N
BX22-042,244.00,246.00,6.403,2.365,40.4,3.027,N
BX22-042,246.00,247.00,6.777,2.405,40.3,3.017,N
BX22-042,247.00,249.00,6.802,2.316,40.9,3.039,N
BX22-042,249.00,251.00,6.384,2.271,37.0,2.999,N
BX22-042,251.00,252.00,6.791,2.380,40.0,3.067,N
BX22-042,252.00,254.00,6.513,2.326,38.2,3.028,N
BX22-042,254.00,255.00,6.808,2.371,44.5,3.082,N
BX22-042,255.00,257.00,6.536,2.063,38.4,3.000,N
BX22-042,257.00,258.00,6.653,2.348,39.4,3.071,N
BX22-042,258.00,260.00,6.625,2.196,39.3,3.015,N
BX22-042,260.00,262.00,6.840,2.577,42.2,3.031,N
BX22-042,262.00,264.00,6.509,2.235,39.3,2.971,N
BX22-042,264.00,265.00,6.056,2.241,35.2,2.973,N
BX22-042,265.00,267.00,6.037,1.973,35.6,3.003,Y
BX22-042,267.00,269.00,6.236,2.300,39.8,2.995,N
BX22-042,269.00,271.00,6.862,2.532,43.9,3.006,N
BX22-042,271.00,272.00,6.325,2.296,38.8,3.017,N
BX22-042,272.00,273.00,6.134,2.136,35.5,2.993,N
BX22-042,273.00,274.50,6.493,2.107,39.7,3.060,N
BX22-042,274.50,275.50,6.715,2.393,42.0,3.089,Y
BX22-042,275.50,276.50,6.762,2.480,41.2,3.066,Y
BX22-042,276.50,278.00,6.441,2.161,39.6,3.077,N
BX22-042,278.00,280.00,6.736,2.354,45.3,3.007,N
BX22-042,280.00,281.00,6.487,2.352,38.4,3.019,N
BX22-042,281.00,283.00,6.458,2.222,40.4,3.058,N
BX22-042,283.00,284.50,6.381,2.287,41.8,2.994,N
BX22-042,284.50,285.50,6.339,2.322,39.0,3.011,N
BX22-042,285.50,286.50,6.005,2.283,38.5,3.014,N
BX22-042,286.50,288.50,6.532,2.272,39.9,3.019,N
BX22-042,288.50,289.50,6.406,2.289,41.2,3.031,N
BX22-042,289.50,290.50,6.657,2.245,42.0,3.019,N
BX22-042,290.50,292.00,6.494,2.131,43.5,3.056,N
BX22-042,292.00,293.00,6.257,2.149,40.9,2.928,N
BX22-042,293.00,294.00,5.902,2.066,35.7,2.968,N
BX22-042,294.00,295.00,6.451,2.237,40.6,2.977,N
BX22-042,295.00,296.50,6.820,2.602,40.0,3.005,N
BX22-042,296.50,298.50,6.532,2.427,40.8,3.005,N
BX22-042,298.50,300.50,6.912,2.398,41.4,3.017,N
BX22-042,300.50,301.50,6.650,2.273,40.5,2.965,N
BX22-042,301.50,302.50,6.368,1.850,40.8,2.978,N
BX22-042,302.50,303.50,6.700,2.547,40.7,2.991,N
BX22-042,303.50,305.50,6.919,2.470,43.4,3.020,N
BX22-042,305.50,306.50,7.016,2.459,43.8,3.038,N
BX22-042,306.50,307.00,5.833,2.058,35.2,3.008,N
BX22-043,0.00,2.00,6.049,2.167,34.2,3.034,N
BX22-043,2.00,3.50,5.822,2.068,37.2,2.957,N
BX22-043,3.50,4.50,5.918,2.056,34.4,3.003,N
BX22-043,4.50,6.00,5.742,2.041,38.6,2.983,N
BX22-043,6.00,8.00,5.951,2.081,35.9,2.999,N
BX22-043,8.00,9.00,5.725,2.046,31.4,2.969,N
BX22-043,9.00,10.00,5.865,2.047,32.2,2.950,N
BX22-043,10.00,11.50,5.544,1.990,38.8,2.996,N
BX22-043,11.50,13.50,5.427,1.849,32.3,2.975,N
BX22-043,13.50,14.50,5.247,1.706,31.1,2.947,N
BX22-043,14.50,15.50,5.629,2.010,31.3,2.974,N
BX22-043,15.50,17.50,6.009,2.173,32.8,2.931,N
BX22-043,17.50,18.50,5.403,1.854,30.1,2.995,N
BX22-043,18.50,19.50,5.429,1.807,34.8,2.960,N
BX22-043,19.50,21.00,5.389,1.851,29.7,2.967,N
BX22-043,21.00,22.50,5.799,2.106,34.4,2.929,N
BX22-043,22.50,24.50,5.082,1.919,32.8,2.952,N
BX22-043,24.50,26.00,5.357,1.962,30.7,2.941,N
BX22-043,26.00,28.00,4.899,1.684,29.9,2.930,N
BX22-043,28.00,29.00,4.498,1.429,30.5,2.884,N
BX22-043,29.00,30.00,4.909,1.771,33.1,2.937,N
BX22-043,30.00,31.00,4.801,1.667,29.4,2.923,N
BX22-043,31.00,32.50,4.613,1.651,26.7,2.928,N
BX22-043,32.50,34.00,4.584,1.505,29.4,2.944,N
BX22-043,34.00,35.00,4.638,1.697,30.1,2.857,N
BX22-043,35.00,36.00,4.369,1.470,26.4,2.870,N
BX22-043,36.00,38.00,5.205,1.713,31.9,2.905,N
BX22-043,38.00,40.00,4.887,1.697,28.3,2.961,N
BX22-043,40.00,41.00,4.201,1.516,25.5,2.887,N
BX22-043,41.00,42.00,4.316,1.545,23.2,2.855,N
BX22-043,42.00,43.00,3.795,1.270,23.4,2.803,N
BX22-043,43.00,44.00,4.209,1.600,22.2,2.886,N
BX22-043,44.00,46.00,3.846,1.258,22.7,2.832,N
BX22-043,46.00,47.00,4.630,1.777,28.9,2.884,N
BX22-043,47.00,49.00,4.534,1.643,30.1,2.882,N
BX22-043,49.00,51.00,4.159,1.627,26.1,2.833,N
BX22-043,51.00,52.50,4.079,1.484,26.5,2.889,N
BX22-043,52.50,54.00,3.821,1.327,24.0,2.880,N
BX22-043,54.00,55.50,3.977,1.358,25.9,2.792,N
BX22-043,55.50,57.00,3.340,1.153,20.6,2.763,N
BX22-043,57.00,59.00,3.665,1.366,20.7,2.826,N
BX22-043,59.00,61.00,3.327,1.166,21.6,2.876,N
BX22-043,61.00,62.50,3.541,1.187,21.4,2.821,N
BX22-043,62.50,63.50,3.898,1.405,23.4,2.872,N
BX22-043,63.50,64.50,4.078,1.392,25.9,2.878,N
BX22-043,64.50,65.50,3.399,1.038,16.9,2.832,N
BX22-043,65.50,67.00,3.914,1.169,23.9,2.827,N
BX22-043,67.00,68.00,3.867,1.334,22.4,2.866,N
BX22-043,68.00,69.00,3.400,1.248,19.8,2.833,N
BX22-043,69.00,71.00,3.295,1.205,22.2,2.793,N
BX22-043,71.00,73.00,3.507,1.317,22.8,2.817,N
BX22-043,73.00,74.00,3.116,1.174,16.5,2.827,N
BX22-043,74.00,75.50,2.550,0.880,17.2,2.832,N
BX22-043,75.50,76.50,3.418,1.200,22.9,2.822,N
BX22-043,76.50,78.50,3.054,1.218,15.6,2.779,N
BX22-043,78.50,80.50,3.083,1.008,18.4,2.755,N
BX22-043,80.50,81.50,2.940,1.073,15.2,2.821,N
BX22-043,81.50,83.00,3.127,1.024,14.2,2.798,N
BX22-043,83.00,84.50,2.530,0.860,14.1,2.777,N
BX22-043,84.50,86.50,2.808,0.969,17.3,2.817,N
BX22-043,86.50,87.50,2.990,0.996,21.1,2.781,N
BX22-043,87.50,88.50,2.877,1.174,14.4,2.799,N
BX22-043,88.50,90.50,2.739,0.893,12.0,2.722,N
BX22-043,90.50,91.50,2.048,0.742,11.7,2.763,N
BX22-043,91.50,92.50,2.500,0.960,12.5,2.754,N
BX22-043,92.50,93.50,1.817,0.649,10.3,2.735,N
BX22-043,93.50,95.00,2.373,0.710,14.3,2.721,N
BX22-043,95.00,96.50,2.248,0.753,14.5,2.774,N
BX22-043,96.50,97.50,2.393,0.792,14.4,2.792,Y
BX22-043,97.50,99.50,2.415,0.915,13.2,2.767,N
BX22-043,99.50,101.00,1.481,0.615,10.5,2.689,N
BX22-043,101.00,102.00,2.085,0.872,14.0,2.688,N
BX22-043,102.00,104.00,2.102,0.798,9.1,2.770,Y
BX22-043,104.00,106.00,2.229,0.771,10.5,2.730,N
BX22-043,106.00,107.50,1.516,0.425,6.2,2.715,N
BX22-043,107.50,109.00,1.443,0.737,10.2,2.697,N
BX22-043,109.00,110.00,1.944,0.623,14.7,2.758,N
BX22-043,110.00,111.50,1.920,0.662,9.3,2.743,N
BX22-043,111.50,113.00,2.432,0.996,16.3,2.761,N
BX22-043,113.00,115.00,2.093,0.725,12.5,2.721,N
BX22-043,115.00,116.50,1.164,0.432,5.3,2.694,N
BX22-043,116.50,117.50,1.032,0.336,6.4,2.707,N
BX22-043,117.50,119.00,1.869,0.657,14.6,2.678,N
BX22-043,119.00,120.00,2.053,0.661,17.2,2.698,N
BX22-043,120.00,121.50,1.350,0.543,9.9,2.701,N
BX22-043,121.50,122.50,1.428,0.452,8.6,2.712,N
BX22-043,122.50,123.50,2.053,0.713,13.0,2.748,N
BX22-043,123.50,125.50,1.717,0.617,9.5,2.752,N
BX22-043,125.50,126.50,1.406,0.528,6.9,2.690,N
BX22-043,126.50,127.50,1.220,0.600,5.5,2.685,N
BX22-043,127.50,129.00,1.883,0.809,13.0,2.696,N
BX22-043,129.00,131.00,1.636,0.560,6.3,2.726,Y
BX22-044,0.00,1.00,4.774,1.671,28.6,2.925,N
BX22-044,1.00,2.00,4.440,1.619,24.3,2.914,N
BX22-044,2.00,3.00,4.803,1.635,30.4,2.896,N
BX22-044,3.00,4.00,4.898,1.777,28.7,2.952,N
BX22-044,4.00,5.00,4.695,1.409,29.7,2.856,N
BX22-044,5.00,6.00,4.590,1.404,27.2,2.907,N
BX22-044,6.00,8.00,4.559,1.749,23.7,2.924,N
BX22-044,8.00,9.50,5.030,1.765,29.5,3.003,N
BX22-044,9.50,11.00,4.843,1.747,27.5,2.908,N
BX22-044,11.00,12.00,4.658,1.671,26.9,2.906,N
BX22-044,12.00,14.00,3.959,1.296,23.1,2.880,N
BX22-044,14.00,16.00,4.522,1.752,26.4,2.874,N
BX22-044,16.00,17.00,4.422,1.537,22.8,2.864,N
BX22-044,17.00,18.00,4.609,1.571,29.0,2.983,N
BX22-044,18.00,19.50,4.938,1.741,30.0,2.910,N
BX22-044,19.50,20.50,4.691,1.541,28.4,2.936,N
BX22-044,20.50,22.00,4.235,1.496,26.4,2.783,N
BX22-044,22.00,23.50,4.208,1.468,27.1,2.930,N
BX22-044,23.50,25.00,4.451,1.533,30.7,2.934,N
BX22-044,25.00,26.50,3.960,1.339,19.7,2.880,N
BX22-044,26.50,27.50,4.679,1.568,27.5,2.928,N
BX22-044,27.50,28.50,4.466,1.446,26.6,2.961,N
BX22-044,28.50,30.00,4.575,1.610,28.9,2.903,N
BX22-044,30.00,31.00,4.484,1.420,25.8,2.820,N
BX22-044,31.00,33.00,4.189,1.368,25.1,2.891,N
BX22-044,33.00,34.00,3.936,1.376,27.5,2.845,N
BX22-044,34.00,35.00,4.944,1.720,27.0,2.914,N
BX22-044,35.00,37.00,4.139,1.373,25.3,2.851,N
BX22-044,37.00,39.00,4.134,1.461,27.0,2.877,N
BX22-044,39.00,41.00,4.197,1.439,23.2,2.866,N
BX22-044,41.00,43.00,4.136,1.325,21.4,2.881,N
BX22-044,43.00,44.00,4.329,1.453,23.7,2.907,N
BX22-044,44.00,46.00,4.989,1.681,29.1,2.961,N
BX22-044,46.00,48.00,4.113,1.521,27.1,2.850,N
BX22-044,48.00,50.00,3.748,1.503,26.5,2.850,N
BX22-044,50.00,52.00,4.537,1.526,24.6,2.863,N
BX22-044,52.00,53.00,3.835,1.281,23.4,2.838,N
BX22-044,53.00,54.50,4.313,1.646,24.9,2.886,N
BX22-044,54.50,56.00,4.292,1.467,25.6,2.813,N
BX22-044,56.00,57.50,4.246,1.642,21.3,2.879,N
BX22-044,57.50,58.50,4.355,1.332,25.0,2.911,N
BX22-044,58.50,60.00,4.396,1.610,27.0,2.853,N
BX22-044,60.00,62.00,4.584,1.788,32.5,2.922,N
BX22-044,62.00,64.00,4.480,1.552,30.0,2.920,N
BX22-044,64.00,65.00,4.346,1.541,22.5,2.841,N
BX22-044,65.00,66.00,4.030,1.470,20.1,2.853,N
BX22-044,66.00,67.00,3.865,1.359,24.4,2.843,N
BX22-044,67.00,68.50,3.892,1.406,21.8,2.846,N
BX22-044,68.50,70.50,3.708,1.192,23.1,2.884,N
BX22-044,70.50,72.50,4.050,1.119,24.6,2.859,Y
BX22-044,72.50,74.50,3.850,1.403,25.8,2.850,N
BX22-044,74.50,75.50,4.462,1.595,22.6,2.894,N
BX22-044,75.50,77.00,4.416,1.569,26.8,2.832,Y
BX22-044,77.00,78.00,4.076,1.598,24.0,2.867,N
BX22-044,78.00,80.00,4.093,1.353,25.3,2.864,N
BX22-044,80.00,82.00,4.040,1.541,22.3,2.885,N
BX22-044,82.00,83.50,4.153,1.452,24.1,2.822,N
BX22-044,83.50,84.50,3.692,1.295,20.9,2.829,N
BX22-044,84.50,86.00,4.199,1.466,24.2,2.862,N
BX22-044,86.00,87.00,4.243,1.571,26.6,2.909,N
BX22-044,87.00,89.00,4.040,1.305,24.8,2.890,N
BX22-044,89.00,90.00,3.504,1.472,18.4,2.848,N
BX22-044,90.00,91.00,3.672,1.326,16.9,2.817,N
BX22-044,91.00,92.00,3.999,1.582,24.2,2.848,Y
BX22-044,92.00,93.50,4.130,1.419,26.0,2.877,N
BX22-044,93.50,95.50,3.312,1.031,16.8,2.788,N
BX22-044,95.50,96.50,3.623,1.381,20.2,2.802,N
BX22-044,96.50,97.50,3.726,1.439,21.7,2.848,N
BX22-044,97.50,99.50,4.078,1.512,25.5,2.887,N
BX22-044,99.50,101.00,3.518,1.039,19.2,2.839,N
BX22-044,101.00,102.00,4.051,1.546,22.4,2.845,N
BX22-044,102.00,104.00,3.976,1.426,21.7,2.849,N
BX22-044,104.00,105.50,3.716,1.368,21.7,2.837,N
BX22-044,105.50,107.00,4.016,1.410,24.4,2.879,N
BX22-044,107.00,108.50,3.422,0.978,19.2,2.796,N
BX22-044,108.50,110.50,3.713,1.470,21.9,2.867,Y
BX22-044,110.50,112.00,3.809,1.327,18.6,2.826,N
BX22-044,112.00,114.00,3.827,1.333,24.3,2.848,N
BX22-044,114.00,115.50,4.149,1.424,25.4,2.852,N
BX22-044,115.50,117.00,4.227,1.532,27.8,2.848,N
BX22-044,117.00,118.50,2.672,0.999,16.3,2.756,N
BX22-044,118.50,119.50,4.288,1.545,29.1,2.887,N
BX22-044,119.50,121.50,3.531,1.361,21.8,2.825,N
BX22-044,121.50,122.50,3.785,1.328,27.7,2.821,N
BX22-044,122.50,124.00,3.703,1.312,18.6,2.879,N
BX22-044,124.00,125.50,4.107,1.569,22.5,2.865,N
BX22-044,125.50,127.50,3.496,1.357,19.6,2.890,N
BX22-044,127.50,128.50,3.475,1.204,20.6,2.834,N
BX22-044,128.50,129.50,3.582,1.220,20.7,2.836,N
BX22-044,129.50,130.50,3.599,1.153,22.7,2.895,N
BX22-044,130.50,131.50,4.235,1.605,24.6,2.876,N
BX22-044,131.50,132.50,3.207,1.146,21.8,2.801,Y
BX22-044,132.50,134.00,3.301,1.005,17.5,2.804,N
BX22-044,134.00,136.00,3.399,1.166,21.0,2.826,N
BX22-044,136.00,137.00,3.672,1.255,23.9,2.811,N
BX22-044,137.00,139.00,3.531,1.150,21.1,2.846,N
BX22-044,139.00,140.00,3.594,1.413,20.2,2.858,N
BX22-044,140.00,142.00,3.917,1.389,20.1,2.848,N
BX22-044,142.00,143.50,3.192,1.080,18.4,2.830,N
BX22-044,143.50,144.50,3.437,1.058,23.0,2.807,N
BX22-044,144.50,145.50,4.066,1.423,20.7,2.880,N
BX22-044,145.50,147.00,3.296,1.165,19.7,2.823,N
BX22-044,147.00,148.50,3.370,1.141,22.2,2.830,N
BX22-044,148.50,150.50,3.110,1.179,17.4,2.797,N
BX22-044,150.50,152.00,3.885,1.277,20.5,2.817,N
BX22-044,152.00,154.00,2.861,1.052,17.1,2.784,N
BX22-044,154.00,155.00,2.837,1.013,16.1,2.785,N
BX22-044,155.00,156.00,2.991,1.021,19.1,2.811,N
BX22-044,156.00,157.00,3.096,1.159,21.1,2.828,N
BX22-044,157.00,158.00,3.311,1.206,22.7,2.794,N
BX22-044,158.00,160.00,3.656,1.227,23.7,2.812,N
BX22-044,160.00,161.00,2.767,0.872,17.5,2.746,N
BX22-044,161.00,162.50,3.218,1.124,17.3,2.888,N
BX22-044,162.50,164.00,2.778,0.894,14.3,2.760,N
BX22-044,164.00,166.00,3.163,1.144,17.2,2.856,N
BX22-044,166.00,168.00,3.034,1.027,21.8,2.799,N
BX22-044,168.00,169.00,3.435,1.050,24.4,2.815,N
BX22-044,169.00,170.50,3.059,1.122,19.8,2.791,N
BX22-044,170.50,171.50,3.394,1.243,21.1,2.798,N
BX22-044,171.50,172.50,3.143,1.137,21.0,2.849,N
BX22-044,172.50,173.50,2.854,0.909,15.8,2.833,N
BX22-044,173.50,174.50,2.556,1.114,12.6,2.793,N
BX22-044,174.50,175.50,2.738,0.754,16.9,2.740,N
BX22-044,175.50,176.50,3.532,1.305,21.2,2.856,N
BX22-044,176.50,177.50,3.322,1.224,18.3,2.782,N
BX22-044,177.50,179.50,2.791,0.894,18.9,2.737,N
BX22-044,179.50,180.50,2.873,0.860,17.5,2.786,N
BX22-044,180.50,182.50,3.158,1.116,19.9,2.786,N
BX22-044,182.50,184.50,3.348,1.158,18.3,2.762,N
BX22-044,184.50,186.00,3.335,1.177,20.0,2.844,N
BX22-044,186.00,187.00,3.429,1.074,20.4,2.799,N
BX22-044,187.00,188.50,2.963,1.084,16.5,2.805,N
BX22-044,188.50,189.50,2.466,0.830,19.0,2.744,N
BX22-044,189.50,191.00,2.981,0.983,17.7,2.777,N
BX22-044,191.00,192.00,3.170,1.028,23.9,2.796,N
BX22-044,192.00,193.00,2.986,1.075,16.2,2.780,N
BX22-044,193.00,195.00,3.718,1.357,23.7,2.809,N
BX22-044,195.00,196.00,2.902,1.033,16.3,2.761,N
BX22-044,196.00,197.50,3.057,1.129,16.5,2.836,N
BX22-044,197.50,198.50,2.401,0.876,16.2,2.773,N
BX22-044,198.50,199.50,2.672,0.859,19.5,2.846,N
BX22-044,199.50,201.00,3.096,1.165,21.8,2.771,N
BX22-044,201.00,202.00,2.901,0.830,17.0,2.749,N
BX22-044,202.00,204.00,3.078,1.096,17.5,2.752,N
BX22-044,204.00,205.50,3.090,1.370,18.7,2.821,N
BX22-044,205.50,207.50,3.156,1.176,18.5,2.796,N
BX22-044,207.50,209.00,3.107,0.951,23.7,2.761,N
BX22-044,209.00,210.00,3.437,1.150,21.2,2.824,N
BX22-044,210.00,212.00,2.947,1.108,16.3,2.820,N
BX22-044,212.00,213.00,2.702,1.036,15.6,2.761,N
BX22-044,213.00,215.00,3.004,1.114,18.1,2.798,N
BX22-044,215.00,217.00,2.827,0.908,18.5,2.780,N
BX22-044,217.00,218.00,3.064,1.055,16.7,2.803,N
BX22-044,218.00,220.00,2.826,1.058,15.5,2.796,N
BX22-044,220.00,221.00,2.939,1.029,10.4,2.804,N
BX22-044,221.00,222.00,2.139,0.866,15.4,2.690,N
BX22-044,222.00,223.00,2.543,0.919,14.9,2.798,N
BX22-044,223.00,225.00,3.355,1.120,21.7,2.797,N
BX22-044,225.00,226.00,2.314,0.926,13.9,2.753,N
BX22-044,226.00,227.00,2.482,0.647,12.9,2.822,N
BX22-044,227.00,228.50,3.119,1.025,21.5,2.815,N
BX22-044,228.50,229.50,2.810,0.942,19.2,2.823,N
BX22-044,229.50,230.50,2.799,1.023,18.7,2.781,N
BX22-044,230.50,232.50,2.449,0.792,13.2,2.794,N
BX22-044,232.50,234.00,3.288,1.169,18.7,2.775,N
BX22-044,234.00,235.00,2.741,1.336,17.1,2.792,N
BX22-044,235.00,236.50,2.317,0.988,14.8,2.778,N
BX22-044,236.50,238.50,2.457,0.800,18.0,2.754,N
BX22-044,238.50,239.50,2.442,0.861,13.8,2.799,N
BX22-044,239.50,240.50,2.113,0.827,8.7,2.697,N
BX22-044,240.50,242.00,2.997,1.153,17.4,2.823,N
BX22-044,242.00,244.00,2.773,0.896,14.6,2.783,N
BX22-044,244.00,246.00,2.839,1.159,16.9,2.786,N
BX22-044,246.00,247.00,2.713,0.697,15.6,2.793,N
BX22-044,247.00,249.00,2.809,1.016,14.0,2.753,N
BX22-044,249.00,250.00,2.381,0.807,14.7,2.786,N
BX22-044,250.00,251.50,2.441,1.050,17.8,2.778,N
BX22-044,251.50,253.00,2.097,0.775,10.1,2.776,N
BX22-044,253.00,254.50,2.601,0.857,18.4,2.736,N
BX22-044,254.50,256.00,2.870,1.022,22.8,2.833,N
BX22-044,256.00,257.00,2.393,0.795,18.9,2.761,N
BX22-044,257.00,258.50,2.458,0.798,14.9,2.721,N
BX22-044,258.50,259.50,2.595,0.968,18.8,2.797,N
BX22-044,259.50,261.50,2.653,0.846,16.9,2.791,Y
BX22-044,261.50,263.00,2.203,0.676,14.7,2.713,N
BX22-044,263.00,264.00,2.057,0.763,12.2,2.769,N
BX22-044,264.00,265.50,2.179,0.726,14.5,2.719,N
BX22-044,265.50,267.00,3.137,1.016,17.1,2.815,N
BX22-044,267.00,268.50,2.253,0.809,13.4,2.818,N
BX22-044,268.50,269.50,2.576,0.837,14.5,2.820,N
BX22-044,269.50,271.50,2.211,0.716,14.7,2.748,N
BX22-044,271.50,272.50,2.103,0.826,14.3,2.748,N
BX22-044,272.50,274.50,2.065,0.790,8.1,2.766,N
BX22-044,274.50,276.00,3.046,0.945,15.5,2.838,N
BX22-044,276.00,277.50,2.415,1.013,16.7,2.796,N
BX22-044,277.50,278.50,2.504,0.674,13.0,2.806,N
BX22-044,278.50,279.50,1.947,0.733,11.6,2.702,N
BX22-044,279.50,281.00,1.573,0.616,11.5,2.720,N
BX22-045,0.00,2.00,1.203,0.261,5.5,2.679,N
BX22-045,2.00,3.50,1.857,0.645,9.5,2.742,N
BX22-045,3.50,4.50,1.613,0.553,12.6,2.755,N
BX22-045,4.50,5.50,1.476,0.358,7.7,2.722,N
BX22-045,5.50,7.50,1.920,0.725,10.6,2.770,N
BX22-045,7.50,8.50,1.480,0.315,10.6,2.696,N
BX22-045,8.50,9.50,1.376,0.531,7.1,2.704,N
BX22-045,9.50,11.00,1.950,0.410,10.5,2.721,N
BX22-045,11.00,12.00,1.461,0.743,8.0,2.692,N
BX22-045,12.00,13.00,1.458,0.484,10.9,2.697,N
BX22-045,13.00,14.00,1.661,0.684,11.3,2.699,N
BX22-045,14.00,15.00,1.875,0.662,12.2,2.684,N
BX22-045,15.00,16.00,2.213,0.688,15.9,2.746,N
BX22-045,16.00,17.00,2.444,0.876,15.0,2.779,N
BX22-045,17.00,18.00,1.568,0.437,8.6,2.738,N
BX22-045,18.00,19.00,2.936,1.006,19.4,2.779,N
BX22-045,19.00,20.00,2.485,0.630,16.5,2.797,N
BX22-045,20.00,21.00,2.810,0.969,18.3,2.830,N
BX22-045,21.00,22.50,2.320,0.748,12.0,2.814,N
BX22-045,22.50,23.50,2.262,0.636,13.1,2.732,N
BX22-045,23.50,25.00,2.596,0.953,19.1,2.781,N
BX22-045,25.00,26.00,2.756,0.912,16.3,2.799,N
BX22-045,26.00,27.00,2.399,0.951,14.0,2.755,N
BX22-045,27.00,28.50,2.844,0.970,15.4,2.831,N
BX22-045,28.50,29.50,3.377,1.209,18.6,2.836,N
BX22-045,29.50,31.00,2.751,0.928,14.8,2.740,N
BX22-045,31.00,32.50,2.605,0.922,17.7,2.769,N
BX22-045,32.50,33.50,2.718,1.039,13.9,2.788,N
BX22-045,33.50,34.50,3.634,1.260,23.1,2.826,N
BX22-045,34.50,35.50,3.511,1.197,20.0,2.853,N
BX22-045,35.50,37.00,3.827,1.479,26.4,2.870,N
BX22-045,37.00,38.00,2.899,1.125,19.9,2.839,N
BX22-045,38.00,40.00,3.468,1.255,16.6,2.807,N
BX22-045,40.00,41.00,3.587,1.144,22.0,2.861,N
BX22-045,41.00,42.00,3.910,1.349,22.4,2.805,Y
BX22-045,42.00,44.00,4.166,1.408,23.2,2.906,N
BX22-045,44.00,45.50,4.185,1.366,24.3,2.880,N
BX22-045,45.50,47.50,4.520,1.669,25.4,2.925,N
BX22-045,47.50,49.00,4.768,1.652,29.9,2.914,N
BX22-045,49.00,50.00,3.853,1.505,25.4,2.795,N
BX22-045,50.00,51.50,4.406,1.631,22.8,2.867,N
BX22-045,51.50,53.00,4.928,1.662,31.6,2.919,N
BX22-045,53.00,54.00,4.718,1.673,32.5,2.908,N
BX22-045,54.00,56.00,4.972,1.824,29.5,2.909,N
BX22-045,56.00,57.00,5.450,1.949,29.8,2.870,N
BX22-045,57.00,58.00,4.871,1.580,27.4,2.872,N
BX22-045,58.00,59.50,4.956,1.753,29.7,2.897,N
BX22-045,59.50,61.50,4.921,1.708,28.9,2.918,N
BX22-045,61.50,63.50,5.537,1.857,34.7,3.009,N
BX22-045,63.50,64.50,5.152,1.735,33.3,2.936,N
BX22-045,64.50,65.50,5.548,1.875,33.5,2.989,N
BX22-045,65.50,67.50,5.107,1.755,29.0,2.980,N
BX22-045,67.50,68.50,5.739,1.939,34.7,2.944,N
BX22-045,68.50,70.50,5.513,2.046,31.5,2.949,N
BX22-045,70.50,71.50,5.073,1.768,29.4,2.980,N
BX22-045,71.50,72.50,5.920,1.886,32.4,2.982,N
BX22-045,72.50,73.50,5.727,1.865,35.4,2.950,N
BX22-045,73.50,75.50,5.507,1.758,32.2,3.015,N
BX22-045,75.50,76.50,5.513,1.881,32.1,2.928,N
BX22-045,76.50,78.50,5.910,2.069,34.8,2.981,N
BX22-045,78.50,79.50,6.164,2.353,38.7,2.982,N
BX22-045,79.50,81.00,5.693,1.980,34.2,2.990,N
BX22-045,81.00,82.50,6.293,2.199,34.3,2.968,N
BX22-045,82.50,83.50,6.158,2.027,38.4,2.951,N
BX22-045,83.50,85.50,6.279,2.187,40.0,3.024,N
BX22-045,85.50,86.50,6.064,2.119,37.6,2.983,N
BX22-045,86.50,88.50,5.657,2.118,37.3,3.001,N
BX22-045,88.50,89.50,6.118,2.273,36.6,2.932,N
BX22-045,89.50,91.00,6.062,2.058,37.5,2.945,N
BX22-045,91.00,93.00,5.681,2.141,34.1,2.913,N
BX22-045,93.00,94.00,6.061,2.215,33.0,2.931,N
BX22-045,94.00,96.00,6.295,2.244,40.3,3.005,N
BX22-045,96.00,97.00,6.235,2.288,39.0,2.964,Y
BX22-045,97.00,98.50,6.066,1.998,40.1,3.006,N
BX22-045,98.50,100.50,5.859,2.083,35.0,2.952,N
BX22-045,100.50,102.50,5.524,1.918,35.9,2.974,N
BX22-045,102.50,104.50,6.361,2.268,37.9,2.960,N
BX22-045,104.50,105.50,5.129,1.745,32.9,2.895,N
BX22-045,105.50,106.50,6.086,2.208,35.7,3.002,N
BX22-045,106.50,108.50,5.514,2.095,32.8,2.982,N
BX22-045,108.50,110.50,5.495,1.907,27.1,2.930,N
BX22-045,110.50,112.00,5.406,1.843,30.8,2.944,N
BX22-045,112.00,113.00,6.094,2.084,36.1,3.039,N
BX22-045,113.00,114.00,5.637,1.837,34.2,2.931,N
BX22-045,114.00,116.00,5.077,1.736,31.1,2.857,N
BX22-045,116.00,117.00,5.342,1.812,29.0,2.937,N
BX22-045,117.00,119.00,5.392,2.053,33.1,2.985,N
BX22-045,119.00,120.50,5.027,1.786,29.6,2.912,N
BX22-045,120.50,122.50,5.131,1.749,31.0,2.961,N
BX22-045,122.50,123.50,4.900,1.730,29.5,2.936,N
BX22-045,123.50,125.50,5.306,1.893,30.4,2.931,N
BX22-045,125.50,127.50,4.738,1.846,30.2,2.844,N
BX22-045,127.50,128.50,5.178,1.595,32.0,2.973,N
BX22-045,128.50,129.50,4.496,1.653,27.3,2.894,N
BX22-045,129.50,131.50,4.697,1.579,27.5,2.885,N
BX22-045,131.50,132.50,4.912,1.672,29.5,2.858,N
BX22-045,132.50,133.50,4.253,1.620,27.5,2.838,N
BX22-045,133.50,135.50,4.349,1.570,27.4,2.878,N
BX22-045,135.50,136.50,4.182,1.387,21.8,2.872,N
BX22-045,136.50,138.50,3.931,1.415,25.9,2.863,N
BX22-045,138.50,139.50,4.017,1.348,24.2,2.901,N
BX22-045,139.50,141.00,4.266,1.518,23.3,2.852,N
BX22-045,141.00,142.00,3.828,1.140,18.3,2.853,N
BX22-045,142.00,143.00,3.636,1.285,18.3,2.823,N
BX22-045,143.00,144.00,3.362,1.073,19.6,2.878,N
BX22-045,144.00,145.50,3.633,1.362,24.8,2.786,N
BX22-045,145.50,147.50,3.760,1.348,21.7,2.808,N
BX22-045,147.50,148.50,2.895,1.066,14.3,2.787,N
BX22-045,148.50,150.50,2.908,0.928,22.3,2.834,N
BX22-045,150.50,151.50,3.131,1.089,18.5,2.847,N
BX22-045,151.50,152.50,2.905,0.932,20.4,2.805,N
BX22-045,152.50,154.00,2.659,0.851,14.4,2.851,Y
BX22-045,154.00,155.00,2.937,1.092,16.5,2.787,N
BX22-045,155.00,156.50,2.631,1.069,17.3,2.809,N
BX22-045,156.50,157.50,2.075,0.627,16.8,2.679,N
BX22-045,157.50,158.50,3.106,1.252,16.5,2.819,N
BX22-045,158.50,160.00,2.502,0.962,17.6,2.741,N
BX22-045,160.00,161.50,1.940,0.807,13.4,2.746,N
BX22-045,161.50,163.00,1.784,0.735,15.2,2.719,N
BX22-045,163.00,164.00,1.961,0.661,12.8,2.730,N
BX22-045,164.00,165.00,1.911,0.728,9.0,2.791,N
BX22-045,165.00,167.00,2.109,0.596,12.0,2.806,N
BX22-045,167.00,169.00,1.188,0.394,8.4,2.672,Y
BX22-045,169.00,170.00,1.797,0.533,12.6,2.754,N
BX22-045,170.00,171.00,1.897,0.920,12.4,2.723,N
BX22-045,171.00,172.00,1.950,0.567,10.0,2.708,N
BX22-045,172.00,173.00,1.881,0.642,13.1,2.761,N
BX22-045,173.00,174.00,2.128,0.795,15.2,2.777,N
BX22-045,174.00,176.00,1.635,0.395,11.0,2.737,N
BX22-045,176.00,178.00,1.008,0.491,7.5,2.670,N
BX22-045,178.00,179.50,0.972,0.391,5.7,2.739,N
BX22-045,179.50,181.00,1.339,0.335,6.8,2.677,N
BX22-045,181.00,182.00,0.804,0.270,5.9,2.706,N
BX22-045,182.00,183.50,0.628,0.126,4.8,2.640,N
BX22-045,183.50,184.50,1.029,0.294,7.1,2.748,N
BX22-045,184.50,186.50,1.256,0.381,8.5,2.681,N
BX22-045,186.50,187.50,1.261,0.346,9.4,2.705,N
BX22-045,187.50,189.00,0.922,0.376,4.9,2.664,N
BX22-045,189.00,190.00,0.642,0.228,4.8,2.627,N
BX22-045,190.00,191.00,1.204,0.305,5.6,2.655,N
BX22-045,191.00,192.50,0.407,0.220,1.8,2.633,N
BX22-045,192.50,194.00,0.936,0.424,8.1,2.695,N
BX22-045,194.00,195.50,1.314,0.431,10.7,2.709,N
BX22-045,195.50,197.00,0.470,0.010,3.6,2.691,N
BX22-045,197.00,198.50,1.076,0.473,7.5,2.678,N
BX22-045,198.50,200.50,0.731,0.177,5.1,2.650,N
BX22-045,200.50,201.50,0.416,0.134,1.1,2.669,N
BX22-045,201.50,203.00,0.020,0.010,0.5,2.573,N
BX22-045,203.00,204.00,0.643,0.352,4.7,2.753,N
BX22-045,204.00,205.00,1.298,0.355,7.4,2.734,N
BX22-045,205.00,206.00,0.210,0.032,1.6,2.643,N
BX22-045,206.00,208.00,1.118,0.413,5.1,2.706,N
BX22-045,208.00,209.50,0.320,0.124,4.5,2.666,N
BX22-045,209.50,210.50,0.776,0.388,5.1,2.657,N
BX22-045,210.50,212.00,0.020,0.010,0.5,2.632,N
BX22-045,212.00,213.00,0.572,0.181,7.3,2.626,Y
BX22-045,213.00,214.50,0.208,0.143,0.5,2.631,N
BX22-045,214.50,215.00,0.576,0.490,2.8,2.591,N
BX22-046,0.00,2.00,0.122,0.010,0.5,2.616,N
BX22-046,2.00,3.00,0.805,0.113,4.9,2.646,N
BX22-046,3.00,4.00,0.029,0.025,0.6,2.632,N
BX22-046,4.00,5.00,0.020,0.083,0.5,2.642,N
BX22-046,5.00,6.50,0.020,0.113,0.5,2.623,N
BX22-046,6.50,8.50,0.020,0.221,0.5,2.630,N
BX22-046,8.50,9.50,0.020,0.076,0.5,2.596,N
BX22-046,9.50,10.50,0.020,0.010,3.8,2.651,N
BX22-046,10.50,12.50,0.532,0.237,2.6,2.636,N
BX22-046,12.50,14.50,0.186,0.040,2.8,2.616,N
BX22-046,14.50,15.50,0.866,0.272,1.2,2.730,N
BX22-046,15.50,16.50,0.020,0.010,0.5,2.617,N
BX22-046,16.50,18.00,0.645,0.246,2.9,2.646,N
BX22-046,18.00,19.00,0.257,0.129,0.9,2.621,N
BX22-046,19.00,21.00,0.020,0.010,0.5,2.617,N
BX22-046,21.00,23.00,0.557,0.284,2.8,2.683,N
BX22-046,23.00,24.00,0.323,0.110,0.5,2.684,N
BX22-046,24.00,25.50,0.872,0.114,7.8,2.682,N
BX22-046,25.50,26.50,0.031,0.079,2.1,2.606,N
BX22-046,26.50,28.50,0.020,0.100,0.5,2.644,N
BX22-046,28.50,30.00,0.436,0.244,7.6,2.596,N
BX22-046,30.00,31.50,0.363,0.096,3.6,2.701,N
BX22-046,31.50,32.50,0.774,0.221,2.3,2.697,N
BX22-046,32.50,34.00,0.693,0.192,2.5,2.635,N
BX22-046,34.00,35.00,0.300,0.165,0.7,2.600,N
BX22-046,35.00,36.50,1.213,0.431,8.8,2.759,N
BX22-046,36.50,37.50,1.040,0.385,7.6,2.652,N
BX22-046,37.50,38.50,0.825,0.329,3.6,2.718,N
BX22-046,38.50,39.50,0.847,0.184,5.0,2.703,N
BX22-046,39.50,40.50,0.697,0.230,5.4,2.668,N
BX22-046,40.50,42.00,1.067,0.386,7.5,2.647,N
BX22-046,42.00,44.00,1.000,0.361,3.1,2.722,N
BX22-046,44.00,46.00,0.859,0.441,4.3,2.666,N
BX22-046,46.00,47.00,0.482,0.160,5.8,2.766,N
BX22-046,47.00,48.00,1.537,0.631,10.3,2.750,N
BX22-046,48.00,50.00,0.841,0.367,7.6,2.667,N
BX22-046,50.00,52.00,1.560,0.518,8.3,2.629,N
BX22-046,52.00,54.00,1.016,0.268,9.6,2.695,N
BX22-046,54.00,55.00,1.731,0.653,12.7,2.693,N
BX22-046,55.00,57.00,0.967,0.110,8.8,2.635,N
BX22-046,57.00,58.00,1.118,0.430,9.5,2.693,N
BX22-046,58.00,59.00,1.433,0.397,8.2,2.676,N
BX22-046,59.00,60.50,1.762,0.747,9.0,2.725,N
BX22-046,60.50,61.50,1.835,0.811,13.0,2.694,N
BX22-046,61.50,62.50,2.421,0.826,15.1,2.739,N
BX22-046,62.50,63.50,1.462,0.775,8.1,2.762,N
BX22-046,63.50,64.50,1.384,0.315,7.6,2.705,N
BX22-046,64.50,66.00,2.603,0.955,16.0,2.773,N
BX22-046,66.00,67.00,1.493,0.447,7.3,2.670,N
BX22-046,67.00,68.00,1.909,0.768,9.5,2.774,N
BX22-046,68.00,69.50,2.087,0.649,8.6,2.755,N
BX22-046,69.50,71.50,2.032,0.635,16.2,2.744,N
BX22-046,71.50,73.00,2.335,0.919,12.2,2.756,N
BX22-046,73.00,74.00,2.221,0.696,14.4,2.761,N
BX22-046,74.00,75.50,2.327,0.674,13.5,2.747,N
BX22-046,75.50,77.00,2.104,0.701,12.1,2.775,N
BX22-046,77.00,78.50,2.521,0.959,17.1,2.791,N
BX22-046,78.50,79.50,2.147,0.753,16.0,2.770,N
BX22-046,79.50,80.50,2.390,0.807,12.7,2.778,N
BX22-046,80.50,82.50,2.423,0.771,17.3,2.775,N
BX22-046,82.50,84.00,2.873,1.029,16.3,2.713,N
BX22-046,84.00,85.00,3.323,1.227,21.9,2.876,N
BX22-046,85.00,86.00,3.110,1.099,19.0,2.843,N
BX22-046,86.00,88.00,3.064,1.039,21.0,2.819,N
BX22-046,88.00,89.50,3.571,1.260,21.1,2.866,N
BX22-046,89.50,91.00,2.755,0.902,17.5,2.820,N
BX22-046,91.00,93.00,3.619,1.178,21.6,2.827,N
BX22-046,93.00,94.00,3.476,1.126,22.2,2.836,N
BX22-046,94.00,95.00,3.616,1.139,24.1,2.855,N
BX22-046,95.00,96.00,3.195,1.063,21.4,2.771,N
BX22-046,96.00,97.00,3.963,1.542,25.5,2.863,N
BX22-046,97.00,99.00,4.560,1.703,28.9,2.922,Y
BX22-046,99.00,100.50,4.074,1.275,24.0,2.838,N
BX22-046,100.50,102.50,3.856,1.305,26.1,2.876,N
BX22-046,102.50,104.00,4.253,1.457,25.8,2.892,N
BX22-046,104.00,105.00,4.123,1.407,25.8,2.853,N
BX22-046,105.00,107.00,4.638,1.832,28.3,2.883,N
BX22-046,107.00,109.00,4.950,1.843,27.6,2.875,N
BX22-046,109.00,110.00,5.389,1.947,31.8,2.964,N
BX22-046,110.00,111.00,3.997,1.326,25.9,2.885,N
BX22-046,111.00,113.00,4.519,1.816,27.6,2.911,Y
BX22-046,113.00,115.00,5.674,1.935,37.4,2.970,N
BX22-046,115.00,116.00,4.889,1.821,29.8,2.904,N
BX22-046,116.00,117.50,5.032,1.748,31.9,2.925,N
BX22-046,117.50,119.00,5.549,1.939,33.9,2.986,N
BX22-046,119.00,120.00,5.501,2.084,35.0,2.936,N
BX22-046,120.00,122.00,5.363,1.787,30.2,2.882,N
BX22-046,122.00,123.00,5.879,2.044,34.4,2.963,N
BX22-046,123.00,124.50,5.556,1.888,33.7,2.954,N
BX22-046,124.50,126.50,5.406,1.995,35.5,2.960,N
BX22-046,126.50,128.50,5.543,2.176,29.8,2.964,N
BX22-046,128.50,129.50,5.544,1.982,30.4,2.931,N
BX22-046,129.50,131.50,5.588,2.050,32.8,2.942,N
BX22-046,131.50,132.50,6.236,2.216,35.0,3.000,N
BX22-046,132.50,134.00,6.030,2.159,35.3,3.002,N
BX22-046,134.00,136.00,6.193,2.154,38.8,2.967,N
BX22-046,136.00,137.50,5.815,1.965,34.6,3.009,N
BX22-046,137.50,138.50,5.693,1.872,34.5,2.939,N
BX22-046,138.50,139.50,6.450,2.241,39.4,2.996,N
BX22-046,139.50,140.50,5.983,2.054,41.3,2.963,N
BX22-046,140.50,142.50,7.019,2.409,46.0,3.079,N
BX22-046,142.50,144.00,5.374,1.902,31.5,2.915,N
BX22-046,144.00,145.00,7.087,2.644,44.3,3.054,Y
BX22-046,145.00,147.00,6.434,2.351,40.1,3.006,N
BX22-046,147.00,148.00,5.768,2.118,35.2,2.975,N
BX22-046,148.00,149.00,6.039,2.117,36.3,3.038,N
BX22-046,149.00,150.00,6.508,2.168,40.4,2.994,N
BX22-046,150.00,152.00,6.361,2.205,40.3,2.973,N
BX22-046,152.00,153.00,6.271,2.200,35.6,3.052,N
BX22-046,153.00,155.00,6.516,2.361,38.6,3.043,N
BX22-046,155.00,156.50,6.081,2.013,35.3,2.972,N
BX22-046,156.50,157.50,6.014,2.032,39.6,2.991,N
BX22-046,157.50,158.50,5.908,1.898,35.3,2.966,N
BX22-046,158.50,159.50,6.437,2.196,38.4,3.073,N
BX22-046,159.50,161.00,6.449,2.071,40.2,2.977,N
BX22-046,161.00,163.00,5.848,1.924,37.1,3.019,N
BX22-046,163.00,165.00,5.945,1.963,37.3,2.957,N
BX22-046,165.00,166.00,6.360,2.161,37.4,3.034,N
BX22-046,166.00,167.00,6.122,2.064,34.4,3.033,N
BX22-046,167.00,169.00,6.368,2.297,38.3,3.035,N
BX22-046,169.00,171.00,6.044,2.212,38.8,3.014,N
BX22-046,171.00,172.50,6.497,2.242,39.0,2.971,N
BX22-046,172.50,173.50,5.982,1.999,39.3,2.914,N
BX22-046,173.50,175.00,6.110,2.028,34.5,2.983,N
BX22-046,175.00,177.00,6.194,2.169,38.1,2.980,N
BX22-046,177.00,178.00,6.216,2.084,37.9,2.957,N
BX22-046,178.00,179.00,5.392,1.843,34.6,2.899,N
BX22-046,179.00,180.00,5.429,1.900,31.8,2.892,N
BX22-046,180.00,181.00,5.274,1.898,32.7,2.934,N
BX22-046,181.00,183.00,5.372,1.822,33.1,2.944,N
BX22-046,183.00,184.00,5.477,1.958,33.1,2.925,N
BX22-046,184.00,186.00,5.657,2.049,38.1,2.929,N
BX22-046,186.00,187.50,5.503,1.995,29.9,2.925,N
BX22-046,187.50,189.50,5.569,2.096,34.2,3.005,N
BX22-046,189.50,191.50,5.248,1.879,28.5,2.915,N
BX22-046,191.50,192.50,4.878,1.729,29.2,2.932,N
BX22-046,192.50,194.00,4.919,1.720,32.9,2.941,N
BX22-046,194.00,196.00,5.088,1.832,26.9,2.913,N
BX22-046,196.00,197.00,5.167,2.027,32.9,2.903,N
BX22-046,197.00,198.50,4.813,1.663,28.0,2.899,N
BX22-046,198.50,200.00,4.492,1.832,27.6,2.901,N
BX22-046,200.00,201.00,4.423,1.421,26.7,2.893,N
BX22-046,201.00,202.00,4.851,1.681,26.1,2.900,N
BX22-046,202.00,204.00,3.939,1.294,25.7,2.885,Y
BX22-046,204.00,206.00,5.032,1.874,30.1,2.957,N
BX22-046,206.00,208.00,3.618,1.396,22.9,2.844,N
BX22-046,208.00,209.00,4.089,1.443,24.2,2.852,N
BX22-046,209.00,210.00,3.252,1.122,19.3,2.786,N
BX22-046,210.00,212.00,2.949,1.105,17.1,2.755,N
BX22-046,212.00,213.00,3.901,1.437,25.3,2.847,N
BX22-046,213.00,214.50,3.862,1.519,24.5,2.863,N
BX22-046,214.50,216.50,2.826,0.925,16.2,2.814,N
BX22-046,216.50,218.50,3.922,1.398,24.6,2.873,N
BX22-046,218.50,220.00,3.515,1.209,20.0,2.818,N
BX22-046,220.00,221.00,3.314,1.194,19.7,2.865,N
BX22-046,221.00,223.00,2.966,0.955,16.0,2.756,N
BX22-046,223.00,224.00,2.989,1.160,16.3,2.776,N
BX22-046,224.00,225.00,2.479,0.975,16.5,2.765,N
BX22-046,225.00,226.00,2.827,1.008,18.8,2.811,N
BX22-046,226.00,227.50,3.022,0.917,18.4,2.785,N
BX22-046,227.50,228.50,2.340,0.707,13.0,2.793,N
BX22-046,228.50,230.00,1.709,0.583,10.4,2.743,N
BX22-046,230.00,232.00,2.606,0.899,15.3,2.723,N
BX22-046,232.00,233.00,2.063,0.794,16.2,2.764,N
BX22-046,233.00,235.00,2.241,0.662,12.7,2.750,N
BX22-046,235.00,236.00,1.599,0.529,10.6,2.675,N
BX22-046,236.00,237.50,1.874,0.634,10.5,2.693,N
BX22-046,237.50,238.50,2.319,0.802,11.6,2.792,N
BX22-046,238.50,240.50,1.889,0.603,13.4,2.764,N
BX22-046,240.50,241.50,2.480,0.856,18.7,2.774,N
BX22-046,241.50,242.50,2.260,0.819,17.2,2.738,N
BX22-046,242.50,244.00,2.011,0.772,11.9,2.747,N
BX22-046,244.00,246.00,1.170,0.360,5.6,2.609,N
BX22-046,246.00,247.00,0.983,0.435,5.8,2.667,N
BX22-046,247.00,248.50,1.622,0.771,10.2,2.729,N
BX22-046,248.50,250.00,1.399,0.366,11.9,2.737,N
BX22-046,250.00,251.00,1.337,0.461,10.2,2.680,N
BX22-046,251.00,252.50,1.678,0.521,9.7,2.687,N
BX22-046,252.50,254.50,0.560,0.109,5.5,2.689,N
BX22-046,254.50,256.50,0.306,0.302,0.5,2.661,N
BX22-046,256.50,258.50,0.992,0.208,8.4,2.656,N
BX22-046,258.50,259.00,1.072,0.386,8.5,2.659,N
BX22-047,0.00,1.50,0.429,0.066,0.7,2.633,N
BX22-047,1.50,2.50,0.770,0.347,2.3,2.652,N
BX22-047,2.50,4.00,0.020,0.010,5.9,2.655,N
BX22-047,4.00,5.00,0.020,0.016,0.5,2.601,N
BX22-047,5.00,6.00,0.020,0.059,0.5,2.557,N
BX22-047,6.00,8.00,0.248,0.112,4.5,2.650,N
BX22-047,8.00,9.00,0.177,0.083,0.5,2.635,N
BX22-047,9.00,10.00,0.020,0.010,0.5,2.657,N
BX22-047,10.00,12.00,0.102,0.104,1.7,2.621,N
BX22-047,12.00,13.00,0.344,0.010,3.6,2.637,N
BX22-047,13.00,15.00,0.623,0.276,6.4,2.655,N
BX22-047,15.00,17.00,0.486,0.139,2.4,2.596,N
BX22-047,17.00,19.00,0.020,0.010,3.4,2.669,N
BX22-047,19.00,20.00,0.246,0.010,0.5,2.668,N
BX22-047,20.00,21.50,0.020,0.010,0.5,2.721,N
BX22-047,21.50,23.50,0.020,0.095,0.5,2.577,N
BX22-047,23.50,25.50,0.183,0.010,0.5,2.641,N
BX22-047,25.50,27.50,0.608,0.347,5.0,2.746,N
BX22-047,27.50,29.50,0.020,0.190,0.5,2.560,N
BX22-047,29.50,30.50,0.264,0.107,2.2,2.644,N
BX22-047,30.50,32.50,0.020,0.010,0.5,2.596,N
BX22-047,32.50,34.00,0.546,0.065,0.5,2.645,N
BX22-047,34.00,35.00,0.020,0.043,0.5,2.635,N
BX22-047,35.00,36.50,0.020,0.190,0.5,2.601,Y
BX22-047,36.50,37.50,0.020,0.045,4.1,2.646,N
BX22-047,37.50,39.00,0.020,0.083,0.5,2.644,N
BX22-047,39.00,40.00,0.020,0.177,0.6,2.609,N
BX22-047,40.00,42.00,0.020,0.150,0.5,2.644,N
BX22-047,42.00,43.50,0.388,0.010,0.5,2.622,N
BX22-047,43.50,44.50,0.211,0.021,0.5,2.607,N
BX22-047,44.50,46.00,0.020,0.010,0.5,2.600,N
BX22-047,46.00,48.00,0.204,0.195,0.5,2.632,N
BX22-047,48.00,49.00,0.089,0.010,0.5,2.647,N
BX22-047,49.00,50.00,0.020,0.077,3.8,2.632,N
BX22-047,50.00,51.00,0.123,0.104,4.3,2.639,N
BX22-047,51.00,52.00,0.112,0.010,1.5,2.625,N
BX22-047,52.00,53.00,0.020,0.010,0.5,2.582,N
BX22-047,53.00,54.50,0.615,0.290,2.7,2.693,N
BX22-047,54.50,55.50,0.439,0.167,2.2,2.602,N
BX22-047,55.50,56.50,0.484,0.181,0.5,2.672,N
BX22-047,56.50,58.50,0.020,0.020,0.7,2.603,N
BX22-047,58.50,59.50,0.755,0.326,4.1,2.645,N
BX22-047,59.50,60.50,0.172,0.045,1.7,2.692,N
BX22-047,60.50,62.00,0.248,0.080,3.9,2.686,N
BX22-047,62.00,64.00,0.590,0.337,1.1,2.676,N
BX22-047,64.00,65.00,0.020,0.069,1.8,2.613,N
BX22-047,65.00,66.00,0.454,0.337,1.5,2.651,N
BX22-047,66.00,67.00,0.077,0.077,1.8,2.589,N
BX22-047,67.00,68.00,0.120,0.021,2.2,2.612,N
BX22-047,68.00,70.00,0.020,0.094,1.4,2.621,N
BX22-047,70.00,71.00,0.020,0.010,0.5,2.638,N
BX22-047,71.00,72.50,0.855,0.424,1.2,2.655,N
BX22-047,72.50,74.50,0.129,0.010,1.2,2.671,N
BX22-047,74.50,76.50,0.098,0.011,0.7,2.673,N
BX22-047,76.50,78.00,0.020,0.010,0.5,2.592,Y
BX22-047,78.00,79.50,0.657,0.234,5.5,2.647,N
BX22-047,79.50,81.00,0.020,0.010,0.5,2.618,N
BX22-047,81.00,82.00,0.020,0.010,0.5,2.637,Y
BX22-047,82.00,84.00,0.658,0.298,5.6,2.668,N
BX22-047,84.00,86.00,0.020,0.010,0.5,2.568,N
BX22-047,86.00,87.00,0.020,0.010,0.5,2.678,N
BX22-047,87.00,88.00,0.020,0.010,0.5,2.594,N
BX22-047,88.00,90.00,0.020,0.111,0.5,2.643,N
BX22-047,90.00,91.00,0.577,0.010,5.3,2.672,N
BX22-047,91.00,92.50,0.427,0.220,2.1,2.697,N
BX22-047,92.50,94.00,0.020,0.010,2.6,2.566,N
BX22-047,94.00,96.00,0.166,0.058,4.4,2.685,N
BX22-047,96.00,98.00,0.321,0.090,3.5,2.599,N
BX22-047,98.00,99.00,0.020,0.096,0.5,2.649,N
BX22-047,99.00,100.00,0.287,0.165,5.7,2.682,N
BX22-047,100.00,102.00,0.061,0.010,2.9,2.604,N
BX22-047,102.00,103.00,0.282,0.179,0.5,2.660,N
BX22-047,103.00,104.50,0.666,0.329,3.7,2.637,N
BX22-047,104.50,105.50,0.084,0.010,1.4,2.633,N
BX22-047,105.50,106.50,0.337,0.207,8.6,2.656,N
BX22-047,106.50,108.50,0.020,0.069,1.4,2.641,N
BX22-047,108.50,109.50,0.413,0.099,3.2,2.594,N
BX22-047,109.50,111.50,0.734,0.197,3.5,2.687,N
BX22-047,111.50,113.50,0.020,0.022,0.5,2.601,N
BX22-047,113.50,114.50,0.072,0.063,3.7,2.603,N
BX22-047,114.50,115.50,0.668,0.273,0.5,2.687,N
BX22-047,115.50,117.00,0.490,0.329,2.0,2.649,N
BX22-047,117.00,118.00,0.020,0.019,0.5,2.619,N
BX22-047,118.00,119.50,0.364,0.099,3.2,2.666,N
BX22-047,119.50,120.50,0.604,0.392,2.4,2.662,N
BX22-047,120.50,122.50,0.931,0.108,8.8,2.724,N
BX22-047,122.50,123.50,0.389,0.151,0.5,2.645,N
BX22-047,123.50,125.00,0.020,0.010,0.5,2.645,N
BX22-047,125.00,127.00,0.627,0.241,3.6,2.645,N
BX22-047,127.00,129.00,0.020,0.010,1.8,2.606,N
BX22-047,129.00,130.00,0.985,0.401,5.7,2.751,N
BX22-047,130.00,132.00,0.020,0.010,2.2,2.620,Y
BX22-047,132.00,133.00,0.863,0.276,4.9,2.691,N
BX22-047,133.00,135.00,0.159,0.294,2.1,2.651,N
BX22-047,135.00,136.50,0.784,0.230,5.2,2.670,N
BX22-047,136.50,138.50,0.037,0.126,3.5,2.636,N
BX22-047,138.50,139.50,0.143,0.010,1.0,2.611,N
BX22-047,139.50,141.00,0.020,0.010,0.5,2.573,N
BX22-047,141.00,143.00,0.141,0.010,0.5,2.643,N
BX22-047,143.00,144.00,0.415,0.094,1.4,2.613,N
BX22-047,144.00,146.00,0.095,0.010,0.5,2.641,N
BX22-047,146.00,147.00,0.353,0.197,3.0,2.616,N
BX22-047,147.00,148.50,0.191,0.010,0.5,2.639,N
BX22-047,148.50,149.50,0.451,0.131,2.0,2.623,N
BX22-047,149.50,150.50,0.027,0.145,3.8,2.632,N
BX22-047,150.50,151.50,0.020,0.010,0.5,2.630,N
BX22-047,151.50,152.50,0.575,0.234,2.7,2.636,N
BX22-047,152.50,154.00,0.450,0.096,5.5,2.641,N
BX22-047,154.00,155.00,0.080,0.166,0.5,2.614,N
BX22-047,155.00,156.00,0.020,0.044,1.3,2.603,N
BX22-047,156.00,157.00,0.772,0.245,5.7,2.681,N
BX22-047,157.00,159.00,0.630,0.194,3.7,2.642,N
BX22-047,159.00,161.00,0.491,0.243,6.3,2.671,N
BX22-047,161.00,162.00,0.646,0.150,3.1,2.672,N
BX22-047,162.00,163.00,0.290,0.115,0.5,2.641,N
BX22-047,163.00,165.00,0.849,0.209,5.9,2.688,N
BX22-047,165.00,166.50,0.651,0.101,1.3,2.675,N
BX22-047,166.50,167.50,0.421,0.052,2.8,2.676,N
BX22-047,167.50,168.50,0.379,0.173,0.5,2.637,N
BX22-047,168.50,170.50,0.574,0.058,0.5,2.618,Y
BX22-047,170.50,171.50,1.151,0.462,7.5,2.675,N
BX22-047,171.50,173.50,0.385,0.187,0.5,2.656,N
BX22-047,173.50,174.50,0.819,0.349,6.8,2.638,N
BX22-047,174.50,175.50,0.398,0.204,2.8,2.655,N
BX22-047,175.50,176.50,0.641,0.230,1.4,2.680,N
BX22-047,176.50,177.50,0.688,0.285,4.9,2.652,N
BX22-047,177.50,179.50,0.633,0.200,5.8,2.673,N
BX22-047,179.50,181.00,1.372,0.536,11.4,2.757,N
BX22-047,181.00,182.00,0.743,0.123,3.6,2.656,N
BX22-047,182.00,183.00,1.247,0.540,7.8,2.719,N
BX22-047,183.00,184.50,0.629,0.244,4.5,2.669,N
BX22-047,184.50,185.50,0.612,0.159,0.5,2.643,N
BX22-047,185.50,186.50,1.125,0.318,6.9,2.711,N
BX22-047,186.50,187.50,1.074,0.306,6.9,2.719,Y
BX22-047,187.50,188.50,0.900,0.323,8.6,2.678,N
BX22-047,188.50,190.50,1.281,0.477,10.9,2.695,N
BX22-047,190.50,191.50,1.960,0.585,9.8,2.747,N
BX22-047,191.50,193.00,1.396,0.399,7.9,2.708,N
BX22-047,193.00,194.00,1.079,0.283,7.2,2.665,N
BX22-047,194.00,195.50,1.512,0.599,8.1,2.720,N
BX22-047,195.50,196.50,0.566,0.104,0.5,2.672,N
BX22-047,196.50,198.00,1.034,0.382,1.6,2.702,N
BX22-047,198.00,200.00,1.288,0.476,9.3,2.702,N
BX22-047,200.00,202.00,1.281,0.511,8.5,2.692,N
BX22-047,202.00,203.00,1.234,0.617,9.0,2.730,N
BX22-047,203.00,204.50,1.373,0.579,10.2,2.665,N
BX22-047,204.50,206.00,1.250,0.366,3.8,2.655,N
BX22-047,206.00,207.00,1.137,0.532,6.4,2.719,N
BX22-047,207.00,208.00,1.430,0.419,8.6,2.671,N
BX22-047,208.00,209.00,1.220,0.621,5.2,2.682,N
BX22-047,209.00,210.00,1.244,0.345,8.8,2.687,N
BX22-047,210.00,211.00,1.494,0.792,8.8,2.703,N
BX22-047,211.00,212.00,1.364,0.462,11.6,2.741,N
BX22-047,212.00,214.00,1.502,0.432,10.5,2.709,N
BX22-047,214.00,215.00,1.895,0.604,8.7,2.759,N
BX22-047,215.00,216.00,2.201,0.782,12.0,2.693,N
BX22-047,216.00,218.00,1.760,0.668,9.8,2.721,N
BX22-047,218.00,219.00,2.436,0.870,17.3,2.816,N
BX22-047,219.00,220.50,1.289,0.537,7.4,2.640,N
BX22-047,220.50,222.00,2.071,0.724,13.4,2.723,N
BX22-047,222.00,223.50,1.986,0.650,13.0,2.706,N
BX22-047,223.50,225.50,1.364,0.439,9.0,2.719,N
BX22-047,225.50,227.00,1.711,0.548,4.4,2.734,N
BX22-047,227.00,228.00,2.180,0.782,14.9,2.774,N
BX22-047,228.00,229.50,2.548,0.783,15.7,2.812,N
BX22-047,229.50,231.00,2.327,0.952,17.7,2.759,N
BX22-047,231.00,232.00,1.933,0.748,8.2,2.726,N
BX22-047,232.00,233.50,2.125,0.792,14.7,2.776,N
BX22-047,233.50,234.50,2.086,0.531,13.0,2.764,N
BX22-047,234.50,236.00,2.159,0.743,10.9,2.740,N
BX22-047,236.00,238.00,2.011,0.796,9.7,2.706,N
BX22-047,238.00,240.00,2.391,0.837,16.3,2.799,N
BX22-047,240.00,241.00,1.902,0.690,14.1,2.704,N
BX22-047,241.00,242.00,1.957,0.515,13.6,2.700,Y
BX22-047,242.00,243.00,2.870,1.099,16.5,2.844,N
BX22-047,243.00,244.50,2.511,0.875,14.0,2.750,N
BX22-047,244.50,246.50,2.059,0.669,11.8,2.761,N
BX22-047,246.50,248.00,2.533,1.005,15.2,2.782,N
BX22-047,248.00,249.50,2.078,0.752,15.3,2.724,N
BX22-047,249.50,251.50,2.382,0.869,13.2,2.789,Y
BX22-047,251.50,253.50,2.627,0.903,17.1,2.757,N
BX22-047,253.50,255.00,2.793,0.964,14.6,2.797,N
BX22-047,255.00,256.00,2.800,1.038,17.5,2.809,N
BX22-047,256.00,257.00,2.948,1.111,17.3,2.766,N
BX22-047,257.00,258.50,2.186,0.689,12.8,2.701,N
BX22-047,258.50,259.50,3.318,1.434,20.0,2.826,N
BX22-047,259.50,260.50,2.738,0.904,14.4,2.820,N
BX22-047,260.50,261.00,2.970,0.839,16.3,2.833,N
BX22-048,0.00,2.00,0.020,0.147,0.5,2.649,N
BX22-048,2.00,4.00,0.020,0.107,3.1,2.565,N
BX22-048,4.00,6.00,0.020,0.197,0.5,2.611,N
BX22-048,6.00,7.00,0.020,0.147,0.8,2.667,N
BX22-048,7.00,9.00,0.386,0.089,5.6,2.681,N
BX22-048,9.00,10.50,0.270,0.036,0.5,2.590,N
BX22-048,10.50,12.00,0.199,0.010,0.5,2.674,N
BX22-048,12.00,13.00,0.020,0.058,0.9,2.608,N
BX22-048,13.00,14.00,0.919,0.307,3.8,2.710,N
BX22-048,14.00,16.00,0.703,0.274,3.3,2.703,N
BX22-048,16.00,17.50,0.020,0.010,0.5,2.622,N
BX22-048,17.50,18.50,0.020,0.018,0.5,2.600,N
BX22-048,18.50,19.50,0.649,0.097,1.6,2.664,N
BX22-048,19.50,20.50,0.020,0.105,0.5,2.621,N
BX22-048,20.50,21.50,0.044,0.010,0.5,2.623,N
BX22-048,21.50,22.50,0.020,0.011,0.6,2.627,N
BX22-048,22.50,23.50,0.438,0.152,2.9,2.687,N
BX22-048,23.50,24.50,0.278,0.173,5.1,2.647,N
BX22-048,24.50,25.50,0.032,0.075,0.5,2.588,N
BX22-048,25.50,26.50,0.020,0.010,0.5,2.650,N
BX22-048,26.50,28.00,0.709,0.232,2.9,2.635,N
BX22-048,28.00,29.00,0.310,0.055,0.5,2.679,N
BX22-048,29.00,30.00,0.020,0.051,0.5,2.580,N
BX22-048,30.00,32.00,0.020,0.010,0.5,2.605,N
BX22-048,32.00,34.00,0.075,0.010,1.5,2.651,N
BX22-048,34.00,35.00,0.396,0.290,1.0,2.664,N
BX22-048,35.00,36.00,0.020,0.234,4.7,2.605,N
BX22-048,36.00,37.50,0.069,0.010,1.0,2.629,N
BX22-048,37.50,38.50,0.020,0.010,0.5,2.619,N
BX22-048,38.50,40.50,0.020,0.010,0.5,2.615,N
BX22-048,40.50,42.50,0.143,0.083,1.5,2.622,N
BX22-048,42.50,44.50,0.020,0.022,0.5,2.623,N
BX22-048,44.50,45.50,0.046,0.010,0.5,2.605,N
BX22-048,45.50,47.50,0.020,0.010,0.5,2.651,N
BX22-048,47.50,48.50,0.020,0.010,0.5,2.599,N
BX22-048,48.50,50.00,0.020,0.010,0.6,2.580,N
BX22-048,50.00,52.00,0.087,0.010,3.5,2.646,N
BX22-048,52.00,53.00,0.020,0.021,0.5,2.643,N
BX22-048,53.00,54.00,0.409,0.145,0.7,2.646,N
BX22-048,54.00,55.00,0.020,0.010,0.5,2.638,N
BX22-048,55.00,56.00,0.020,0.010,0.5,2.608,N
BX22-048,56.00,58.00,0.046,0.010,0.5,2.631,N
BX22-048,58.00,59.50,0.324,0.093,3.6,2.599,N
BX22-048,59.50,61.00,0.448,0.203,3.3,2.608,N
BX22-048,61.00,62.00,0.020,0.010,2.8,2.626,N
BX22-048,62.00,63.00,0.020,0.040,0.5,2.630,N
BX22-048,63.00,64.00,0.824,0.302,8.2,2.627,N
BX22-048,64.00,65.00,0.020,0.103,0.5,2.600,N
BX22-048,65.00,66.00,0.333,0.017,0.5,2.624,N
BX22-048,66.00,67.50,0.332,0.102,2.5,2.683,N
BX22-048,67.50,68.50,0.108,0.010,2.1,2.594,N
BX22-048,68.50,69.50,0.020,0.146,0.5,2.643,N
BX22-048,69.50,70.50,0.020,0.012,1.3,2.630,N
BX22-048,70.50,72.50,0.020,0.126,0.8,2.588,Y
BX22-048,72.50,74.00,0.679,0.268,3.9,2.644,N
BX22-048,74.00,75.00,0.281,0.057,0.8,2.602,N
BX22-048,75.00,76.00,0.020,0.048,0.5,2.635,N
BX22-048,76.00,77.00,0.020,0.010,5.3,2.614,N
BX22-048,77.00,78.00,0.240,0.161,1.0,2.651,Y
BX22-048,78.00,79.00,0.042,0.010,0.5,2.634,N
BX22-048,79.00,81.00,0.020,0.074,0.5,2.626,N
BX22-048,81.00,82.00,0.299,0.010,0.5,2.630,N
BX22-048,82.00,84.00,0.020,0.203,0.5,2.653,N
BX22-048,84.00,86.00,0.210,0.010,1.8,2.625,N
BX22-048,86.00,87.50,0.117,0.010,0.5,2.628,N
BX22-048,87.50,88.50,0.107,0.010,0.5,2.594,N
BX22-048,88.50,89.50,0.035,0.010,0.5,2.576,N
BX22-048,89.50,90.50,0.020,0.010,0.5,2.563,N
BX22-048,90.50,91.50,0.020,0.010,0.6,2.616,N
BX22-048,91.50,92.50,0.020,0.024,2.7,2.630,N
BX22-048,92.50,94.00,0.027,0.114,1.4,2.623,N
BX22-048,94.00,95.50,0.020,0.010,0.5,2.608,N
BX22-048,95.50,96.50,0.055,0.010,2.8,2.624,N
BX22-048,96.50,98.00,0.020,0.010,0.5,2.640,N
BX22-048,98.00,99.00,0.057,0.057,0.5,2.620,N
BX22-048,99.00,100.00,0.020,0.093,2.2,2.582,N
BX22-048,100.00,101.00,0.391,0.080,2.6,2.635,N
BX22-048,101.00,102.00,0.126,0.270,0.5,2.665,N
BX22-048,102.00,103.50,0.020,0.128,0.5,2.656,N
BX22-048,103.50,104.50,0.020,0.010,0.5,2.620,N
BX22-048,104.50,105.50,0.464,0.249,1.2,2.630,N
BX22-048,105.50,106.50,0.116,0.033,2.5,2.639,N
BX22-048,106.50,107.50,0.020,0.034,0.5,2.658,N
BX22-048,107.50,109.50,0.020,0.100,0.7,2.584,N
BX22-048,109.50,111.50,0.020,0.056,0.5,2.590,N
BX22-048,111.50,113.00,0.020,0.032,0.5,2.642,N
BX22-048,113.00,114.50,0.020,0.010,1.1,2.620,N
BX22-048,114.50,115.50,0.020,0.095,1.5,2.619,N
BX22-048,115.50,116.50,0.020,0.051,1.5,2.631,N
BX22-048,116.50,118.00,0.064,0.010,0.5,2.636,N
BX22-048,118.00,120.00,0.020,0.125,0.5,2.668,N
BX22-048,120.00,121.00,0.023,0.144,0.5,2.629,N
BX22-048,121.00,122.00,0.020,0.010,0.5,2.592,N
BX22-048,122.00,123.00,0.020,0.153,0.5,2.630,N
BX22-048,123.00,124.00,0.412,0.125,2.2,2.659,N
BX22-048,124.00,126.00,0.020,0.010,0.5,2.627,Y
BX22-048,126.00,127.00,0.020,0.010,2.6,2.616,N
BX22-048,127.00,129.00,0.020,0.010,0.5,2.584,N
BX22-048,129.00,130.00,0.020,0.010,0.5,2.641,N
BX22-048,130.00,132.00,0.020,0.010,2.6,2.674,N
BX22-048,132.00,133.00,0.341,0.150,0.5,2.642,N
BX22-048,133.00,135.00,0.126,0.010,0.5,2.630,N
BX22-048,135.00,137.00,0.020,0.131,2.4,2.639,N
BX22-048,137.00,138.50,0.932,0.304,9.4,2.687,N
BX22-048,138.50,139.50,0.020,0.010,0.5,2.664,N
BX22-048,139.50,140.50,0.020,0.010,0.5,2.637,N
BX22-048,140.50,141.50,0.020,0.010,2.3,2.633,N
BX22-048,141.50,142.50,0.020,0.010,0.5,2.604,N
BX22-048,142.50,143.50,0.020,0.010,0.5,2.638,N
BX22-048,143.50,144.50,0.020,0.022,4.2,2.651,N
BX22-048,144.50,145.50,0.020,0.017,0.5,2.636,N
BX22-048,145.50,147.00,0.020,0.010,0.5,2.688,N
BX22-048,147.00,149.00,0.020,0.052,4.9,2.625,N
BX22-048,149.00,151.00,0.335,0.142,0.9,2.603,N
BX22-048,151.00,152.00,0.020,0.172,0.8,2.643,N
BX22-048,152.00,154.00,0.020,0.055,0.5,2.625,N
BX22-048,154.00,155.00,0.166,0.057,1.0,2.626,N
BX22-048,155.00,156.00,0.020,0.010,1.7,2.648,N
BX22-048,156.00,157.00,0.020,0.145,0.5,2.572,N
BX22-048,157.00,159.00,0.227,0.201,2.2,2.672,N
BX22-048,159.00,160.00,0.020,0.010,0.5,2.646,N
BX22-048,160.00,161.00,0.862,0.281,3.7,2.660,N
BX22-048,161.00,162.50,0.184,0.150,0.5,2.710,N
BX22-048,162.50,164.00,0.212,0.098,0.5,2.622,N
BX22-048,164.00,165.00,0.651,0.210,5.9,2.645,N
BX22-048,165.00,166.00,0.435,0.243,3.5,2.653,N
BX22-048,166.00,167.50,0.020,0.065,0.7,2.571,N
BX22-048,167.50,168.50,0.384,0.046,2.8,2.706,N
BX22-048,168.50,169.50,0.020,0.010,0.5,2.645,N
BX22-048,169.50,170.50,0.067,0.010,0.5,2.641,N
BX22-048,170.50,172.50,0.020,0.010,0.5,2.641,N
BX22-048,172.50,174.00,0.020,0.010,3.7,2.644,N
BX22-048,174.00,175.50,0.574,0.028,2.0,2.713,N
BX22-048,175.50,177.50,0.020,0.010,2.5,2.621,N
BX22-048,177.50,178.50,0.372,0.283,0.5,2.666,N
BX22-048,178.50,180.50,0.020,0.012,0.5,2.611,N
BX22-048,180.50,181.50,0.020,0.028,1.6,2.658,N
BX22-048,181.50,183.00,0.020,0.010,1.1,2.590,N
BX22-048,183.00,184.00,0.020,0.010,2.3,2.574,N
BX22-048,184.00,185.00,0.077,0.037,0.5,2.606,N
BX22-048,185.00,186.00,0.020,0.010,0.5,2.633,N
BX22-048,186.00,187.00,0.020,0.010,1.3,2.634,N
BX22-048,187.00,189.00,0.020,0.010,0.5,2.598,N
BX22-048,189.00,191.00,0.020,0.010,0.5,2.650,N
BX22-048,191.00,192.00,0.020,0.239,0.5,2.614,N
BX22-048,192.00,193.50,0.020,0.010,1.2,2.594,N
BX22-048,193.50,194.50,0.020,0.010,0.5,2.595,N
BX22-048,194.50,196.50,0.521,0.117,2.2,2.678,N
BX22-048,196.50,197.50,0.020,0.062,0.5,2.567,N
BX22-048,197.50,199.50,0.020,0.083,0.5,2.616,N
BX22-048,199.50,200.50,0.119,0.010,2.5,2.633,N
BX22-048,200.50,201.50,0.216,0.077,0.5,2.602,N
BX22-048,201.50,202.50,0.020,0.052,2.8,2.648,N
BX22-048,202.50,204.00,0.020,0.102,2.2,2.588,N
BX22-048,204.00,205.00,0.265,0.235,0.5,2.686,N
BX22-048,205.00,206.50,0.158,0.010,0.5,2.627,Y
BX22-048,206.50,207.50,0.020,0.010,3.2,2.607,N
BX22-048,207.50,208.50,0.020,0.014,1.8,2.650,N
BX22-048,208.50,209.50,0.078,0.010,0.5,2.653,N
BX22-048,209.50,210.50,0.730,0.226,4.6,2.662,N
BX22-048,210.50,212.50,0.020,0.010,3.7,2.632,N
BX22-048,212.50,214.00,0.020,0.067,0.5,2.629,N
BX22-048,214.00,215.50,0.539,0.157,1.6,2.639,N
BX22-048,215.50,216.50,0.020,0.010,1.6,2.676,N
BX22-048,216.50,218.50,0.377,0.064,0.5,2.643,N
BX22-048,218.50,220.00,0.020,0.059,1.1,2.619,N
BX22-048,220.00,221.00,0.803,0.327,5.3,2.654,N
BX22-048,221.00,223.00,0.522,0.128,1.3,2.646,N
BX22-049,0.00,1.50,0.403,0.161,0.7,2.663,N
BX22-049,1.50,2.50,0.020,0.042,2.2,2.636,N
BX22-049,2.50,4.50,0.020,0.010,2.0,2.614,N
BX22-049,4.50,5.50,0.384,0.286,3.7,2.672,Y
BX22-049,5.50,6.50,0.020,0.057,4.3,2.642,N
BX22-049,6.50,7.50,0.020,0.140,1.2,2.599,N
BX22-049,7.50,8.50,0.020,0.010,0.5,2.672,N
BX22-049,8.50,9.50,0.163,0.153,1.5,2.656,N
BX22-049,9.50,11.50,0.148,0.285,0.5,2.619,N
BX22-049,11.50,13.50,0.020,0.062,0.5,2.619,N
BX22-049,13.50,14.50,0.386,0.172,1.1,2.660,N
BX22-049,14.50,15.50,0.020,0.132,1.2,2.622,N
BX22-049,15.50,16.50,0.020,0.010,0.5,2.582,N
BX22-049,16.50,17.50,0.020,0.010,0.5,2.659,N
BX22-049,17.50,19.00,0.020,0.085,2.2,2.568,N
BX22-049,19.00,20.00,0.020,0.057,1.3,2.546,N
BX22-049,20.00,21.00,0.439,0.347,2.2,2.624,N
BX22-049,21.00,23.00,0.105,0.267,0.5,2.614,N
BX22-049,23.00,24.00,0.020,0.064,0.7,2.570,N
BX22-049,24.00,25.00,0.020,0.010,0.5,2.608,N
BX22-049,25.00,26.00,0.020,0.042,3.8,2.657,N
BX22-049,26.00,28.00,0.569,0.010,3.8,2.632,N
BX22-049,28.00,29.50,0.159,0.196,2.4,2.625,N
BX22-049,29.50,31.00,0.020,0.153,0.5,2.668,N
BX22-049,31.00,32.50,0.020,0.010,1.6,2.608,N
BX22-049,32.50,34.50,0.054,0.152,4.2,2.701,N
BX22-049,34.50,36.50,0.020,0.153,0.5,2.633,N
BX22-049,36.50,38.00,0.020,0.010,0.5,2.667,N
BX22-049,38.00,39.00,0.442,0.142,2.0,2.709,N
BX22-049,39.00,41.00,0.020,0.047,0.5,2.578,N
BX22-049,41.00,42.00,0.020,0.021,0.5,2.640,N
BX22-049,42.00,43.00,0.300,0.101,3.4,2.613,N
BX22-049,43.00,44.00,0.020,0.175,0.5,2.680,N
BX22-049,44.00,45.00,0.028,0.031,3.3,2.598,N
BX22-049,45.00,46.50,0.622,0.423,5.0,2.659,N
BX22-049,46.50,48.00,0.328,0.010,0.5,2.653,N
BX22-049,48.00,49.00,0.284,0.137,1.8,2.630,N
BX22-049,49.00,51.00,0.020,0.161,0.7,2.589,N
BX22-049,51.00,52.50,0.020,0.056,1.4,2.631,N
BX22-049,52.50,54.50,0.020,0.010,1.5,2.617,N
BX22-049,54.50,55.50,0.020,0.010,0.5,2.594,N
BX22-049,55.50,56.50,0.020,0.010,1.2,2.631,N
BX22-049,56.50,57.50,0.474,0.083,3.8,2.648,N
BX22-049,57.50,58.50,0.386,0.198,0.5,2.621,N
BX22-049,58.50,59.50,0.020,0.110,0.5,2.569,N
BX22-049,59.50,61.00,0.334,0.184,3.7,2.662,N
BX22-049,61.00,62.50,0.542,0.226,0.5,2.594,N
BX22-049,62.50,64.00,0.215,0.010,1.9,2.640,N
BX22-049,64.00,65.00,0.020,0.010,0.5,2.572,N
BX22-049,65.00,66.00,0.020,0.010,0.5,2.633,N
BX22-049,66.00,67.00,0.097,0.092,1.1,2.656,N
BX22-049,67.00,68.00,0.020,0.010,5.2,2.580,N
BX22-049,68.00,69.50,0.020,0.018,2.5,2.635,N
BX22-049,69.50,70.50,0.535,0.320,5.7,2.650,N
BX22-049,70.50,71.50,0.020,0.010,1.4,2.635,N
BX22-049,71.50,73.00,0.306,0.183,1.0,2.642,N
BX22-049,73.00,74.50,0.089,0.015,1.0,2.629,N
BX22-049,74.50,76.00,0.020,0.057,0.5,2.593,N
BX22-049,76.00,78.00,0.020,0.038,0.5,2.634,N
BX22-049,78.00,79.00,0.020,0.010,0.5,2.614,N
BX22-049,79.00,81.00,0.486,0.158,3.0,2.668,N
BX22-049,81.00,82.00,0.020,0.149,1.5,2.658,N
BX22-049,82.00,84.00,0.020,0.025,0.5,2.625,N
BX22-049,84.00,86.00,0.020,0.081,4.1,2.583,N
BX22-049,86.00,87.00,0.020,0.267,0.5,2.676,N
BX22-049,87.00,88.00,0.020,0.010,1.6,2.617,N
BX22-049,88.00,90.00,0.281,0.166,1.6,2.667,N
BX22-049,90.00,91.00,0.713,0.256,4.0,2.713,N
BX22-049,91.00,92.00,0.020,0.082,0.5,2.669,N
BX22-049,92.00,93.00,0.020,0.010,0.5,2.600,N
BX22-049,93.00,94.00,0.315,0.126,3.0,2.628,N
BX22-049,94.00,95.00,0.020,0.117,0.5,2.617,N
BX22-049,95.00,97.00,0.020,0.034,0.5,2.659,N
BX22-049,97.00,99.00,0.161,0.271,1.5,2.617,N
BX22-049,99.00,101.00,0.020,0.020,0.5,2.683,N
BX22-049,101.00,102.50,0.549,0.308,5.3,2.612,N
BX22-049,102.50,104.50,0.020,0.147,3.4,2.615,N
BX22-049,104.50,105.50,0.022,0.022,2.4,2.635,N
BX22-049,105.50,107.50,0.065,0.042,0.5,2.614,N
BX22-049,107.50,109.00,0.020,0.010,0.5,2.590,N
BX22-049,109.00,111.00,0.311,0.033,5.2,2.615,N
BX22-049,111.00,112.50,0.143,0.075,1.8,2.626,N
BX22-049,112.50,113.50,0.023,0.010,0.5,2.585,N
BX22-049,113.50,115.50,0.020,0.189,0.5,2.594,N
BX22-049,115.50,116.50,0.020,0.077,0.5,2.627,N
BX22-049,116.50,117.50,0.020,0.019,0.5,2.647,N
BX22-049,117.50,118.50,0.020,0.050,0.5,2.590,N
BX22-049,118.50,120.50,0.361,0.050,0.5,2.617,N
BX22-049,120.50,122.50,0.020,0.010,0.5,2.605,N
BX22-049,122.50,123.50,0.070,0.177,0.5,2.607,N
BX22-049,123.50,124.50,0.020,0.117,0.5,2.686,N
BX22-049,124.50,126.00,0.020,0.010,0.8,2.604,N
BX22-049,126.00,128.00,0.020,0.073,0.5,2.630,N
BX22-049,128.00,130.00,0.188,0.010,1.6,2.573,N
BX22-049,130.00,131.00,0.444,0.294,5.1,2.647,N
BX22-049,131.00,132.50,0.020,0.010,0.5,2.595,N
BX22-049,132.50,133.50,0.421,0.037,3.2,2.664,N
BX22-049,133.50,135.00,0.047,0.089,0.5,2.641,N
BX22-049,135.00,137.00,0.035,0.148,1.2,2.630,N
BX22-049,137.00,138.50,0.547,0.319,3.2,2.680,N
BX22-049,138.50,140.00,0.147,0.010,0.5,2.597,N
BX22-049,140.00,142.00,0.458,0.160,5.1,2.670,N
BX22-049,142.00,144.00,0.408,0.194,1.8,2.616,N
BX22-049,144.00,145.00,0.302,0.237,0.5,2.613,N
BX22-049,145.00,146.50,0.020,0.085,0.5,2.609,N
BX22-049,146.50,147.50,0.287,0.010,5.8,2.640,N
BX22-049,147.50,149.50,0.170,0.010,0.7,2.635,N
BX22-049,149.50,150.50,0.020,0.031,0.5,2.679,N
BX22-049,150.50,151.50,0.020,0.010,2.1,2.638,N
BX22-049,151.50,153.00,0.350,0.010,0.5,2.658,N
BX22-049,153.00,155.00,0.020,0.010,0.5,2.582,N
BX22-049,155.00,157.00,0.455,0.144,1.1,2.636,N
BX22-049,157.00,158.50,0.020,0.036,0.5,2.608,N
BX22-049,158.50,159.50,0.440,0.010,1.5,2.626,N
BX22-049,159.50,161.00,0.311,0.031,0.8,2.721,N
BX22-049,161.00,163.00,0.020,0.029,1.2,2.597,N
BX22-049,163.00,164.50,0.461,0.174,1.4,2.669,N
BX22-049,164.50,166.00,0.020,0.235,0.5,2.681,N
BX22-049,166.00,168.00,0.020,0.010,2.0,2.653,N
BX22-049,168.00,169.50,0.579,0.228,0.5,2.691,N
BX22-049,169.50,171.00,0.020,0.010,0.5,2.590,N
BX22-049,171.00,173.00,0.020,0.010,1.3,2.616,N
BX22-049,173.00,175.00,0.203,0.010,5.6,2.617,N
BX22-049,175.00,176.50,0.210,0.010,0.5,2.602,N
BX22-049,176.50,178.50,0.080,0.010,0.5,2.685,N
BX22-049,178.50,180.00,0.020,0.010,0.5,2.614,N
BX22-049,180.00,181.50,0.228,0.010,1.6,2.587,Y
BX22-049,181.50,183.00,0.020,0.040,0.5,2.617,N
BX22-049,183.00,185.00,0.020,0.211,2.9,2.603,N
BX22-049,185.00,187.00,0.335,0.106,0.5,2.649,Y
BX22-049,187.00,188.50,0.020,0.151,0.5,2.639,N
BX22-049,188.50,189.50,0.020,0.186,0.5,2.633,N
BX22-049,189.50,190.50,0.103,0.010,3.3,2.625,N
BX22-049,190.50,192.50,0.020,0.023,0.5,2.625,N
BX22-049,192.50,193.50,0.732,0.392,3.2,2.639,N
BX22-049,193.50,194.50,0.020,0.146,0.5,2.595,N
BX22-049,194.50,196.00,0.223,0.149,7.3,2.647,N
BX22-049,196.00,197.00,0.293,0.127,2.1,2.599,N
BX22-049,197.00,198.00,0.020,0.035,0.7,2.605,Y
BX22-049,198.00,199.00,0.020,0.010,0.5,2.621,N
BX22-049,199.00,200.00,0.030,0.010,0.5,2.582,N
BX22-049,200.00,201.50,0.020,0.010,0.5,2.621,N
BX22-049,201.50,203.50,0.020,0.025,3.0,2.601,N
BX22-049,203.50,204.50,0.020,0.159,1.0,2.611,N
BX22-049,204.50,206.50,0.020,0.010,2.6,2.597,N
BX22-049,206.50,207.50,0.104,0.010,0.5,2.624,N
BX22-049,207.50,209.50,0.186,0.044,5.4,2.559,N
BX22-049,209.50,211.50,0.020,0.010,0.5,2.653,N
BX22-049,211.50,213.00,0.392,0.077,4.1,2.664,N
BX22-049,213.00,215.00,0.020,0.033,3.9,2.665,N
BX22-049,215.00,216.00,0.507,0.271,4.3,2.633,N
BX22-049,216.00,217.50,0.020,0.162,0.7,2.615,N
BX22-049,217.50,219.00,0.020,0.115,0.5,2.631,N
BX22-049,219.00,221.00,0.274,0.057,0.5,2.677,N
BX22-049,221.00,223.00,0.261,0.071,2.0,2.661,N
BX22-049,223.00,225.00,0.020,0.010,0.5,2.636,N
BX22-049,225.00,226.00,0.020,0.268,0.5,2.640,N
BX22-049,226.00,227.00,0.020,0.010,0.5,2.644,N
BX22-049,227.00,229.00,0.166,0.159,0.5,2.599,Y
BX22-049,229.00,231.00,0.020,0.058,2.7,2.621,N
BX22-049,231.00,232.50,0.020,0.036,0.5,2.638,N
BX22-049,232.50,233.50,0.339,0.284,2.4,2.647,N
BX22-049,233.50,234.50,0.020,0.010,1.5,2.611,N
BX22-049,234.50,236.50,0.020,0.086,0.5,2.622,N
BX22-049,236.50,238.50,0.120,0.010,1.4,2.644,N
BX22-049,238.50,240.00,0.020,0.010,0.5,2.551,N
BX22-049,240.00,242.00,0.020,0.172,0.9,2.625,N
BX22-050,0.00,1.00,0.350,0.065,0.5,2.654,N
BX22-050,1.00,3.00,0.020,0.010,2.0,2.597,N
BX22-050,3.00,4.00,0.084,0.010,1.4,2.628,N
BX22-050,4.00,5.00,0.020,0.031,5.0,2.620,N
BX22-050,5.00,6.00,0.759,0.290,4.5,2.657,N
BX22-050,6.00,8.00,0.487,0.010,6.4,2.667,Y
BX22-050,8.00,9.50,0.194,0.081,2.0,2.621,N
BX22-050,9.50,11.50,0.020,0.024,0.5,2.646,N
BX22-050,11.50,12.50,0.020,0.036,0.5,2.623,N
BX22-050,12.50,13.50,0.020,0.010,3.9,2.605,N
BX22-050,13.50,14.50,0.422,0.139,3.3,2.653,N
BX22-050,14.50,15.50,0.539,0.047,5.4,2.674,N
BX22-050,15.50,17.50,0.020,0.010,4.5,2.642,Y
BX22-050,17.50,19.50,0.020,0.010,3.0,2.616,N
BX22-050,19.50,20.50,0.073,0.017,0.5,2.626,N
BX22-050,20.50,21.50,0.058,0.061,0.5,2.626,N
BX22-050,21.50,22.50,0.424,0.054,2.1,2.667,N
BX22-050,22.50,23.50,0.020,0.177,0.5,2.657,N
BX22-050,23.50,25.00,0.020,0.010,0.5,2.581,N
BX22-050,25.00,27.00,0.041,0.010,0.7,2.623,N
BX22-050,27.00,29.00,0.179,0.010,0.5,2.610,N
BX22-050,29.00,30.00,0.133,0.058,1.3,2.620,N
BX22-050,30.00,31.00,0.020,0.010,0.5,2.620,N
BX22-050,31.00,32.50,0.020,0.037,3.0,2.619,N
BX22-050,32.50,34.50,0.026,0.146,3.3,2.643,Y
BX22-050,34.50,36.00,0.173,0.037,0.5,2.656,N
BX22-050,36.00,37.00,0.020,0.031,0.5,2.643,Y
BX22-050,37.00,38.00,0.020,0.010,1.5,2.642,N
BX22-050,38.00,40.00,0.061,0.024,1.4,2.667,N
BX22-050,40.00,41.50,0.020,0.148,2.4,2.593,N
BX22-050,41.50,42.50,0.020,0.108,0.5,2.663,N
BX22-050,42.50,44.50,0.020,0.058,1.0,2.584,Y
BX22-050,44.50,46.00,0.197,0.012,3.1,2.658,N
BX22-050,46.00,47.00,0.020,0.010,0.5,2.621,N
BX22-050,47.00,48.50,0.020,0.032,2.3,2.617,N
BX22-050,48.50,49.50,0.020,0.010,0.5,2.580,N
BX22-050,49.50,50.50,0.020,0.026,1.3,2.650,N
BX22-050,50.50,51.50,0.020,0.080,0.5,2.620,N
BX22-050,51.50,52.50,0.115,0.152,4.5,2.633,N
BX22-050,52.50,54.00,0.173,0.053,0.5,2.670,N
BX22-050,54.00,55.00,0.020,0.060,3.5,2.630,N
BX22-050,55.00,57.00,0.020,0.075,0.5,2.595,N
BX22-050,57.00,58.50,0.252,0.010,2.0,2.686,N
BX22-050,58.50,59.50,0.121,0.145,0.5,2.621,N
BX22-050,59.50,61.50,0.020,0.020,1.4,2.575,N
BX22-050,61.50,63.50,0.020,0.041,0.5,2.642,N
BX22-050,63.50,65.50,0.374,0.280,5.0,2.654,N
BX22-050,65.50,66.50,0.110,0.019,0.8,2.595,N
BX22-050,66.50,67.50,0.020,0.063,0.5,2.572,N
BX22-050,67.50,68.50,0.020,0.058,1.1,2.612,N
BX22-050,68.50,70.00,0.020,0.010,4.4,2.581,N
BX22-050,70.00,71.50,0.020,0.010,3.9,2.651,N
BX22-050,71.50,73.50,0.020,0.122,0.5,2.623,N
BX22-050,73.50,74.50,0.020,0.101,1.8,2.651,N
BX22-050,74.50,76.50,0.022,0.048,0.5,2.585,N
BX22-050,76.50,78.00,0.376,0.010,2.8,2.604,N
BX22-050,78.00,79.00,0.155,0.150,1.8,2.608,N
BX22-050,79.00,80.00,0.041,0.093,0.5,2.641,N
BX22-050,80.00,82.00,0.020,0.010,0.5,2.633,N
BX22-050,82.00,84.00,0.020,0.010,3.1,2.636,N
BX22-050,84.00,85.00,0.115,0.010,0.5,2.606,N
BX22-050,85.00,87.00,0.020,0.010,3.6,2.632,N
BX22-050,87.00,88.50,0.020,0.010,0.5,2.646,N
BX22-050,88.50,90.50,0.020,0.010,3.7,2.648,N
BX22-050,90.50,92.50,0.525,0.157,5.3,2.699,N
BX22-050,92.50,93.50,0.413,0.210,5.0,2.668,N
BX22-050,93.50,94.50,0.020,0.010,0.5,2.630,N
BX22-050,94.50,95.50,0.020,0.055,0.8,2.563,N
BX22-050,95.50,97.00,0.594,0.035,4.2,2.646,N
BX22-050,97.00,99.00,0.414,0.458,1.6,2.680,N
BX22-050,99.00,100.00,0.155,0.020,1.2,2.588,N
BX22-050,100.00,101.00,0.020,0.010,2.4,2.562,N
BX22-050,101.00,102.00,0.402,0.142,0.6,2.666,N
BX22-050,102.00,104.00,0.058,0.010,0.5,2.600,N
BX22-050,104.00,105.00,0.131,0.010,0.5,2.634,N
BX22-050,105.00,106.00,0.136,0.010,0.7,2.582,N
BX22-050,106.00,107.00,0.020,0.066,0.5,2.649,N
BX22-050,107.00,108.00,0.020,0.086,0.5,2.637,N
BX22-050,108.00,109.00,0.020,0.116,0.9,2.621,N
BX22-050,109.00,110.50,0.177,0.077,1.7,2.659,N
BX22-050,110.50,111.50,0.075,0.199,1.9,2.599,N
BX22-050,111.50,112.50,0.020,0.040,0.5,2.570,N
BX22-050,112.50,114.50,0.270,0.055,1.1,2.598,N
BX22-050,114.50,115.50,0.020,0.010,0.5,2.648,N
BX22-050,115.50,117.00,0.511,0.017,3.4,2.631,N
BX22-050,117.00,118.00,0.020,0.010,2.2,2.629,N
BX22-050,118.00,120.00,0.020,0.122,0.5,2.611,N
BX22-050,120.00,121.00,0.519,0.149,2.1,2.660,N
BX22-050,121.00,123.00,0.020,0.219,1.6,2.645,N
BX22-050,123.00,125.00,0.020,0.010,0.5,2.665,N
BX22-050,125.00,126.50,0.020,0.010,0.5,2.652,N
BX22-050,126.50,128.50,0.020,0.010,2.3,2.607,N
BX22-050,128.50,129.50,0.020,0.068,0.5,2.637,N
BX22-050,129.50,131.50,0.581,0.144,5.8,2.603,N
BX22-050,131.50,132.50,0.020,0.010,1.8,2.591,N
BX22-050,132.50,134.00,0.020,0.094,0.5,2.635,Y
BX22-050,134.00,135.50,0.779,0.144,1.0,2.691,N
BX22-050,135.50,136.50,0.429,0.146,5.0,2.694,N
BX22-050,136.50,138.50,0.104,0.050,0.5,2.621,N
BX22-050,138.50,140.00,0.584,0.014,5.1,2.661,N
BX22-050,140.00,141.50,0.186,0.102,2.2,2.606,N
BX22-050,141.50,143.00,0.020,0.179,3.0,2.608,N
BX22-050,143.00,144.00,0.785,0.220,4.1,2.645,N
BX22-050,144.00,145.00,0.020,0.073,1.2,2.580,N
BX22-050,145.00,147.00,0.212,0.071,0.5,2.594,N
BX22-050,147.00,149.00,0.613,0.224,7.0,2.695,N
BX22-050,149.00,151.00,0.020,0.010,0.5,2.633,Y
BX22-050,151.00,152.50,0.363,0.225,0.9,2.672,N
BX22-050,152.50,154.50,0.020,0.010,3.7,2.600,N
BX22-050,154.50,156.50,0.240,0.034,3.4,2.597,N
BX22-050,156.50,158.50,0.150,0.010,5.9,2.640,N
BX22-050,158.50,159.50,0.092,0.041,0.5,2.599,N
BX22-050,159.50,160.50,0.102,0.010,0.5,2.585,N
BX22-050,160.50,162.00,0.020,0.070,2.4,2.607,N
BX22-050,162.00,163.00,0.020,0.010,0.5,2.624,N
BX22-050,163.00,164.00,0.020,0.010,0.5,2.613,N
BX22-050,164.00,165.50,0.059,0.199,0.5,2.658,N
BX22-050,165.50,166.50,0.020,0.084,0.5,2.640,N
BX22-050,166.50,167.50,0.020,0.192,4.3,2.666,N
BX22-050,167.50,168.50,0.020,0.101,1.3,2.602,N
BX22-050,168.50,170.00,0.216,0.039,0.5,2.612,N
BX22-050,170.00,172.00,0.803,0.279,5.7,2.617,N
BX22-050,172.00,173.50,0.025,0.010,0.5,2.633,N
BX22-050,173.50,175.50,0.074,0.036,2.8,2.668,N
BX22-050,175.50,176.50,0.246,0.074,3.6,2.724,Y
BX22-050,176.50,178.50,0.020,0.146,0.5,2.607,N
BX22-050,178.50,179.50,0.020,0.010,0.5,2.690,N
BX22-050,179.50,181.50,0.503,0.099,5.3,2.658,N
BX22-050,181.50,182.50,0.157,0.169,1.2,2.672,N
BX22-050,182.50,184.00,0.020,0.010,2.8,2.652,N
BX22-050,184.00,185.00,0.020,0.048,0.5,2.612,N
BX22-050,185.00,186.00,0.020,0.010,0.5,2.581,N
BX22-050,186.00,188.00,0.233,0.010,0.7,2.677,N
BX22-050,188.00,189.50,0.442,0.067,6.4,2.692,N
BX22-050,189.50,191.50,0.536,0.146,0.5,2.680,N
BX22-050,191.50,193.00,0.020,0.010,4.2,2.636,N
BX22-050,193.00,194.00,0.062,0.010,0.5,2.621,N
BX22-050,194.00,195.00,0.042,0.010,1.6,2.624,N
BX22-050,195.00,197.00,0.020,0.128,4.0,2.609,N
BX22-050,197.00,198.00,0.642,0.162,3.9,2.663,N
BX22-050,198.00,199.50,0.439,0.079,0.5,2.622,N
BX22-050,199.50,200.50,0.432,0.355,3.2,2.685,N
BX22-050,200.50,202.00,0.217,0.125,0.5,2.591,N
BX22-050,202.00,203.50,0.504,0.226,4.1,2.638,N
BX22-050,203.50,204.50,0.020,0.010,1.1,2.588,N
BX22-050,204.50,205.50,0.449,0.075,0.5,2.638,N
BX22-050,205.50,207.00,0.245,0.207,2.0,2.609,N
BX22-050,207.00,209.00,0.055,0.010,0.5,2.627,N
BX22-050,209.00,210.00,0.523,0.124,0.5,2.643,N
BX22-050,210.00,211.50,0.477,0.324,5.1,2.637,N
BX22-050,211.50,212.50,0.020,0.010,0.5,2.610,N
BX22-050,212.50,214.00,0.020,0.010,3.6,2.559,N
BX22-050,214.00,215.50,0.775,0.231,7.9,2.691,N
BX22-050,215.50,217.00,0.440,0.010,4.4,2.545,N
BX22-050,217.00,218.50,0.247,0.010,0.5,2.602,N
BX22-050,218.50,219.50,0.020,0.010,2.1,2.603,N
BX22-050,219.50,220.00,0.368,0.110,6.8,2.609,N
BX22-051,0.00,1.00,0.632,0.199,5.5,2.660,N
BX22-051,1.00,3.00,0.454,0.067,7.7,2.676,N
BX22-051,3.00,4.00,0.402,0.022,3.2,2.672,N
BX22-051,4.00,5.00,0.637,0.044,4.0,2.643,N
BX22-051,5.00,6.50,0.172,0.010,0.5,2.620,N
BX22-051,6.50,7.50,0.283,0.020,3.0,2.610,N
BX22-051,7.50,8.50,0.464,0.010,3.2,2.659,N
BX22-051,8.50,10.50,0.520,0.279,0.9,2.644,N
BX22-051,10.50,12.50,0.933,0.427,6.0,2.684,N
BX22-051,12.50,13.50,0.881,0.243,5.1,2.669,N
BX22-051,13.50,15.00,0.552,0.142,2.6,2.685,N
BX22-051,15.00,17.00,0.478,0.235,5.9,2.586,N
BX22-051,17.00,18.50,0.483,0.304,3.1,2.594,N
BX22-051,18.50,19.50,0.597,0.218,2.8,2.641,N
BX22-051,19.50,21.00,0.446,0.145,4.0,2.657,N
BX22-051,21.00,22.00,0.969,0.327,6.6,2.707,N
BX22-051,22.00,24.00,0.587,0.248,4.0,2.674,N
BX22-051,24.00,25.50,0.820,0.256,0.8,2.705,N
BX22-051,25.50,26.50,0.056,0.156,0.5,2.610,N
BX22-051,26.50,27.50,0.483,0.253,3.4,2.656,N
BX22-051,27.50,28.50,0.205,0.048,3.4,2.645,N
BX22-051,28.50,29.50,0.878,0.345,7.7,2.719,N
BX22-051,29.50,31.50,0.565,0.159,4.2,2.673,N
BX22-051,31.50,33.50,0.020,0.010,0.5,2.626,N
BX22-051,33.50,35.50,0.632,0.212,5.5,2.667,N
BX22-051,35.50,36.50,0.445,0.211,1.5,2.637,N
BX22-051,36.50,38.50,0.498,0.089,6.9,2.663,N
BX22-051,38.50,40.00,0.496,0.304,5.2,2.621,N
BX22-051,40.00,41.50,0.062,0.035,0.7,2.628,N
BX22-051,41.50,42.50,0.781,0.335,6.2,2.616,N
BX22-051,42.50,44.00,0.609,0.258,4.1,2.654,Y
BX22-051,44.00,45.00,0.020,0.045,2.0,2.639,N
BX22-051,45.00,46.50,0.407,0.010,2.9,2.666,N
BX22-051,46.50,47.50,0.159,0.010,1.2,2.668,N
BX22-051,47.50,49.50,0.568,0.178,3.2,2.694,N
BX22-051,49.50,50.50,0.281,0.070,0.5,2.617,N
BX22-051,50.50,51.50,0.759,0.303,4.0,2.665,N
BX22-051,51.50,53.00,0.781,0.358,8.4,2.693,N
BX22-051,53.00,54.00,1.029,0.359,8.8,2.707,N
BX22-051,54.00,55.00,0.020,0.010,2.5,2.582,N
BX22-051,55.00,56.00,0.528,0.118,5.7,2.690,N
BX22-051,56.00,57.00,0.624,0.226,4.0,2.686,N
BX22-051,57.00,59.00,0.445,0.121,4.8,2.682,N
BX22-051,59.00,60.00,1.102,0.354,4.0,2.711,N
BX22-051,60.00,62.00,0.483,0.241,0.9,2.651,N
BX22-051,62.00,63.00,0.459,0.097,0.7,2.666,N
BX22-051,63.00,64.50,1.153,0.525,6.2,2.692,N
BX22-051,64.50,66.50,0.758,0.156,3.7,2.678,N
BX22-051,66.50,68.50,0.767,0.074,5.2,2.650,N
BX22-051,68.50,69.50,1.004,0.319,7.1,2.631,N
BX22-051,69.50,71.00,0.310,0.142,4.2,2.605,N
BX22-051,71.00,72.00,0.020,0.010,1.0,2.650,N
BX22-051,72.00,73.00,0.202,0.178,0.8,2.688,N
BX22-051,73.00,74.00,1.239,0.401,4.0,2.690,N
BX22-051,74.00,75.50,0.859,0.346,4.2,2.697,N
BX22-051,75.50,77.50,0.551,0.092,1.5,2.647,N
BX22-051,77.50,78.50,0.229,0.143,0.5,2.587,N
BX22-051,78.50,80.50,0.572,0.316,1.7,2.666,N
BX22-051,80.50,82.00,0.397,0.319,3.3,2.689,N
BX22-051,82.00,83.00,0.091,0.099,0.5,2.646,N
BX22-051,83.00,85.00,0.619,0.128,6.8,2.651,N
BX22-051,85.00,86.00,0.630,0.319,0.5,2.668,N
BX22-051,86.00,88.00,0.845,0.241,6.5,2.712,N
BX22-051,88.00,89.00,0.097,0.059,3.9,2.650,N
BX22-051,89.00,90.00,0.247,0.152,0.5,2.679,N
BX22-051,90.00,91.50,0.656,0.363,3.0,2.616,N
BX22-051,91.50,92.50,0.758,0.317,4.0,2.628,N
BX22-051,92.50,94.50,0.925,0.225,6.5,2.676,N
BX22-051,94.50,96.00,0.623,0.148,3.6,2.655,Y
BX22-051,96.00,97.00,0.746,0.313,5.7,2.614,N
BX22-051,97.00,98.50,1.079,0.391,6.8,2.671,N
BX22-051,98.50,100.50,0.744,0.276,4.4,2.699,N
BX22-051,100.50,101.50,0.792,0.262,7.7,2.668,N
BX22-051,101.50,102.50,0.539,0.296,4.5,2.624,N
BX22-051,102.50,103.50,0.477,0.215,1.2,2.619,N
BX22-051,103.50,104.50,0.790,0.136,8.3,2.686,N
BX22-051,104.50,106.00,0.323,0.241,5.5,2.627,N
BX22-051,106.00,107.00,1.367,0.521,10.7,2.738,Y
BX22-051,107.00,108.00,0.841,0.225,4.7,2.628,N
BX22-051,108.00,109.00,0.173,0.044,0.5,2.684,N
BX22-051,109.00,110.50,0.715,0.293,4.5,2.638,N
BX22-051,110.50,112.00,0.923,0.413,8.0,2.663,N
BX22-051,112.00,113.00,0.197,0.043,2.3,2.629,N
BX22-051,113.00,114.50,0.273,0.071,0.5,2.559,N
BX22-051,114.50,115.50,0.541,0.221,6.7,2.634,N
BX22-051,115.50,116.50,1.171,0.300,5.1,2.705,N
BX22-051,116.50,117.50,1.251,0.482,2.2,2.638,N
BX22-051,117.50,119.00,1.018,0.206,4.9,2.717,N
BX22-051,119.00,120.50,0.941,0.160,5.8,2.692,N
BX22-051,120.50,121.50,0.387,0.144,0.5,2.633,N
BX22-051,121.50,123.50,0.910,0.412,5.8,2.663,N
BX22-051,123.50,124.50,0.452,0.172,4.3,2.666,N
BX22-051,124.50,126.00,0.757,0.209,7.0,2.691,N
BX22-051,126.00,127.50,0.485,0.062,4.1,2.700,N
BX22-051,127.50,128.00,0.387,0.010,1.2,2.643,N
BX22-052,0.00,1.50,1.924,0.702,7.2,2.767,N
BX22-052,1.50,2.50,2.280,0.902,15.0,2.746,N
BX22-052,2.50,4.50,2.316,0.706,13.4,2.800,N
BX22-052,4.50,5.50,1.899,0.604,11.9,2.715,N
BX22-052,5.50,7.50,1.682,0.512,11.7,2.713,N
BX22-052,7.50,8.50,1.781,0.494,12.2,2.767,N
BX22-052,8.50,9.50,1.439,0.361,9.2,2.724,N
BX22-052,9.50,10.50,1.889,0.748,13.5,2.707,N
BX22-052,10.50,11.50,2.169,0.659,9.9,2.778,N
BX22-052,11.50,12.50,2.092,0.876,12.1,2.756,N
BX22-052,12.50,13.50,2.049,0.787,14.3,2.766,N
BX22-052,13.50,15.50,1.727,0.499,10.6,2.736,N
BX22-052,15.50,16.50,2.390,0.909,12.2,2.771,N
BX22-052,16.50,17.50,1.895,0.826,8.4,2.734,N
BX22-052,17.50,19.50,1.530,0.562,7.5,2.678,N
BX22-052,19.50,20.50,1.117,0.506,6.7,2.740,N
BX22-052,20.50,22.00,1.783,0.563,7.4,2.714,N
BX22-052,22.00,24.00,1.854,0.694,10.4,2.769,N
BX22-052,24.00,25.00,1.604,0.520,7.3,2.724,N
BX22-052,25.00,26.00,1.678,0.559,5.2,2.699,N
BX22-052,26.00,27.00,0.956,0.379,5.3,2.655,N
BX22-052,27.00,28.00,1.328,0.510,7.4,2.698,N
BX22-052,28.00,29.00,0.779,0.252,4.9,2.624,N
BX22-052,29.00,30.00,1.136,0.190,10.4,2.704,N
BX22-052,30.00,31.50,0.935,0.244,5.4,2.661,N
BX22-052,31.50,32.50,1.502,0.499,10.6,2.712,N
BX22-052,32.50,34.00,1.711,0.581,9.4,2.720,N
BX22-052,34.00,36.00,0.537,0.139,3.5,2.621,N
BX22-052,36.00,38.00,1.195,0.477,6.9,2.669,N
BX22-052,38.00,39.50,1.344,0.348,9.2,2.697,N
BX22-052,39.50,40.50,1.029,0.435,9.1,2.686,N
BX22-052,40.50,41.50,0.744,0.319,5.4,2.579,N
BX22-052,41.50,43.50,1.120,0.610,9.1,2.703,N
BX22-052,43.50,45.00,1.473,0.539,4.0,2.695,N
BX22-052,45.00,47.00,0.872,0.202,7.3,2.704,N
BX22-052,47.00,48.00,0.920,0.282,3.0,2.712,N
BX22-052,48.00,49.00,0.571,0.227,3.3,2.660,N
BX22-052,49.00,51.00,0.543,0.212,2.3,2.644,N
BX22-052,51.00,52.00,0.020,0.010,0.6,2.633,N
BX22-052,52.00,53.50,0.727,0.156,5.8,2.675,N
BX22-052,53.50,55.00,0.884,0.318,3.4,2.638,N
BX22-052,55.00,57.00,0.417,0.145,3.6,2.615,N
BX22-052,57.00,58.50,0.527,0.096,2.3,2.605,N
BX22-052,58.50,59.50,0.370,0.165,5.0,2.653,N
BX22-052,59.50,61.50,1.349,0.264,9.8,2.699,N
BX22-052,61.50,63.50,0.576,0.201,1.3,2.584,N
BX22-052,63.50,64.50,1.082,0.265,7.1,2.667,N
BX22-052,64.50,65.50,0.663,0.292,5.7,2.650,N
BX22-052,65.50,67.00,0.502,0.106,4.1,2.695,N
BX22-052,67.00,68.50,0.971,0.341,3.8,2.644,N
BX22-052,68.50,70.50,0.679,0.178,2.3,2.676,N
BX22-052,70.50,72.50,0.538,0.124,2.0,2.619,N
BX22-052,72.50,73.50,0.322,0.074,1.9,2.629,N
BX22-052,73.50,75.00,0.467,0.225,0.5,2.605,N
BX22-052,75.00,76.50,0.166,0.122,1.0,2.591,N
BX22-052,76.50,78.50,0.208,0.073,0.5,2.643,N
BX22-052,78.50,79.50,0.020,0.010,0.5,2.656,N
BX22-052,79.50,80.50,0.022,0.010,0.5,2.603,N
BX22-052,80.50,82.00,0.096,0.177,0.5,2.622,N
BX22-052,82.00,83.50,0.588,0.229,2.6,2.624,N
BX22-052,83.50,84.50,0.020,0.010,0.5,2.643,N
BX22-052,84.50,86.00,0.503,0.043,6.9,2.645,Y
BX22-052,86.00,87.50,0.061,0.044,0.5,2.673,N
BX22-052,87.50,88.50,0.612,0.241,5.8,2.678,N
BX22-052,88.50,89.50,0.660,0.513,5.9,2.690,N
BX22-052,89.50,90.50,0.313,0.010,1.0,2.634,N
BX22-052,90.50,92.50,0.020,0.069,1.5,2.572,N
BX22-052,92.50,93.50,0.020,0.037,1.3,2.699,N
BX22-052,93.50,95.50,0.158,0.010,0.5,2.646,N
BX22-052,95.50,97.50,0.020,0.035,1.1,2.550,N
BX22-052,97.50,98.50,0.477,0.010,8.4,2.652,N
BX22-052,98.50,99.50,0.275,0.073,0.7,2.591,N
BX22-052,99.50,101.50,0.718,0.346,1.3,2.670,N
BX22-052,101.50,102.50,0.166,0.010,5.5,2.684,N
BX22-052,102.50,104.50,0.020,0.031,0.5,2.531,N
BX22-052,104.50,106.50,0.020,0.010,0.5,2.616,N
BX22-052,106.50,108.50,0.020,0.060,0.5,2.628,N
BX22-052,108.50,109.50,0.204,0.279,1.6,2.628,N
BX22-052,109.50,110.50,0.020,0.010,2.1,2.627,N
BX22-052,110.50,111.50,0.020,0.037,4.4,2.579,N
BX22-052,111.50,113.50,0.308,0.303,4.7,2.595,N
BX22-052,113.50,115.50,0.020,0.159,0.5,2.619,N
BX22-052,115.50,117.00,0.064,0.022,0.5,2.612,N
BX22-052,117.00,118.00,0.020,0.154,2.4,2.607,Y
BX22-052,118.00,120.00,0.518,0.151,0.8,2.656,N
BX22-052,120.00,121.00,0.020,0.010,0.5,2.596,N
BX22-052,121.00,122.00,0.020,0.091,0.5,2.638,N
BX22-052,122.00,123.00,0.253,0.172,3.6,2.615,N
BX22-052,123.00,124.00,0.146,0.010,0.9,2.612,N
BX22-053,0.00,1.00,3.499,1.250,22.2,2.761,N
BX22-053,1.00,2.00,3.976,1.548,22.9,2.834,N
BX22-053,2.00,3.00,4.160,1.422,27.1,2.883,N
BX22-053,3.00,4.00,3.900,1.295,24.7,2.866,N
BX22-053,4.00,5.50,3.223,1.280,13.7,2.788,N
BX22-053,5.50,6.50,3.157,1.067,18.9,2.788,N
BX22-053,6.50,8.50,3.620,1.377,22.1,2.844,N
BX22-053,8.50,10.00,3.925,1.332,23.4,2.860,N
BX22-053,10.00,11.00,3.336,1.102,22.1,2.841,N
BX22-053,11.00,12.00,3.487,1.254,21.5,2.879,N
BX22-053,12.00,13.00,3.946,1.296,21.3,2.875,N
BX22-053,13.00,14.50,2.799,0.794,20.5,2.768,N
BX22-053,14.50,16.50,3.330,1.134,20.1,2.855,N
BX22-053,16.50,17.50,3.877,1.291,20.5,2.857,N
BX22-053,17.50,18.50,3.833,1.413,23.0,2.827,N
BX22-053,18.50,19.50,3.453,1.240,20.1,2.825,N
BX22-053,19.50,20.50,3.312,1.167,20.8,2.785,N
BX22-053,20.50,21.50,4.045,1.418,25.3,2.881,N
BX22-053,21.50,23.00,3.165,1.317,19.3,2.852,N
BX22-053,23.00,25.00,4.099,1.378,30.5,2.890,N
BX22-053,25.00,26.00,3.732,1.254,22.9,2.865,N
BX22-053,26.00,27.50,2.951,1.146,20.7,2.808,N
BX22-053,27.50,29.50,3.726,1.486,20.7,2.834,N
BX22-053,29.50,30.50,3.011,0.990,19.3,2.790,N
BX22-053,30.50,32.50,2.860,0.995,16.5,2.777,N
BX22-053,32.50,34.50,3.422,1.381,18.6,2.844,N
BX22-053,34.50,36.50,3.271,1.194,20.4,2.803,N
BX22-053,36.50,38.50,4.006,1.424,24.9,2.888,N
BX22-053,38.50,39.50,2.936,0.943,16.8,2.812,N
BX22-053,39.50,40.50,3.689,1.343,19.3,2.854,N
BX22-053,40.50,41.50,3.383,1.083,20.6,2.746,N
BX22-053,41.50,43.50,4.255,1.556,26.3,2.908,N
BX22-053,43.50,45.50,3.318,1.011,17.0,2.821,N
BX22-053,45.50,46.50,3.850,1.299,21.7,2.848,N
BX22-053,46.50,48.00,3.612,1.177,23.3,2.900,N
BX22-053,48.00,49.00,3.438,1.231,22.2,2.831,N
BX22-053,49.00,51.00,3.173,1.150,19.1,2.807,N
BX22-053,51.00,52.50,2.627,0.975,12.6,2.762,N
BX22-053,52.50,54.50,3.255,1.068,18.0,2.851,N
BX22-053,54.50,55.50,3.734,1.267,22.7,2.811,N
BX22-053,55.50,57.00,3.757,1.255,22.5,2.841,Y
BX22-053,57.00,59.00,3.431,1.172,20.8,2.790,N
BX22-053,59.00,61.00,3.740,1.366,18.3,2.820,N
BX22-053,61.00,63.00,3.495,1.171,23.3,2.847,N
BX22-053,63.00,65.00,3.645,1.343,20.9,2.808,N
BX22-053,65.00,66.00,3.541,1.272,19.0,2.852,N
BX22-053,66.00,68.00,3.384,1.326,21.7,2.782,N
BX22-053,68.00,69.00,3.234,1.095,19.8,2.820,N
BX22-053,69.00,70.50,2.950,1.050,18.8,2.824,N
BX22-053,70.50,71.50,3.327,1.121,20.4,2.827,N
BX22-053,71.50,73.50,3.652,1.302,18.0,2.775,N
BX22-053,73.50,74.50,3.881,1.361,24.6,2.902,N
BX22-053,74.50,75.50,3.242,1.347,18.8,2.804,N
BX22-053,75.50,76.50,3.484,1.145,19.3,2.792,N
BX22-053,76.50,78.50,3.574,1.354,22.1,2.852,N
BX22-053,78.50,80.50,3.578,1.284,20.4,2.861,N
BX22-053,80.50,82.50,3.415,1.277,18.8,2.856,N
BX22-053,82.50,83.50,3.834,1.441,20.4,2.872,N
BX22-053,83.50,85.50,3.634,1.287,25.3,2.879,N
BX22-053,85.50,87.00,3.567,1.126,21.3,2.855,N
BX22-053,87.00,89.00,2.629,0.890,15.9,2.764,N
BX22-053,89.00,91.00,3.001,0.923,17.1,2.826,N
BX22-053,91.00,92.00,3.584,1.236,19.1,2.824,N
BX22-053,92.00,94.00,3.337,1.148,19.7,2.852,N
BX22-053,94.00,95.50,3.331,1.055,24.0,2.835,N
BX22-053,95.50,97.00,2.567,0.836,16.1,2.806,N
BX22-053,97.00,98.00,3.525,1.242,21.9,2.808,N
BX22-053,98.00,99.00,2.851,0.795,16.2,2.795,N
BX22-053,99.00,100.50,3.548,1.185,19.5,2.825,N
BX22-053,100.50,101.50,3.379,1.217,18.6,2.847,N
BX22-053,101.50,102.50,3.608,1.173,19.9,2.787,N
BX22-053,102.50,104.50,2.890,1.031,18.0,2.789,N
BX22-053,104.50,106.00,3.487,1.158,18.8,2.792,N
BX22-053,106.00,107.00,3.595,1.298,22.3,2.831,N
BX22-053,107.00,108.50,3.447,1.120,22.0,2.824,N
BX22-053,108.50,110.00,2.932,0.953,15.9,2.840,N
BX22-053,110.00,111.00,3.346,1.085,23.8,2.821,N
BX22-053,111.00,112.00,3.300,1.171,18.2,2.828,N
BX22-053,112.00,113.00,3.385,1.176,17.9,2.886,N
BX22-053,113.00,114.00,3.474,1.282,22.0,2.843,N
BX22-053,114.00,116.00,2.514,0.870,13.6,2.792,N
BX22-053,116.00,117.00,3.032,1.105,18.0,2.782,Y
BX22-053,117.00,118.00,3.831,1.253,23.4,2.802,N
BX22-053,118.00,120.00,3.088,1.082,16.6,2.803,N
BX22-053,120.00,121.00,3.898,1.291,22.9,2.818,N
BX22-053,121.00,122.00,3.771,1.338,24.8,2.847,N
BX22-053,122.00,123.50,3.683,1.188,18.3,2.820,N
BX22-053,123.50,124.50,3.228,1.182,16.6,2.838,N
BX22-053,124.50,125.50,3.658,1.351,20.4,2.805,N
BX22-053,125.50,127.50,3.533,1.238,20.6,2.827,N
BX22-053,127.50,129.00,2.782,0.783,17.4,2.773,N
BX22-053,129.00,130.00,2.961,1.077,15.9,2.771,N
BX22-053,130.00,132.00,3.118,1.107,20.4,2.799,N
BX22-053,132.00,133.00,4.110,1.642,26.8,2.862,N
BX22-053,133.00,135.00,3.643,1.323,22.8,2.824,N
BX22-053,135.00,136.50,3.052,0.775,18.9,2.817,N
BX22-053,136.50,137.50,3.400,0.957,21.7,2.853,N
BX22-053,137.50,138.50,3.099,0.959,20.5,2.854,N
BX22-053,138.50,140.00,3.510,1.290,18.4,2.816,N
BX22-054,0.00,1.00,2.143,0.745,13.7,2.775,N
BX22-054,1.00,3.00,2.587,0.859,16.1,2.738,N
BX22-054,3.00,5.00,2.480,0.837,14.8,2.742,N
BX22-054,5.00,7.00,2.689,1.110,15.1,2.736,N
BX22-054,7.00,8.50,3.621,1.268,21.7,2.822,N
BX22-054,8.50,9.50,2.812,1.077,16.0,2.843,N
BX22-054,9.50,11.50,2.914,0.922,15.9,2.802,N
BX22-054,11.50,13.50,3.088,1.104,20.4,2.725,N
BX22-054,13.50,15.00,2.493,0.716,12.3,2.785,N
BX22-054,15.00,16.00,3.301,1.259,21.2,2.784,N
BX22-054,16.00,18.00,2.088,0.849,12.9,2.777,N
BX22-054,18.00,19.00,3.070,1.082,14.8,2.797,N
BX22-054,19.00,20.50,2.781,0.935,17.8,2.755,N
BX22-054,20.50,22.50,3.591,1.416,19.4,2.849,N
BX22-054,22.50,23.50,3.497,1.229,20.7,2.814,N
BX22-054,23.50,24.50,3.714,1.378,25.2,2.833,N
BX22-054,24.50,26.00,3.102,1.089,18.3,2.776,N
BX22-054,26.00,27.00,2.891,0.875,17.6,2.766,N
BX22-054,27.00,28.00,2.858,0.977,18.9,2.799,N
BX22-054,28.00,29.00,3.072,1.154,18.6,2.750,N
BX22-054,29.00,31.00,2.575,0.888,16.1,2.746,N
BX22-054,31.00,32.00,2.521,0.899,17.6,2.684,N
BX22-054,32.00,33.00,2.662,0.786,17.2,2.790,N
BX22-054,33.00,34.00,3.909,1.417,27.2,2.872,N
BX22-054,34.00,35.00,3.333,1.164,23.5,2.820,N
BX22-054,35.00,36.00,2.741,0.785,16.7,2.798,N
BX22-054,36.00,37.50,3.134,1.184,16.7,2.844,N
BX22-054,37.50,38.50,3.482,1.123,19.9,2.778,N
BX22-054,38.50,39.50,3.282,1.244,22.1,2.754,N
BX22-054,39.50,41.00,3.555,1.007,21.6,2.878,N
BX22-054,41.00,42.00,3.272,1.122,20.9,2.831,N
BX22-054,42.00,44.00,3.753,1.323,25.9,2.879,N
BX22-054,44.00,45.00,3.096,0.988,22.0,2.849,N
BX22-054,45.00,46.00,3.927,1.520,22.9,2.835,N
BX22-054,46.00,47.00,2.758,0.972,14.9,2.790,N
BX22-054,47.00,48.50,3.514,1.170,20.6,2.796,N
BX22-054,48.50,49.50,3.613,1.255,22.8,2.857,N
BX22-054,49.50,50.50,2.966,1.020,17.8,2.784,N
BX22-054,50.50,51.50,2.597,0.834,15.3,2.790,N
BX22-054,51.50,53.00,3.645,1.488,23.4,2.842,N
BX22-054,53.00,54.00,2.923,0.996,18.3,2.774,N
BX22-054,54.00,55.00,3.338,1.204,21.7,2.835,N
BX22-054,55.00,57.00,3.548,1.283,21.0,2.824,N
BX22-054,57.00,58.50,3.985,1.319,24.5,2.859,N
BX22-054,58.50,59.50,3.298,1.270,20.6,2.802,N
BX22-054,59.50,61.00,3.903,1.549,21.8,2.835,N
BX22-054,61.00,63.00,2.795,0.873,14.7,2.811,N
BX22-054,63.00,64.00,3.653,1.381,22.0,2.863,N
BX22-054,64.00,65.00,2.960,1.032,17.8,2.800,N
BX22-054,65.00,66.00,3.136,0.980,18.2,2.790,Y
BX22-054,66.00,67.00,3.216,1.118,16.8,2.844,N
BX22-054,67.00,68.00,3.770,1.189,20.1,2.860,N
BX22-054,68.00,69.50,3.781,1.435,23.7,2.868,N
BX22-054,69.50,70.50,3.470,1.301,23.1,2.819,N
BX22-054,70.50,71.50,3.029,1.047,17.6,2.800,N
BX22-054,71.50,73.50,3.982,1.435,25.0,2.861,N
BX22-054,73.50,75.50,3.561,1.292,19.6,2.879,N
BX22-054,75.50,77.00,4.277,1.830,27.9,2.869,N
BX22-054,77.00,78.00,3.767,1.277,22.0,2.932,N
BX22-054,78.00,80.00,3.426,1.304,19.4,2.816,N
BX22-054,80.00,81.00,3.461,1.097,22.3,2.831,N
BX22-054,81.00,82.50,3.586,1.360,21.7,2.834,N
BX22-054,82.50,84.00,3.697,1.374,17.2,2.865,N
BX22-054,84.00,85.00,4.001,1.294,21.6,2.839,N
BX22-054,85.00,87.00,4.018,1.359,28.9,2.864,N
BX22-054,87.00,88.00,3.361,1.053,23.4,2.841,N
BX22-054,88.00,89.00,3.931,1.128,25.6,2.818,N
BX22-054,89.00,91.00,3.928,1.517,22.0,2.858,N
BX22-054,91.00,92.00,3.767,1.183,22.5,2.907,N
BX22-054,92.00,93.00,3.522,1.284,21.7,2.785,N
BX22-054,93.00,94.00,3.744,1.387,24.0,2.830,N
BX22-054,94.00,95.00,3.130,1.189,14.7,2.799,N
BX22-054,95.00,96.50,3.969,1.397,25.2,2.867,N
BX22-054,96.50,97.50,3.732,1.343,22.8,2.883,N
BX22-054,97.50,98.50,2.995,0.914,19.4,2.829,N
BX22-054,98.50,100.00,3.643,1.049,22.4,2.803,N
BX22-054,100.00,101.50,3.956,1.651,23.4,2.892,N
BX22-054,101.50,103.00,3.101,1.143,18.1,2.835,N
BX22-054,103.00,104.00,3.405,1.185,21.1,2.805,N
BX22-054,104.00,105.00,2.993,0.838,18.0,2.829,N
BX22-054,105.00,107.00,3.638,1.173,24.5,2.833,N
BX22-054,107.00,109.00,3.673,1.289,20.7,2.831,Y
BX22-054,109.00,110.50,3.630,1.137,21.9,2.858,N
BX22-054,110.50,112.50,3.459,1.106,21.3,2.806,N
BX22-054,112.50,114.00,3.063,1.030,15.3,2.772,N
BX22-054,114.00,116.00,3.403,1.184,19.2,2.780,N
BX22-054,116.00,117.50,3.351,1.058,19.2,2.787,N
BX22-054,117.50,118.50,3.312,1.140,19.7,2.837,N
BX22-054,118.50,120.50,2.859,1.125,15.2,2.835,N
BX22-054,120.50,122.50,3.518,1.215,21.0,2.829,N
BX22-054,122.50,123.50,3.239,1.105,20.0,2.821,N
BX22-054,123.50,125.00,3.636,1.325,21.5,2.852,N
BX22-054,125.00,127.00,3.856,1.330,23.9,2.844,N
BX22-054,127.00,129.00,3.645,1.189,20.7,2.900,N
BX22-054,129.00,130.00,3.545,1.139,23.4,2.795,N
BX22-054,130.00,131.00,3.591,1.293,21.4,2.823,N
BX22-054,131.00,133.00,3.266,1.185,18.6,2.852,N
BX22-054,133.00,134.50,2.936,0.946,18.6,2.777,N
BX22-054,134.50,135.50,3.192,1.116,19.7,2.805,N
BX22-054,135.50,136.50,2.740,1.029,13.3,2.776,N
BX22-054,136.50,138.00,3.425,1.168,22.6,2.836,N
BX22-054,138.00,139.50,3.390,1.275,22.0,2.796,N
BX22-054,139.50,141.00,3.150,1.021,21.2,2.799,N
BX22-054,141.00,143.00,3.082,1.129,17.2,2.809,N
BX22-054,143.00,144.00,3.126,1.150,21.3,2.789,N
BX22-054,144.00,145.00,3.197,1.375,17.7,2.754,N
BX22-054,145.00,146.00,3.500,1.177,24.4,2.830,N
BX22-054,146.00,147.00,2.952,1.065,20.1,2.729,N
BX22-054,147.00,148.50,3.034,1.128,19.8,2.795,N
BX22-054,148.50,149.50,2.602,0.832,15.3,2.787,N
BX22-054,149.50,151.00,2.945,1.119,16.7,2.835,N
BX22-054,151.00,152.00,3.741,1.327,22.2,2.871,N
BX22-054,152.00,154.00,3.212,1.124,24.2,2.810,N
BX22-054,154.00,156.00,3.092,1.018,20.8,2.821,N
BX22-054,156.00,158.00,3.207,1.291,18.7,2.777,N
BX22-054,158.00,160.00,2.965,0.975,19.7,2.796,Y
BX22-054,160.00,162.00,3.202,1.116,18.0,2.816,N
BX22-054,162.00,163.00,2.411,0.951,15.1,2.758,N
BX22-054,163.00,164.50,3.112,1.208,16.2,2.814,N
BX22-054,164.50,165.50,2.561,0.927,14.8,2.718,N
BX22-054,165.50,167.00,2.492,0.815,14.7,2.766,N
BX22-054,167.00,169.00,2.562,0.853,15.2,2.770,N
BX22-054,169.00,170.00,2.465,0.928,17.0,2.813,N
BX22-054,170.00,171.00,2.477,0.752,10.3,2.730,N
BX22-054,171.00,173.00,2.930,1.071,15.0,2.769,N
BX22-054,173.00,174.00,2.598,0.819,19.0,2.819,N
BX22-054,174.00,175.00,2.641,0.764,14.5,2.717,N
BX22-054,175.00,177.00,2.651,0.995,15.5,2.755,N
BX22-054,177.00,178.00,2.815,1.065,14.3,2.805,N
BX22-054,178.00,180.00,2.086,0.701,13.7,2.708,N
BX22-054,180.00,181.00,2.083,0.851,13.5,2.719,N
BX22-054,181.00,182.00,2.298,0.767,9.9,2.792,N
BX22-054,182.00,183.50,2.424,0.756,14.9,2.723,N
BX22-054,183.50,184.50,2.449,1.069,13.0,2.759,N
BX22-054,184.50,186.00,2.715,0.992,20.6,2.731,N
BX22-054,186.00,187.00,2.696,0.791,18.2,2.773,N
BX22-054,187.00,189.00,1.961,0.632,8.8,2.762,Y
BX22-054,189.00,190.00,2.218,0.895,14.2,2.764,N
BX22-054,190.00,191.00,3.450,1.065,21.3,2.837,N
BX22-054,191.00,192.00,3.215,1.113,18.9,2.820,N
BX22-054,192.00,193.50,2.034,0.673,10.6,2.735,N
BX22-054,193.50,195.50,1.735,0.577,10.0,2.704,N
BX22-054,195.50,196.50,2.433,0.973,14.7,2.691,N
BX22-054,196.50,197.50,2.253,0.801,14.5,2.772,N
BX22-054,197.50,198.50,2.123,0.830,16.0,2.724,N
BX22-054,198.50,199.50,1.802,0.662,12.4,2.787,N
BX22-054,199.50,200.50,2.392,0.941,13.4,2.733,N
BX22-054,200.50,201.50,2.095,0.725,11.4,2.733,N
BX22-054,201.50,202.50,2.854,0.972,16.9,2.802,N
BX22-054,202.50,204.50,1.703,0.566,11.3,2.698,N
BX22-054,204.50,206.50,2.121,0.911,11.7,2.713,N
BX22-054,206.50,207.50,2.156,0.899,11.9,2.741,N
BX22-054,207.50,209.00,1.555,0.366,5.6,2.720,N
BX22-054,209.00,210.00,1.642,0.681,8.0,2.722,N
BX22-054,210.00,211.00,2.554,0.713,16.2,2.758,N
BX22-054,211.00,212.00,2.372,0.891,15.1,2.758,N
BX22-054,212.00,213.00,2.715,0.891,21.5,2.805,N
BX22-054,213.00,214.00,1.927,0.680,10.3,2.740,N
BX22-054,214.00,215.00,2.222,0.805,13.6,2.749,N
BX22-054,215.00,216.00,1.258,0.538,5.5,2.709,N
BX22-054,216.00,217.00,1.488,0.421,11.4,2.700,Y
BX22-054,217.00,218.00,2.031,0.798,12.6,2.729,N
BX22-054,218.00,219.00,2.039,0.534,12.2,2.784,N
BX22-054,219.00,220.50,1.839,0.592,7.4,2.776,N
BX22-054,220.50,222.50,2.108,0.547,13.5,2.784,N
BX22-054,222.50,223.50,1.606,0.556,10.3,2.648,N
BX22-054,223.50,225.00,1.230,0.391,10.2,2.671,N
BX22-054,225.00,226.00,2.062,0.820,11.7,2.730,N
BX22-054,226.00,228.00,1.557,0.633,7.9,2.765,N
BX22-054,228.00,230.00,1.494,0.617,6.2,2.711,N
BX22-054,230.00,232.00,1.478,0.561,7.5,2.700,N
BX22-054,232.00,233.00,1.427,0.635,8.4,2.698,N
BX22-054,233.00,234.00,1.255,0.348,9.2,2.668,N
BX22-054,234.00,235.00,1.384,0.596,5.9,2.760,N
BX22-054,235.00,236.00,1.743,0.594,11.3,2.734,Y
BX22-054,236.00,237.00,1.358,0.350,6.3,2.734,N
BX22-054,237.00,238.00,2.129,0.822,15.5,2.737,N
BX22-054,238.00,239.00,1.165,0.604,8.5,2.710,N
BX22-054,239.00,240.00,1.270,0.526,8.7,2.659,N
BX22-054,240.00,241.00,1.586,0.602,10.9,2.699,N
BX22-054,241.00,243.00,1.760,0.645,9.8,2.668,N
BX22-054,243.00,245.00,1.145,0.455,8.0,2.652,N
BX22-054,245.00,246.00,1.966,0.881,11.7,2.784,N
BX22-054,246.00,247.00,1.352,0.532,9.4,2.707,Y
BX22-054,247.00,248.00,1.402,0.457,6.6,2.731,N
BX22-054,248.00,249.00,1.383,0.618,9.3,2.672,N
BX22-054,249.00,250.00,1.399,0.455,9.1,2.716,N
BX22-055,0.00,2.00,0.669,0.391,3.2,2.703,N
BX22-055,2.00,4.00,0.518,0.141,3.0,2.659,N
BX22-055,4.00,5.00,1.302,0.536,7.1,2.726,N
BX22-055,5.00,6.00,1.637,0.564,11.4,2.673,N
BX22-055,6.00,7.00,1.010,0.591,8.5,2.712,N
BX22-055,7.00,8.00,1.040,0.670,4.5,2.649,N
BX22-055,8.00,10.00,0.954,0.459,5.6,2.681,N
BX22-055,10.00,11.50,0.702,0.208,3.7,2.669,N
BX22-055,11.50,13.50,1.203,0.448,4.2,2.693,N
BX22-055,13.50,15.00,0.425,0.028,3.5,2.636,N
BX22-055,15.00,16.00,1.423,0.502,8.0,2.685,N
BX22-055,16.00,17.00,1.487,0.530,8.6,2.702,N
BX22-055,17.00,19.00,1.339,0.361,10.6,2.705,N
BX22-055,19.00,21.00,0.961,0.292,10.4,2.662,N
BX22-055,21.00,23.00,1.497,0.389,7.3,2.772,N
BX22-055,23.00,25.00,1.677,0.759,10.4,2.732,N
BX22-055,25.00,27.00,1.204,0.401,8.4,2.716,N
BX22-055,27.00,28.00,1.099,0.276,7.6,2.635,N
BX22-055,28.00,30.00,0.807,0.150,3.4,2.727,N
BX22-055,30.00,32.00,2.003,0.765,12.1,2.754,N
BX22-055,32.00,34.00,1.440,0.485,8.2,2.711,N
BX22-055,34.00,35.00,2.046,0.582,12.0,2.782,N
BX22-055,35.00,37.00,1.712,0.702,9.3,2.765,N
BX22-055,37.00,38.50,1.972,0.650,10.9,2.720,N
BX22-055,38.50,39.50,2.209,0.982,10.9,2.714,N
BX22-055,39.50,41.00,2.242,0.785,10.6,2.793,N
BX22-055,41.00,42.00,1.622,0.622,11.9,2.638,N
BX22-055,42.00,43.00,2.222,0.806,13.6,2.694,N
BX22-055,43.00,44.00,1.777,0.673,8.4,2.712,N
BX22-055,44.00,45.00,2.290,0.734,14.7,2.729,N
BX22-055,45.00,46.00,2.091,0.771,10.5,2.729,N
BX22-055,46.00,48.00,1.835,0.464,8.3,2.741,N
BX22-055,48.00,49.00,1.915,0.607,11.6,2.760,N
BX22-055,49.00,50.00,2.065,0.710,11.4,2.766,N
BX22-055,50.00,52.00,2.144,0.604,12.4,2.753,N
BX22-055,52.00,53.50,2.047,0.763,13.8,2.759,N
BX22-055,53.50,55.00,3.075,1.092,17.8,2.804,N
BX22-055,55.00,56.00,2.005,0.849,10.9,2.757,N
BX22-055,56.00,58.00,2.369,0.751,11.4,2.788,N
BX22-055,58.00,59.50,2.781,0.947,16.6,2.828,N
BX22-055,59.50,61.50,2.827,1.034,19.2,2.785,N
BX22-055,61.50,63.50,2.300,0.847,13.7,2.732,N
BX22-055,63.50,65.00,2.732,0.918,14.8,2.802,N
BX22-055,65.00,66.00,2.724,1.072,14.6,2.817,N
BX22-055,66.00,67.00,2.568,0.822,13.8,2.775,N
BX22-055,67.00,68.50,2.850,0.879,17.4,2.787,N
BX22-055,68.50,70.00,1.827,0.530,12.4,2.684,N
BX22-055,70.00,71.00,2.311,0.651,15.2,2.756,N
BX22-055,71.00,73.00,3.331,1.208,21.6,2.857,N
BX22-055,73.00,74.00,3.519,1.327,19.9,2.847,N
BX22-055,74.00,75.00,2.685,0.977,17.6,2.847,N
BX22-055,75.00,76.00,3.400,1.104,21.4,2.831,N
BX22-055,76.00,78.00,3.292,1.172,17.0,2.790,N
BX22-055,78.00,79.00,3.255,1.087,17.8,2.794,N
BX22-055,79.00,81.00,3.063,1.017,17.1,2.787,N
BX22-055,81.00,82.00,3.304,1.209,19.3,2.806,N
BX22-055,82.00,83.00,3.314,1.145,20.8,2.880,N
BX22-055,83.00,84.00,3.555,1.337,22.4,2.836,N
BX22-055,84.00,85.50,3.393,1.079,17.4,2.892,N
BX22-055,85.50,86.50,4.196,1.592,17.3,2.850,N
BX22-055,86.50,88.50,2.687,0.882,15.0,2.762,N
BX22-055,88.50,89.50,3.158,1.175,20.4,2.829,N
BX22-055,89.50,91.00,3.326,1.265,18.2,2.841,N
BX22-055,91.00,92.00,3.286,1.138,21.1,2.852,N
BX22-055,92.00,93.00,3.318,1.193,16.4,2.776,N
BX22-055,93.00,94.00,3.459,1.174,20.7,2.773,N
BX22-055,94.00,95.00,3.169,1.228,21.9,2.776,N
BX22-055,95.00,97.00,3.508,1.242,24.7,2.845,N
BX22-055,97.00,98.50,3.456,1.071,19.3,2.824,N
BX22-055,98.50,99.50,3.571,1.434,24.8,2.816,N
BX22-055,99.50,100.50,3.188,0.963,18.3,2.857,N
BX22-055,100.50,101.50,3.467,1.010,20.0,2.838,N
BX22-055,101.50,102.50,3.436,1.287,20.0,2.847,N
BX22-055,102.50,103.50,3.893,1.341,22.0,2.864,N
BX22-055,103.50,104.50,3.605,1.085,20.7,2.895,N
BX22-055,104.50,106.00,4.126,1.364,24.2,2.907,N
BX22-055,106.00,107.00,4.189,1.513,24.9,2.860,N
BX22-055,107.00,108.00,3.268,1.089,20.0,2.842,N
BX22-055,108.00,110.00,3.833,1.468,23.4,2.840,N
BX22-055,110.00,111.00,4.249,1.520,25.1,2.931,N
BX22-055,111.00,112.50,4.233,1.513,25.3,2.902,N
BX22-055,112.50,114.50,4.084,1.401,26.1,2.898,N
BX22-055,114.50,116.00,4.868,1.894,30.0,2.928,N
BX22-055,116.00,118.00,3.789,1.226,25.6,2.760,N
BX22-055,118.00,120.00,3.830,1.311,21.8,2.841,N
BX22-055,120.00,121.50,3.704,1.313,23.6,2.780,N
BX22-055,121.50,123.50,4.240,1.476,28.0,2.919,N
BX22-055,123.50,124.50,3.931,1.397,24.6,2.888,N
BX22-055,124.50,125.50,3.398,1.311,19.8,2.864,N
BX22-055,125.50,126.50,4.242,1.300,22.9,2.896,N
BX22-055,126.50,128.50,3.116,1.018,19.1,2.784,N
BX22-055,128.50,129.50,3.678,1.295,22.5,2.868,N
BX22-055,129.50,131.50,3.594,1.258,19.4,2.779,N
BX22-055,131.50,133.00,3.604,1.207,19.8,2.820,N
BX22-055,133.00,135.00,3.013,0.980,19.4,2.794,N
BX22-055,135.00,136.00,3.312,1.263,18.3,2.828,N
BX22-055,136.00,137.00,3.466,1.114,17.1,2.776,N
BX22-055,137.00,138.00,3.508,1.288,20.7,2.829,N
BX22-055,138.00,139.00,3.953,1.601,26.0,2.814,N
BX22-055,139.00,140.50,3.454,1.236,23.6,2.843,N
BX22-055,140.50,141.50,3.898,1.265,24.4,2.859,N
BX22-055,141.50,142.50,3.020,0.929,17.7,2.770,N
BX22-055,142.50,144.50,4.296,1.578,25.5,2.868,N
BX22-055,144.50,145.50,3.875,1.335,27.9,2.808,N
BX22-055,145.50,147.00,3.535,1.252,18.5,2.855,N
BX22-055,147.00,148.00,3.911,1.306,23.9,2.845,N
BX22-055,148.00,149.00,3.042,1.141,19.7,2.833,N
BX22-055,149.00,151.00,3.325,1.199,19.7,2.805,N
BX22-055,151.00,152.00,3.417,1.300,20.0,2.745,N
BX22-055,152.00,154.00,3.259,1.139,21.4,2.811,N
BX22-055,154.00,155.00,3.772,1.528,21.5,2.861,N
BX22-055,155.00,156.50,3.084,1.166,17.3,2.792,N
BX22-055,156.50,158.00,3.498,1.202,19.9,2.845,N
BX22-055,158.00,160.00,3.145,1.072,20.8,2.828,N
BX22-055,160.00,162.00,3.664,1.260,21.8,2.858,N
BX22-055,162.00,164.00,2.986,1.062,19.0,2.820,N
BX22-055,164.00,166.00,3.331,1.223,21.1,2.762,N
BX22-055,166.00,168.00,3.493,1.045,21.1,2.861,N
BX22-055,168.00,169.00,3.524,1.240,24.1,2.782,N
BX22-055,169.00,171.00,3.010,1.154,17.5,2.785,N
BX22-055,171.00,172.00,2.934,0.983,13.7,2.736,N
BX22-055,172.00,173.00,2.696,0.885,15.2,2.770,Y
BX22-055,173.00,174.50,2.845,1.142,15.8,2.818,N
BX22-055,174.50,175.50,2.829,1.037,16.0,2.756,N
BX22-055,175.50,177.00,2.646,1.144,17.2,2.761,N
BX22-055,177.00,178.50,2.779,1.030,17.6,2.745,N
BX22-055,178.50,179.50,2.793,1.166,18.5,2.804,N
BX22-055,179.50,180.50,2.938,0.873,17.9,2.749,N
BX22-055,180.50,181.50,2.645,1.035,15.1,2.789,N
BX22-055,181.50,182.50,3.014,1.029,17.2,2.798,N
BX22-055,182.50,184.50,2.283,0.834,12.5,2.766,N
BX22-055,184.50,186.00,2.299,0.739,13.0,2.778,N
BX22-055,186.00,187.00,2.360,0.776,7.8,2.697,N
BX22-055,187.00,188.00,2.287,0.948,11.9,2.714,N
BX22-055,188.00,189.00,2.139,0.793,12.2,2.764,N
BX22-055,189.00,191.00,1.704,0.551,6.1,2.712,N
BX22-055,191.00,193.00,2.576,0.840,16.4,2.752,N
BX22-055,193.00,194.00,2.094,0.801,12.6,2.800,N
BX22-055,194.00,196.00,2.397,0.997,16.8,2.740,N
BX22-055,196.00,197.00,2.491,0.755,14.5,2.749,N
BX22-055,197.00,198.00,1.648,0.571,9.2,2.710,N
BX22-055,198.00,200.00,2.253,0.742,12.5,2.784,N
BX22-055,200.00,201.50,2.310,0.510,15.5,2.768,Y
BX22-055,201.50,202.50,1.056,0.400,3.8,2.625,N
BX22-055,202.50,203.50,1.631,0.670,7.6,2.697,N
BX22-055,203.50,204.50,1.534,0.529,9.6,2.717,N
BX22-055,204.50,205.50,1.782,0.654,10.4,2.705,N
BX22-055,205.50,206.50,1.766,0.727,10.6,2.722,N
BX22-055,206.50,207.50,2.001,0.796,13.0,2.719,N
BX22-055,207.50,209.00,1.649,0.670,10.9,2.701,N
BX22-055,209.00,210.00,1.489,0.720,8.2,2.757,N
BX22-055,210.00,212.00,1.581,0.472,8.2,2.690,Y
BX22-055,212.00,213.50,2.305,0.695,13.3,2.714,N
BX22-055,213.50,214.50,1.225,0.460,7.0,2.696,N
BX22-055,214.50,215.50,1.040,0.257,7.3,2.686,N
BX22-055,215.50,216.50,1.725,0.425,11.1,2.701,N
BX22-055,216.50,217.50,1.590,0.571,12.0,2.676,N
BX22-055,217.50,219.50,0.952,0.284,7.0,2.642,N
BX22-055,219.50,221.50,0.076,0.053,0.5,2.679,N
BX22-055,221.50,222.50,1.637,0.503,10.7,2.680,N
BX22-055,222.50,223.50,1.181,0.417,9.0,2.680,N
BX22-055,223.50,224.50,0.772,0.329,5.2,2.666,N
BX22-055,224.50,225.50,1.522,0.585,10.6,2.734,N
BX22-055,225.50,227.00,1.163,0.265,7.5,2.678,N
BX22-055,227.00,229.00,0.704,0.260,5.7,2.714,N
BX22-055,229.00,231.00,0.811,0.311,1.6,2.656,N
BX22-055,231.00,232.50,1.472,0.640,11.9,2.733,N
BX22-055,232.50,234.50,0.444,0.311,1.7,2.605,N
BX22-055,234.50,235.50,1.028,0.461,3.7,2.680,N
BX22-055,235.50,236.50,0.510,0.094,5.5,2.661,N
BX22-055,236.50,238.00,1.488,0.705,9.3,2.737,N
BX22-055,238.00,239.50,1.022,0.216,6.4,2.670,N
BX22-055,239.50,241.00,1.226,0.593,7.3,2.681,N
BX22-055,241.00,243.00,1.394,0.546,11.1,2.703,N
BX22-055,243.00,245.00,0.409,0.023,1.5,2.654,N
BX22-055,245.00,246.00,0.616,0.263,1.1,2.637,N
BX22-055,246.00,248.00,0.277,0.056,1.1,2.637,N
BX22-055,248.00,249.00,0.197,0.010,0.8,2.605,N
BX22-055,249.00,250.50,1.034,0.372,6.6,2.654,N
BX22-055,250.50,252.00,1.027,0.335,9.9,2.676,N
BX22-055,252.00,253.00,0.301,0.076,0.5,2.652,N
BX22-055,253.00,255.00,0.826,0.317,4.5,2.647,N
BX22-055,255.00,257.00,0.837,0.448,5.1,2.635,N
BX22-055,257.00,258.50,0.250,0.215,3.4,2.585,N
BX22-055,258.50,259.00,0.364,0.121,0.5,2.667,N
BX22-056,0.00,1.00,0.020,0.111,0.5,2.624,N
BX22-056,1.00,2.00,0.383,0.184,0.9,2.637,N
BX22-056,2.00,4.00,0.020,0.015,0.5,2.590,N
BX22-056,4.00,5.50,0.518,0.311,3.3,2.669,Y
BX22-056,5.50,7.00,0.136,0.124,0.6,2.601,N
BX22-056,7.00,8.00,0.020,0.010,0.5,2.574,N
BX22-056,8.00,9.00,0.020,0.010,0.5,2.637,N
BX22-056,9.00,10.50,0.200,0.117,0.5,2.677,N
BX22-056,10.50,11.50,0.401,0.208,0.5,2.619,N
BX22-056,11.50,12.50,0.288,0.010,3.5,2.632,N
BX22-056,12.50,13.50,0.235,0.074,0.5,2.651,N
BX22-056,13.50,14.50,0.020,0.019,0.5,2.620,N
BX22-056,14.50,16.50,0.313,0.314,2.9,2.613,N
BX22-056,16.50,17.50,0.020,0.099,0.5,2.647,N
BX22-056,17.50,18.50,0.199,0.157,5.4,2.679,N
BX22-056,18.50,19.50,0.020,0.010,0.5,2.626,N
BX22-056,19.50,20.50,0.098,0.030,0.5,2.636,N
BX22-056,20.50,22.50,0.020,0.218,0.5,2.643,N
BX22-056,22.50,24.50,0.020,0.010,0.5,2.597,N
BX22-056,24.50,26.50,0.108,0.090,0.5,2.588,N
BX22-056,26.50,28.50,0.020,0.152,0.5,2.572,N
BX22-056,28.50,30.50,0.108,0.171,1.1,2.644,N
BX22-056,30.50,32.00,0.020,0.027,0.5,2.572,N
BX22-056,32.00,33.00,0.020,0.012,1.7,2.646,N
BX22-056,33.00,34.00,0.020,0.010,0.5,2.602,N
BX22-056,34.00,35.50,0.364,0.117,0.5,2.635,N
BX22-056,35.50,36.50,0.020,0.054,0.5,2.640,N
BX22-056,36.50,37.50,0.020,0.090,0.9,2.585,N
BX22-056,37.50,38.50,0.499,0.246,1.9,2.632,N
BX22-056,38.50,40.00,0.045,0.010,0.5,2.627,N
BX22-056,40.00,41.50,0.020,0.149,0.5,2.666,N
BX22-056,41.50,43.50,0.372,0.065,4.4,2.583,N
BX22-056,43.50,45.00,0.020,0.097,0.5,2.566,N
BX22-056,45.00,47.00,0.215,0.111,0.5,2.650,N
BX22-056,47.00,48.00,0.657,0.252,2.8,2.705,N
BX22-056,48.00,49.00,0.020,0.070,4.2,2.604,N
BX22-056,49.00,51.00,0.210,0.169,2.1,2.632,N
BX22-056,51.00,52.00,0.060,0.025,0.5,2.617,Y
BX22-056,52.00,54.00,0.020,0.022,1.4,2.585,N
BX22-056,54.00,56.00,0.020,0.010,0.7,2.594,N
BX22-056,56.00,57.00,0.101,0.061,0.5,2.595,N
BX22-056,57.00,59.00,0.237,0.010,3.8,2.651,N
BX22-056,59.00,60.00,0.159,0.190,0.7,2.594,N
BX22-056,60.00,62.00,0.355,0.042,2.1,2.669,N
BX22-056,62.00,63.00,0.020,0.177,1.5,2.658,N
BX22-056,63.00,64.00,0.263,0.010,0.5,2.611,N
BX22-056,64.00,65.00,0.020,0.010,0.5,2.559,N
BX22-056,65.00,66.00,0.504,0.200,3.9,2.616,N
BX22-056,66.00,67.00,0.175,0.034,3.6,2.654,N
BX22-056,67.00,68.00,0.209,0.010,3.6,2.597,N
BX22-056,68.00,69.50,0.732,0.268,6.5,2.639,N
BX22-056,69.50,71.50,0.338,0.038,1.1,2.672,N
BX22-056,71.50,72.50,0.038,0.010,2.2,2.626,N
BX22-056,72.50,73.50,0.267,0.181,0.5,2.613,N
BX22-056,73.50,74.50,0.292,0.028,0.5,2.614,N
BX22-056,74.50,76.50,0.020,0.010,0.5,2.695,N
BX22-056,76.50,78.50,0.020,0.010,0.5,2.627,N
BX22-056,78.50,80.50,0.020,0.010,0.5,2.632,N
BX22-056,80.50,82.00,0.043,0.010,0.5,2.594,N
BX22-056,82.00,83.50,0.020,0.037,0.5,2.604,N
BX22-056,83.50,85.50,0.020,0.114,6.0,2.591,N
BX22-056,85.50,87.00,0.508,0.208,4.1,2.668,N
BX22-056,87.00,89.00,0.134,0.010,0.5,2.614,N
BX22-056,89.00,90.00,0.158,0.134,1.8,2.603,N
BX22-056,90.00,91.50,0.432,0.062,0.5,2.628,N
BX22-056,91.50,92.50,0.020,0.015,3.3,2.620,N
BX22-056,92.50,94.00,0.301,0.134,1.9,2.634,N
BX22-056,94.00,95.00,0.157,0.160,3.3,2.717,N
BX22-056,95.00,96.50,0.130,0.075,0.8,2.646,N
BX22-056,96.50,98.50,0.020,0.013,0.6,2.619,N
BX22-056,98.50,99.50,1.021,0.264,3.6,2.706,N
BX22-056,99.50,100.50,0.097,0.010,2.6,2.597,N
BX22-056,100.50,101.50,0.037,0.010,0.8,2.616,N
BX22-056,101.50,102.50,0.066,0.043,1.7,2.647,N
BX22-056,102.50,103.50,0.020,0.010,1.9,2.610,N
BX22-056,103.50,104.50,0.278,0.196,0.5,2.688,N
BX22-056,104.50,105.50,0.383,0.161,0.5,2.624,N
BX22-056,105.50,106.50,0.292,0.074,3.0,2.617,N
BX22-056,106.50,108.50,0.020,0.085,0.9,2.631,N
BX22-056,108.50,110.50,0.125,0.010,2.5,2.623,N
BX22-056,110.50,112.50,0.674,0.135,3.0,2.609,N
BX22-056,112.50,113.50,1.178,0.321,8.4,2.657,N
BX22-056,113.50,114.50,0.221,0.010,1.6,2.601,N
BX22-056,114.50,116.50,0.692,0.401,4.3,2.696,N
BX22-056,116.50,118.50,0.020,0.010,0.5,2.572,N
BX22-056,118.50,120.50,0.223,0.149,4.8,2.655,N
BX22-056,120.50,121.50,0.991,0.245,1.4,2.686,N
BX22-056,121.50,123.00,0.463,0.208,5.2,2.679,N
BX22-056,123.00,124.50,1.054,0.414,9.1,2.626,N
BX22-056,124.50,126.00,0.020,0.010,0.5,2.596,N
BX22-056,126.00,127.00,0.163,0.168,0.5,2.646,N
BX22-056,127.00,128.50,0.477,0.017,6.1,2.656,N
BX22-056,128.50,129.50,0.425,0.195,1.6,2.654,N
BX22-056,129.50,131.00,0.034,0.010,0.5,2.602,N
BX22-056,131.00,133.00,0.020,0.010,2.0,2.629,N
BX22-056,133.00,134.00,0.231,0.010,0.5,2.621,N
BX22-056,134.00,135.00,0.223,0.117,0.7,2.606,N
BX22-056,135.00,137.00,0.020,0.010,0.9,2.582,N
BX22-056,137.00,138.00,0.078,0.010,0.5,2.627,N
BX22-056,138.00,139.00,0.653,0.222,1.1,2.705,N
BX22-056,139.00,140.50,0.020,0.076,0.5,2.633,N
BX22-056,140.50,141.50,0.020,0.010,0.5,2.595,N
BX22-056,141.50,142.50,0.376,0.147,3.4,2.609,N
BX22-056,142.50,143.50,0.299,0.010,0.5,2.582,N
BX22-056,143.50,145.00,0.649,0.276,5.7,2.676,N
BX22-057,0.00,1.00,0.158,0.075,0.5,2.664,N
BX22-057,1.00,3.00,0.020,0.038,1.6,2.617,N
BX22-057,3.00,4.00,0.020,0.010,0.5,2.609,N
BX22-057,4.00,5.00,0.020,0.010,0.5,2.616,N
BX22-057,5.00,6.00,0.020,0.010,0.5,2.650,N
BX22-057,6.00,7.00,0.020,0.173,1.1,2.647,N
BX22-057,7.00,8.00,0.020,0.109,0.9,2.583,N
BX22-057,8.00,9.00,0.264,0.065,0.5,2.617,N
BX22-057,9.00,10.00,0.092,0.045,0.5,2.605,N
BX22-057,10.00,11.50,0.244,0.033,1.9,2.670,N
BX22-057,11.50,13.50,0.026,0.175,1.3,2.624,Y
BX22-057,13.50,15.50,0.352,0.165,0.5,2.641,N
BX22-057,15.50,16.50,0.151,0.115,2.7,2.652,N
BX22-057,16.50,18.50,0.020,0.019,0.6,2.592,N
BX22-057,18.50,20.50,0.121,0.010,1.1,2.633,N
BX22-057,20.50,22.50,0.020,0.021,0.6,2.599,N
BX22-057,22.50,24.00,0.439,0.210,1.8,2.568,N
BX22-057,24.00,25.50,0.020,0.102,0.5,2.652,N
BX22-057,25.50,27.00,0.020,0.034,0.7,2.617,N
BX22-057,27.00,29.00,0.325,0.050,2.7,2.654,Y
BX22-057,29.00,30.50,0.020,0.095,2.6,2.644,N
BX22-057,30.50,32.00,0.020,0.010,0.5,2.652,N
BX22-057,32.00,33.50,0.020,0.146,0.5,2.624,N
BX22-057,33.50,35.50,0.147,0.148,0.5,2.646,N
BX22-057,35.50,37.50,0.020,0.166,0.5,2.623,N
BX22-057,37.50,39.50,0.020,0.124,1.5,2.631,N
BX22-057,39.50,40.50,0.020,0.010,1.5,2.632,N
BX22-057,40.50,42.50,0.020,0.042,0.5,2.667,N
BX22-057,42.50,43.50,0.020,0.012,0.5,2.641,N
BX22-057,43.50,44.50,0.339,0.134,1.1,2.584,N
BX22-057,44.50,45.50,0.020,0.069,0.5,2.653,Y
BX22-057,45.50,46.50,0.020,0.037,0.8,2.612,N
BX22-057,46.50,48.00,0.020,0.068,2.2,2.584,N
BX22-057,48.00,50.00,0.020,0.038,0.5,2.579,N
BX22-057,50.00,51.50,0.026,0.010,0.7,2.628,N
BX22-057,51.50,52.50,0.020,0.010,0.5,2.643,Y
BX22-057,52.50,53.50,0.020,0.010,1.3,2.638,Y
BX22-057,53.50,54.50,0.632,0.227,2.4,2.638,N
BX22-057,54.50,55.50,0.228,0.096,2.4,2.634,N
BX22-057,55.50,57.00,0.103,0.010,1.8,2.652,N
BX22-057,57.00,58.00,0.330,0.066,3.0,2.639,N
BX22-057,58.00,59.50,0.190,0.010,2.2,2.654,N
BX22-057,59.50,60.50,0.072,0.010,2.1,2.596,N
BX22-057,60.50,62.50,0.020,0.010,0.5,2.594,N
BX22-057,62.50,63.50,0.276,0.179,2.8,2.635,N
BX22-057,63.50,65.50,0.134,0.010,0.5,2.590,N
BX22-057,65.50,67.50,0.020,0.026,0.5,2.580,N
BX22-057,67.50,69.00,0.068,0.073,1.2,2.610,N
BX22-057,69.00,70.00,0.168,0.174,3.0,2.628,N
BX22-057,70.00,71.00,0.477,0.329,5.9,2.632,N
BX22-057,71.00,72.00,0.193,0.021,2.8,2.665,N
BX22-057,72.00,73.00,0.596,0.119,2.1,2.623,N
BX22-057,73.00,74.00,0.457,0.121,1.4,2.641,N
BX22-057,74.00,75.00,0.839,0.357,4.4,2.709,N
BX22-057,75.00,76.00,0.603,0.184,4.2,2.676,N
BX22-057,76.00,77.50,0.020,0.028,1.5,2.602,N
BX22-057,77.50,78.50,0.020,0.139,0.5,2.650,N
BX22-057,78.50,80.00,0.206,0.128,0.5,2.581,N
BX22-057,80.00,81.00,0.628,0.211,6.5,2.636,Y
BX22-057,81.00,82.50,0.090,0.199,2.8,2.678,N
BX22-057,82.50,83.50,0.027,0.010,0.5,2.584,Y
BX22-057,83.50,85.00,0.067,0.010,3.8,2.621,N
BX22-057,85.00,87.00,0.020,0.010,0.5,2.649,N
BX22-057,87.00,88.00,0.488,0.010,4.9,2.682,N
BX22-057,88.00,90.00,0.615,0.195,7.9,2.637,N
BX22-057,90.00,91.50,0.558,0.124,4.3,2.640,N
BX22-057,91.50,93.00,0.314,0.134,3.4,2.644,N
BX22-057,93.00,94.50,0.491,0.010,5.9,2.635,N
BX22-057,94.50,95.50,0.798,0.549,2.3,2.676,N
BX22-057,95.50,97.50,0.369,0.150,1.6,2.643,N
BX22-057,97.50,99.00,0.292,0.041,2.0,2.674,N
BX22-057,99.00,100.00,0.020,0.117,0.6,2.600,N
BX22-057,100.00,101.00,0.512,0.143,4.8,2.600,N
BX22-057,101.00,103.00,0.669,0.135,5.8,2.649,N
BX22-057,103.00,104.00,0.020,0.021,0.6,2.658,N
BX22-057,104.00,106.00,0.215,0.393,2.2,2.614,N
BX22-057,106.00,107.50,0.476,0.062,2.4,2.673,N
BX22-057,107.50,109.50,0.020,0.010,0.5,2.612,N
BX22-057,109.50,110.50,0.086,0.136,0.5,2.627,N
BX22-057,110.50,112.50,0.883,0.387,5.5,2.698,N
BX22-057,112.50,114.50,0.022,0.019,0.5,2.562,Y
BX22-057,114.50,116.00,0.789,0.288,6.9,2.673,N
BX22-057,116.00,117.50,0.507,0.143,3.9,2.647,N
BX22-057,117.50,119.00,0.824,0.184,5.8,2.686,N
BX22-057,119.00,120.00,0.382,0.346,0.5,2.620,N
BX22-057,120.00,121.50,0.633,0.088,4.7,2.702,N
BX22-057,121.50,123.00,0.464,0.051,0.8,2.653,N
BX22-057,123.00,125.00,1.002,0.207,4.2,2.697,N
BX22-057,125.00,126.00,0.867,0.229,6.6,2.658,N
BX22-057,126.00,128.00,0.792,0.376,5.5,2.664,N
BX22-057,128.00,130.00,1.122,0.436,4.9,2.684,N
BX22-057,130.00,132.00,0.420,0.108,2.0,2.610,N
BX22-057,132.00,133.50,1.222,0.514,8.3,2.741,N
BX22-057,133.50,134.50,1.324,0.446,7.0,2.731,N
BX22-057,134.50,136.00,0.819,0.398,7.9,2.666,N
BX22-057,136.00,137.00,1.457,0.694,8.1,2.693,N
BX22-057,137.00,138.50,0.899,0.323,10.2,2.667,N
BX22-057,138.50,140.00,0.281,0.010,0.5,2.670,N
BX22-057,140.00,141.50,0.932,0.312,3.1,2.715,N
BX22-057,141.50,142.50,0.969,0.214,2.6,2.654,N
BX22-057,142.50,143.50,1.052,0.457,8.5,2.696,Y
BX22-057,143.50,145.50,0.781,0.257,0.8,2.669,N
BX22-057,145.50,146.50,0.387,0.264,2.8,2.623,N
BX22-057,146.50,148.00,1.377,0.423,7.9,2.746,N
BX22-057,148.00,149.00,1.054,0.416,3.3,2.645,N
BX22-057,149.00,150.00,0.708,0.400,5.0,2.613,N
BX22-057,150.00,151.00,1.136,0.400,7.7,2.658,N
BX22-057,151.00,152.00,1.648,0.562,10.0,2.697,N
BX22-057,152.00,154.00,1.629,0.710,10.4,2.715,N
BX22-057,154.00,156.00,1.482,0.559,10.3,2.712,N
BX22-057,156.00,158.00,1.317,0.155,8.2,2.719,N
BX22-057,158.00,159.50,1.573,0.660,8.6,2.728,N
BX22-057,159.50,161.50,1.248,0.347,10.6,2.682,N
BX22-057,161.50,162.50,1.609,0.390,11.1,2.713,N
BX22-057,162.50,163.50,1.396,0.570,9.1,2.730,N
BX22-057,163.50,165.50,1.100,0.244,6.9,2.671,N
BX22-057,165.50,166.50,1.227,0.531,6.7,2.676,N
BX22-057,166.50,167.50,1.550,0.655,8.4,2.698,N
BX22-057,167.50,168.50,1.920,0.533,9.7,2.733,N
BX22-057,168.50,170.00,1.438,0.238,9.3,2.686,N
BX22-057,170.00,171.50,1.650,0.595,7.7,2.738,N
BX22-057,171.50,172.50,2.442,0.966,17.5,2.766,N
BX22-057,172.50,174.00,1.705,0.570,10.9,2.744,N
BX22-057,174.00,176.00,1.475,0.469,8.8,2.673,N
BX22-057,176.00,177.50,2.560,0.945,12.7,2.753,N
BX22-057,177.50,178.50,1.821,0.650,13.3,2.684,N
BX22-057,178.50,180.00,1.953,0.661,10.2,2.703,N
BX22-057,180.00,181.00,2.304,0.795,16.9,2.759,Y
BX22-057,181.00,182.00,1.816,0.626,9.7,2.727,N
BX22-057,182.00,184.00,2.433,0.951,13.7,2.784,N
BX22-057,184.00,185.50,2.770,0.865,16.1,2.820,N
BX22-057,185.50,186.50,2.490,0.878,10.4,2.723,N
BX22-057,186.50,188.00,2.884,0.918,13.2,2.786,N
BX22-057,188.00,189.50,1.916,0.536,12.4,2.726,N
BX22-057,189.50,191.00,3.170,1.070,16.6,2.805,N
BX22-057,191.00,192.50,2.549,0.842,14.1,2.809,N
BX22-057,192.50,194.50,2.752,1.070,14.2,2.804,N
BX22-057,194.50,195.50,2.232,0.740,15.9,2.753,N
BX22-057,195.50,196.50,2.652,0.815,13.7,2.805,N
BX22-057,196.50,198.50,2.039,0.623,13.0,2.726,N
BX22-057,198.50,200.00,2.721,0.792,17.7,2.820,N
BX22-057,200.00,202.00,2.169,0.695,11.4,2.724,N
BX22-057,202.00,204.00,2.661,1.047,15.9,2.792,N
BX22-058,0.00,1.00,0.020,0.010,0.5,2.612,N
BX22-058,1.00,2.00,0.374,0.040,5.0,2.660,N
BX22-058,2.00,3.50,0.166,0.010,0.6,2.664,N
BX22-058,3.50,5.00,0.656,0.164,3.9,2.652,N
BX22-058,5.00,6.00,0.020,0.010,0.5,2.637,N
BX22-058,6.00,8.00,0.020,0.136,0.5,2.599,N
BX22-058,8.00,9.00,0.421,0.079,2.5,2.681,N
BX22-058,9.00,10.50,0.349,0.143,2.1,2.648,N
BX22-058,10.50,12.00,0.020,0.010,0.5,2.638,N
BX22-058,12.00,14.00,0.140,0.010,0.5,2.652,N
BX22-058,14.00,15.00,0.020,0.084,0.5,2.570,N
BX22-058,15.00,16.00,0.228,0.124,2.9,2.690,N
BX22-058,16.00,17.00,0.181,0.010,3.3,2.646,N
BX22-058,17.00,18.00,0.441,0.379,0.6,2.729,N
BX22-058,18.00,19.50,0.020,0.147,0.5,2.646,N
BX22-058,19.50,20.50,0.020,0.010,0.5,2.599,N
BX22-058,20.50,22.50,0.020,0.010,2.1,2.623,N
BX22-058,22.50,24.00,0.020,0.010,1.6,2.682,N
BX22-058,24.00,25.00,0.703,0.167,2.3,2.710,N
BX22-058,25.00,26.00,0.020,0.010,1.6,2.651,N
BX22-058,26.00,27.00,0.020,0.010,2.8,2.575,N
BX22-058,27.00,28.00,0.020,0.010,0.5,2.664,N
BX22-058,28.00,29.00,0.339,0.193,4.2,2.654,N
BX22-058,29.00,30.00,0.020,0.010,0.5,2.642,N
BX22-058,30.00,31.00,0.572,0.262,3.2,2.620,N
BX22-058,31.00,33.00,0.020,0.010,0.6,2.660,N
BX22-058,33.00,35.00,0.096,0.088,2.5,2.586,N
BX22-058,35.00,36.00,0.020,0.089,3.6,2.604,N
BX22-058,36.00,37.50,0.020,0.010,0.5,2.633,N
BX22-058,37.50,39.00,0.020,0.131,1.0,2.639,N
BX22-058,39.00,41.00,0.020,0.010,0.8,2.624,Y
BX22-058,41.00,42.00,0.020,0.010,0.5,2.659,N
BX22-058,42.00,43.00,0.020,0.170,0.7,2.637,N
BX22-058,43.00,44.00,0.046,0.069,1.7,2.638,N
BX22-058,44.00,45.00,0.042,0.076,2.7,2.600,N
BX22-058,45.00,46.50,0.020,0.063,2.6,2.631,N
BX22-058,46.50,47.50,0.020,0.010,5.4,2.613,N
BX22-058,47.50,49.50,0.020,0.117,0.5,2.644,N
BX22-058,49.50,51.50,0.020,0.015,1.1,2.618,N
BX22-058,51.50,52.50,0.020,0.102,0.5,2.611,N
BX22-058,52.50,53.50,0.601,0.354,5.9,2.684,N
BX22-058,53.50,54.50,0.051,0.010,0.5,2.631,Y
BX22-058,54.50,55.50,0.509,0.337,1.4,2.656,N
BX22-058,55.50,57.00,0.219,0.054,0.7,2.660,N
BX22-058,57.00,58.50,0.020,0.064,2.1,2.651,N
BX22-058,58.50,60.50,0.103,0.052,1.4,2.641,N
BX22-058,60.50,62.00,0.140,0.028,0.5,2.641,N
BX22-058,62.00,64.00,0.083,0.122,0.5,2.622,N
BX22-058,64.00,65.00,0.432,0.157,1.0,2.646,N
BX22-058,65.00,67.00,0.020,0.050,3.4,2.639,N
BX22-058,67.00,68.50,0.122,0.080,4.9,2.651,N
BX22-058,68.50,70.50,0.354,0.125,1.7,2.646,N
BX22-058,70.50,71.50,0.086,0.010,0.5,2.562,Y
BX22-058,71.50,72.50,0.020,0.010,1.2,2.608,N
BX22-058,72.50,74.00,0.020,0.010,0.5,2.673,N
BX22-058,74.00,76.00,0.232,0.357,2.1,2.550,N
BX22-058,76.00,77.00,0.020,0.084,1.1,2.631,Y
BX22-058,77.00,78.50,0.020,0.010,0.5,2.661,N
BX22-058,78.50,80.50,0.020,0.010,0.5,2.603,N
BX22-058,80.50,81.50,0.020,0.070,3.5,2.578,N
BX22-058,81.50,82.50,0.287,0.025,0.5,2.638,N
BX22-058,82.50,84.50,0.020,0.063,0.5,2.664,N
BX22-058,84.50,85.50,0.256,0.021,0.6,2.629,N
BX22-058,85.50,86.50,0.020,0.010,0.5,2.669,N
BX22-058,86.50,88.50,0.020,0.010,3.0,2.655,N
BX22-058,88.50,89.50,0.020,0.010,0.5,2.618,N
BX22-058,89.50,90.50,0.020,0.010,0.5,2.580,N
BX22-058,90.50,92.00,0.020,0.010,0.5,2.582,N
BX22-058,92.00,93.50,0.020,0.010,0.5,2.598,N
BX22-058,93.50,95.00,0.077,0.010,2.1,2.583,N
BX22-058,95.00,96.00,0.741,0.494,3.8,2.651,N
BX22-058,96.00,97.00,0.184,0.226,0.5,2.618,N
BX22-058,97.00,98.00,0.020,0.094,0.5,2.563,N
BX22-058,98.00,100.00,0.029,0.010,0.5,2.635,N
BX22-058,100.00,101.00,0.286,0.088,0.5,2.593,N
BX22-058,101.00,102.50,0.041,0.037,0.5,2.674,N
BX22-058,102.50,103.50,0.305,0.010,6.2,2.644,N
BX22-058,103.50,105.00,0.020,0.010,1.5,2.629,N
BX22-058,105.00,107.00,0.020,0.106,0.5,2.620,N
BX22-058,107.00,108.00,0.020,0.010,0.5,2.638,N
BX22-058,108.00,109.00,0.430,0.169,0.5,2.685,N
BX22-058,109.00,110.00,0.020,0.010,0.5,2.635,N
BX22-058,110.00,111.50,0.020,0.036,1.5,2.617,N
BX22-058,111.50,113.50,0.112,0.010,0.5,2.590,N
BX22-058,113.50,114.50,0.352,0.100,1.3,2.629,N
BX22-058,114.50,115.50,0.102,0.026,2.3,2.628,N
BX22-058,115.50,116.50,0.113,0.146,1.8,2.647,N
BX22-058,116.50,118.00,0.020,0.010,4.6,2.670,N
BX22-058,118.00,120.00,0.020,0.010,3.0,2.685,N
BX22-058,120.00,121.00,0.020,0.010,0.5,2.622,N
BX22-058,121.00,122.00,0.291,0.072,4.1,2.633,N
BX22-058,122.00,124.00,0.755,0.405,1.3,2.708,N
BX22-058,124.00,125.50,0.020,0.010,0.5,2.623,N
BX22-058,125.50,126.50,0.118,0.074,5.2,2.631,N
BX22-058,126.50,128.50,0.065,0.114,0.5,2.612,N
BX22-058,128.50,129.50,0.700,0.087,3.7,2.698,N
BX22-058,129.50,131.50,0.020,0.110,0.5,2.628,N
BX22-058,131.50,133.50,0.020,0.010,1.3,2.576,N
BX22-058,133.50,134.50,0.020,0.031,0.5,2.636,N
BX22-058,134.50,135.50,0.149,0.010,3.0,2.624,N
BX22-058,135.50,137.00,0.020,0.136,1.2,2.587,N
BX22-058,137.00,138.00,0.020,0.017,2.0,2.683,N
BX22-058,138.00,139.00,0.131,0.010,2.0,2.592,N
BX22-058,139.00,140.00,0.165,0.180,1.5,2.643,N
BX22-058,140.00,141.50,0.020,0.010,0.9,2.658,N
BX22-058,141.50,142.50,0.032,0.055,2.2,2.575,N
BX22-058,142.50,144.00,0.142,0.133,2.8,2.632,N
BX22-058,144.00,145.50,0.020,0.010,2.8,2.632,N
BX22-058,145.50,146.50,0.020,0.010,0.5,2.678,N
BX22-058,146.50,147.50,0.372,0.010,6.3,2.622,Y
BX22-058,147.50,148.50,0.020,0.033,0.5,2.608,N
BX22-058,148.50,149.50,0.226,0.202,0.5,2.593,N
BX22-058,149.50,150.50,0.096,0.056,0.5,2.634,N
BX22-058,150.50,152.50,0.441,0.225,3.7,2.668,N
BX22-058,152.50,154.50,0.599,0.223,0.5,2.636,N
BX22-058,154.50,156.00,0.020,0.036,0.5,2.631,N
BX22-058,156.00,158.00,0.020,0.010,0.5,2.619,N
BX22-058,158.00,159.50,0.020,0.010,4.6,2.611,N
BX22-058,159.50,160.50,0.372,0.067,1.7,2.657,N
BX22-058,160.50,162.00,0.091,0.012,2.6,2.602,N
BX22-058,162.00,163.00,0.020,0.063,0.5,2.619,N
BX22-058,163.00,164.50,0.020,0.010,0.5,2.673,N
BX22-058,164.50,166.50,0.020,0.136,0.5,2.590,N
BX22-058,166.50,167.50,0.686,0.396,5.8,2.658,N
BX22-058,167.50,169.50,0.020,0.010,0.7,2.673,N
BX22-058,169.50,171.50,0.020,0.042,0.6,2.602,N
BX22-058,171.50,172.50,0.020,0.043,0.5,2.602,N
BX22-058,172.50,174.00,0.021,0.022,0.5,2.607,N
BX22-058,174.00,175.50,0.020,0.040,0.5,2.642,N
BX22-058,175.50,176.50,0.075,0.155,0.5,2.563,N
BX22-058,176.50,178.00,0.300,0.084,0.5,2.697,N
BX22-058,178.00,180.00,0.482,0.189,3.0,2.648,N
BX22-058,180.00,181.50,0.020,0.010,2.2,2.635,N
BX22-058,181.50,182.50,0.020,0.010,2.2,2.627,N
BX22-058,182.50,184.00,0.561,0.266,0.6,2.669,N
BX22-058,184.00,185.50,0.020,0.101,0.5,2.663,N
BX22-058,185.50,186.50,0.189,0.010,3.1,2.629,N
BX22-058,186.50,188.50,0.020,0.010,0.5,2.714,N
BX22-058,188.50,190.00,0.020,0.258,0.5,2.634,N
BX22-058,190.00,191.00,0.683,0.339,2.9,2.668,N
BX22-058,191.00,192.00,0.250,0.010,0.5,2.617,N
BX22-058,192.00,193.00,0.230,0.045,2.7,2.608,N
BX22-058,193.00,194.00,0.020,0.010,0.5,2.589,N
BX22-058,194.00,195.50,0.020,0.152,0.5,2.634,N
BX22-058,195.50,196.50,0.411,0.220,2.2,2.675,N
BX22-058,196.50,198.00,0.369,0.153,1.8,2.590,N
BX22-058,198.00,200.00,0.020,0.010,0.9,2.639,N
BX22-058,200.00,201.00,0.457,0.153,0.5,2.712,N
BX22-058,201.00,202.00,0.179,0.050,0.5,2.632,N
BX22-058,202.00,204.00,0.020,0.154,0.8,2.606,N
BX22-058,204.00,205.50,0.020,0.104,2.9,2.664,N
BX22-058,205.50,207.00,0.020,0.237,0.5,2.646,N
BX22-058,207.00,208.50,0.675,0.087,4.6,2.678,N
BX22-058,208.50,209.50,0.125,0.010,1.8,2.625,N
BX22-058,209.50,211.50,0.042,0.010,0.8,2.589,N
BX22-058,211.50,213.50,0.538,0.203,5.7,2.628,N
BX22-058,213.50,215.50,0.020,0.010,0.5,2.658,N
BX22-058,215.50,217.50,0.203,0.169,0.5,2.650,Y
BX22-058,217.50,218.50,0.989,0.431,2.9,2.687,N
BX22-058,218.50,220.50,0.117,0.010,0.5,2.592,N
BX22-058,220.50,221.50,0.028,0.175,0.5,2.682,N
BX22-058,221.50,222.50,0.020,0.123,1.0,2.578,N
BX22-058,222.50,223.50,0.358,0.121,2.5,2.683,N
BX22-058,223.50,224.50,0.089,0.081,0.5,2.642,N
BX22-058,224.50,226.00,0.128,0.041,0.5,2.598,N
BX22-058,226.00,228.00,0.097,0.010,3.2,2.604,Y
BX22-058,228.00,229.00,0.430,0.261,5.8,2.639,N
BX22-058,229.00,230.00,0.020,0.021,2.4,2.629,N
BX22-058,230.00,231.00,0.497,0.296,3.8,2.643,N
BX22-058,231.00,232.50,0.020,0.010,3.9,2.652,N
BX22-058,232.50,234.50,0.020,0.013,0.5,2.624,N
BX22-058,234.50,235.50,0.020,0.057,0.9,2.578,N
BX22-058,235.50,237.50,0.741,0.425,6.3,2.651,N
BX22-058,237.50,238.50,0.020,0.010,1.9,2.594,N
BX22-058,238.50,240.00,0.314,0.010,5.6,2.623,N
BX22-058,240.00,241.00,0.163,0.010,1.1,2.604,N
BX22-058,241.00,243.00,0.020,0.010,0.5,2.619,N
BX22-059,0.00,1.00,0.442,0.085,0.5,2.580,N
BX22-059,1.00,3.00,0.540,0.132,2.7,2.642,N
BX22-059,3.00,4.00,0.311,0.141,2.8,2.690,N
BX22-059,4.00,5.00,0.020,0.010,0.7,2.647,N
BX22-059,5.00,7.00,0.464,0.278,3.2,2.665,N
BX22-059,7.00,8.00,0.020,0.010,2.2,2.595,N
BX22-059,8.00,9.00,0.098,0.010,2.2,2.613,N
BX22-059,9.00,10.50,0.066,0.092,0.5,2.649,N
BX22-059,10.50,12.00,0.020,0.178,0.7,2.634,N
BX22-059,12.00,14.00,0.020,0.036,0.5,2.617,N
BX22-059,14.00,15.00,0.268,0.288,0.7,2.624,N
BX22-059,15.00,16.00,0.840,0.335,3.9,2.672,N
BX22-059,16.00,17.00,0.268,0.105,3.8,2.637,N
BX22-059,17.00,18.00,0.020,0.010,1.8,2.603,N
BX22-059,18.00,20.00,0.020,0.010,0.5,2.626,N
BX22-059,20.00,21.50,0.020,0.056,0.5,2.609,N
BX22-059,21.50,23.50,0.530,0.229,2.8,2.662,N
BX22-059,23.50,25.00,0.020,0.035,0.5,2.647,N
BX22-059,25.00,26.00,0.142,0.010,0.5,2.663,N
BX22-059,26.00,27.00,0.058,0.035,2.8,2.628,N
BX22-059,27.00,29.00,0.235,0.110,1.4,2.636,N
BX22-059,29.00,30.50,0.020,0.010,0.5,2.636,N
BX22-059,30.50,31.50,0.726,0.391,1.9,2.677,N
BX22-059,31.50,33.00,0.020,0.040,0.9,2.659,N
BX22-059,33.00,34.00,0.294,0.173,0.5,2.610,N
BX22-059,34.00,35.50,0.020,0.010,0.5,2.623,N
BX22-059,35.50,36.50,0.020,0.088,0.5,2.601,N
BX22-059,36.50,38.50,0.147,0.010,1.6,2.603,N
BX22-059,38.50,40.00,0.020,0.074,0.8,2.672,N
BX22-059,40.00,41.00,0.101,0.010,2.4,2.594,N
BX22-059,41.00,42.00,0.620,0.259,4.0,2.652,N
BX22-059,42.00,43.50,0.020,0.093,0.5,2.615,N
BX22-059,43.50,44.50,0.020,0.114,0.5,2.594,N
BX22-059,44.50,46.00,0.525,0.115,3.7,2.671,N
BX22-059,46.00,47.00,0.020,0.010,0.5,2.638,N
BX22-059,47.00,48.50,0.080,0.133,0.5,2.624,N
BX22-059,48.50,49.50,0.020,0.065,1.7,2.611,N
BX22-059,49.50,50.50,0.063,0.125,0.5,2.617,N
BX22-059,50.50,52.00,0.313,0.033,0.9,2.647,N
BX22-059,52.00,53.00,0.020,0.010,0.5,2.604,N
BX22-059,53.00,54.00,0.502,0.164,3.0,2.674,N
BX22-059,54.00,55.00,0.020,0.010,1.8,2.634,N
BX22-059,55.00,56.00,0.020,0.109,0.5,2.590,N
BX22-059,56.00,57.00,0.120,0.108,1.8,2.666,N
BX22-059,57.00,58.00,0.020,0.010,0.5,2.663,Y
BX22-059,58.00,60.00,0.332,0.198,4.5,2.653,N
BX22-059,60.00,61.00,0.020,0.023,0.5,2.655,N
BX22-059,61.00,62.00,0.020,0.010,0.5,2.597,N
BX22-059,62.00,63.50,0.166,0.179,0.5,2.669,N
BX22-059,63.50,64.50,0.020,0.010,0.5,2.633,N
BX22-059,64.50,65.50,0.223,0.085,1.9,2.626,N
BX22-059,65.50,67.00,0.228,0.010,2.0,2.610,N
BX22-059,67.00,68.50,0.277,0.010,5.2,2.630,N
BX22-059,68.50,70.00,0.020,0.110,0.5,2.630,N
BX22-059,70.00,71.50,0.116,0.057,1.2,2.667,N
BX22-059,71.50,72.50,0.114,0.231,2.7,2.581,N
BX22-059,72.50,73.50,0.253,0.010,0.5,2.615,N
BX22-059,73.50,74.50,0.020,0.010,1.7,2.643,N
BX22-059,74.50,75.50,0.020,0.010,0.5,2.641,N
BX22-059,75.50,76.50,0.032,0.034,2.2,2.638,N
BX22-059,76.50,78.50,0.020,0.083,1.0,2.601,N
BX22-059,78.50,79.50,0.594,0.198,6.0,2.661,N
BX22-059,79.50,80.50,0.039,0.105,0.5,2.659,N
BX22-059,80.50,81.50,0.368,0.010,2.9,2.607,N
BX22-059,81.50,83.50,0.178,0.010,1.9,2.609,Y
BX22-059,83.50,85.00,0.020,0.070,0.5,2.681,N
BX22-059,85.00,86.00,0.020,0.010,0.5,2.561,N
BX22-059,86.00,87.50,0.029,0.053,0.5,2.628,N
BX22-059,87.50,89.50,0.212,0.010,5.2,2.638,N
BX22-059,89.50,90.50,0.020,0.059,0.5,2.698,N
BX22-059,90.50,92.50,0.020,0.200,0.5,2.635,N
BX22-059,92.50,93.50,0.020,0.051,1.4,2.608,Y
BX22-059,93.50,94.50,0.020,0.010,0.6,2.588,N
BX22-059,94.50,96.50,0.128,0.010,3.2,2.644,N
BX22-059,96.50,97.50,0.212,0.149,0.5,2.622,N
BX22-059,97.50,98.50,0.039,0.019,0.5,2.609,N
BX22-059,98.50,99.50,0.316,0.154,0.5,2.700,N
BX22-059,99.50,100.50,0.119,0.010,2.0,2.631,N
BX22-059,100.50,102.50,0.142,0.164,1.3,2.584,N
BX22-059,102.50,103.50,0.020,0.129,0.5,2.616,N
BX22-059,103.50,105.50,0.757,0.233,3.1,2.683,N
BX22-059,105.50,106.50,0.020,0.040,0.5,2.623,N
BX22-059,106.50,108.00,0.020,0.051,2.5,2.572,N
BX22-059,108.00,110.00,0.116,0.138,2.7,2.585,N
BX22-059,110.00,111.50,0.109,0.058,2.2,2.586,N
BX22-059,111.50,112.50,0.020,0.255,0.5,2.653,N
BX22-059,112.50,113.50,0.659,0.441,5.5,2.626,N
BX22-059,113.50,115.00,0.020,0.064,3.1,2.596,N
BX22-059,115.00,116.50,0.023,0.010,0.5,2.644,N
BX22-059,116.50,117.50,0.020,0.010,0.5,2.604,N
BX22-059,117.50,118.50,0.020,0.011,0.5,2.615,N
BX22-059,118.50,119.50,0.020,0.010,0.5,2.639,N
BX22-059,119.50,120.50,0.020,0.138,0.5,2.618,N
BX22-059,120.50,122.00,0.020,0.010,1.0,2.615,N
BX22-059,122.00,124.00,0.405,0.302,1.0,2.641,N
BX22-059,124.00,125.50,0.135,0.076,0.7,2.633,N
BX22-059,125.50,127.00,0.020,0.010,1.5,2.621,N
BX22-059,127.00,129.00,0.286,0.144,0.5,2.651,N
BX22-059,129.00,130.00,0.020,0.010,0.5,2.660,N
BX22-059,130.00,131.00,0.228,0.124,1.4,2.609,N
BX22-059,131.00,132.00,0.204,0.010,6.1,2.604,N
BX22-059,132.00,133.00,0.020,0.010,0.5,2.611,N
BX22-059,133.00,134.00,0.020,0.010,0.5,2.571,N
BX22-059,134.00,135.50,0.020,0.141,0.5,2.646,N
BX22-059,135.50,137.50,0.860,0.220,6.1,2.631,N
BX22-059,137.50,138.50,0.020,0.043,0.5,2.595,N
BX22-059,138.50,139.50,0.167,0.010,0.5,2.625,N
BX22-059,139.50,141.50,0.416,0.242,0.5,2.629,N
BX22-059,141.50,142.50,0.020,0.010,0.5,2.609,N
BX22-059,142.50,144.50,0.020,0.010,0.5,2.612,N
BX22-059,144.50,146.00,0.020,0.145,0.5,2.601,N
BX22-059,146.00,147.00,0.020,0.088,0.6,2.586,N
BX22-059,147.00,149.00,0.362,0.271,3.7,2.629,N
BX22-059,149.00,150.00,0.364,0.138,1.2,2.661,N
BX22-059,150.00,151.50,0.258,0.111,2.0,2.605,N
BX22-059,151.50,152.50,0.020,0.088,0.5,2.603,N
BX22-059,152.50,154.50,0.712,0.225,5.5,2.644,N
BX22-059,154.50,155.50,0.232,0.140,1.9,2.625,N
BX22-059,155.50,157.00,0.020,0.010,0.5,2.618,N
BX22-059,157.00,158.50,0.147,0.031,0.7,2.652,N
BX22-059,158.50,159.50,0.118,0.011,0.5,2.677,N
BX22-059,159.50,161.50,0.034,0.010,0.9,2.575,N
BX22-059,161.50,162.50,0.450,0.204,0.5,2.577,N
BX22-059,162.50,164.50,0.020,0.010,0.5,2.615,N
BX22-059,164.50,165.50,0.020,0.088,0.5,2.602,N
BX22-059,165.50,166.50,0.321,0.184,1.2,2.601,N
BX22-059,166.50,168.00,0.191,0.092,0.5,2.657,N
BX22-059,168.00,169.00,0.279,0.271,3.7,2.592,N
BX22-059,169.00,170.00,0.062,0.169,0.5,2.625,Y
BX22-059,170.00,171.50,0.020,0.189,0.5,2.595,N
BX22-059,171.50,173.00,0.637,0.130,2.4,2.669,N
BX22-059,173.00,174.50,0.020,0.010,3.1,2.603,N
BX22-059,174.50,175.50,0.020,0.225,0.5,2.697,N
BX22-059,175.50,177.00,0.392,0.117,1.9,2.601,N
BX22-059,177.00,178.50,0.131,0.010,1.6,2.668,N
BX22-059,178.50,180.00,0.268,0.010,5.4,2.638,N
BX22-059,180.00,182.00,0.117,0.185,1.1,2.586,N
BX22-059,182.00,183.00,0.020,0.010,0.5,2.632,N
BX22-059,183.00,184.00,0.126,0.086,1.1,2.662,N
BX22-059,184.00,185.00,0.020,0.010,0.5,2.587,N
BX22-059,185.00,186.00,0.020,0.082,1.1,2.638,N
BX22-059,186.00,187.00,0.069,0.010,1.9,2.627,N
BX22-059,187.00,188.00,0.020,0.010,0.5,2.648,N
BX22-059,188.00,190.00,0.020,0.010,2.7,2.624,N
BX22-059,190.00,191.50,0.443,0.424,5.9,2.667,N
BX22-059,191.50,193.00,0.542,0.327,3.5,2.611,N
BX22-059,193.00,195.00,0.020,0.010,0.9,2.632,Y
BX22-059,195.00,197.00,0.020,0.010,0.5,2.603,Y
BX22-059,197.00,198.00,0.030,0.078,0.5,2.604,N
BX22-059,198.00,199.00,0.210,0.133,2.5,2.620,N
BX22-059,199.00,200.00,0.121,0.010,5.2,2.646,N
BX22-059,200.00,201.00,0.966,0.319,3.4,2.689,N
BX22-059,201.00,202.00,1.042,0.381,4.0,2.669,N
BX22-059,202.00,203.00,0.902,0.323,7.4,2.657,N
BX22-059,203.00,204.00,0.020,0.010,0.5,2.597,N
BX22-059,204.00,205.00,0.020,0.010,0.5,2.644,N
BX22-059,205.00,206.00,0.071,0.010,1.8,2.680,N
BX22-059,206.00,207.00,0.020,0.029,0.5,2.618,N
BX22-059,207.00,208.50,0.020,0.050,0.5,2.656,N
BX22-059,208.50,209.50,0.072,0.044,1.5,2.595,N
BX22-059,209.50,210.50,0.501,0.188,5.3,2.675,N
BX22-059,210.50,211.50,0.458,0.352,0.5,2.657,N
BX22-059,211.50,213.50,0.020,0.023,0.5,2.628,N
BX22-059,213.50,214.50,0.020,0.133,1.2,2.689,N
BX22-059,214.50,215.50,0.279,0.071,3.2,2.678,N
BX22-059,215.50,216.50,0.020,0.014,0.8,2.632,N
BX22-059,216.50,217.50,0.579,0.058,2.4,2.619,N
BX22-059,217.50,218.50,0.020,0.010,0.5,2.627,N
BX22-059,218.50,219.50,0.020,0.010,0.5,2.618,N
BX22-059,219.50,221.50,0.390,0.252,3.0,2.646,N
BX22-059,221.50,223.00,0.285,0.135,4.2,2.641,N
BX22-059,223.00,224.00,0.020,0.175,0.5,2.619,N
BX22-059,224.00,225.00,0.020,0.055,0.5,2.625,N
BX22-059,225.00,226.50,0.066,0.016,0.5,2.636,N
BX22-059,226.50,228.00,0.513,0.083,4.8,2.642,N
BX22-059,228.00,229.00,0.128,0.050,0.5,2.684,N
BX22-059,229.00,230.00,0.426,0.183,4.9,2.670,N
BX22-059,230.00,231.00,0.158,0.035,3.5,2.604,Y
BX22-059,231.00,232.00,0.340,0.131,1.4,2.725,N
BX22-059,232.00,233.50,0.887,0.167,4.5,2.670,N
BX22-059,233.50,234.50,0.020,0.026,0.5,2.608,N
BX22-059,234.50,236.50,0.020,0.010,0.6,2.622,N
BX22-059,236.50,237.50,0.246,0.063,0.8,2.620,N
BX22-059,237.50,238.50,0.070,0.010,0.5,2.630,N
BX22-059,238.50,239.50,0.243,0.111,2.6,2.643,N
BX22-059,239.50,240.50,0.930,0.442,7.9,2.707,N
BX22-059,240.50,241.50,0.518,0.231,1.6,2.667,N
BX22-059,241.50,243.00,0.020,0.053,0.5,2.580,N
BX22-059,243.00,245.00,0.280,0.120,0.5,2.618,N
BX22-059,245.00,246.50,0.374,0.010,0.7,2.676,N
BX22-059,246.50,248.50,0.020,0.010,0.5,2.604,N
BX22-059,248.50,249.50,0.085,0.015,0.9,2.629,N
BX22-059,249.50,250.50,0.020,0.010,0.5,2.628,N
BX22-059,250.50,251.50,0.020,0.010,1.7,2.661,N
BX22-059,251.50,253.50,0.112,0.065,0.8,2.584,N
BX22-059,253.50,254.50,0.020,0.010,4.1,2.592,N
BX22-059,254.50,256.50,0.020,0.010,0.5,2.598,N
BX22-059,256.50,257.50,0.020,0.010,0.5,2.622,N
BX22-059,257.50,259.50,0.375,0.091,0.5,2.645,N
BX22-059,259.50,260.50,0.588,0.348,6.0,2.626,N
BX22-059,260.50,262.50,0.020,0.010,0.7,2.597,N
BX22-059,262.50,263.50,0.222,0.010,0.5,2.672,N
BX22-059,263.50,264.50,0.741,0.293,11.5,2.680,N
BX22-059,264.50,265.50,0.020,0.010,2.5,2.598,N
BX22-059,265.50,267.00,0.067,0.041,0.5,2.594,N
BX22-059,267.00,268.00,0.020,0.010,0.5,2.570,N
BX22-059,268.00,270.00,0.285,0.216,2.2,2.655,N
BX22-059,270.00,272.00,0.020,0.010,0.5,2.629,N
BX22-059,272.00,273.00,0.020,0.248,0.5,2.626,N
BX22-059,273.00,275.00,0.020,0.010,2.7,2.612,N
BX22-059,275.00,276.50,0.020,0.020,0.5,2.584,N
BX22-059,276.50,278.00,0.459,0.189,4.2,2.644,N
BX22-059,278.00,279.00,0.361,0.399,3.4,2.645,N
BX22-059,279.00,280.00,0.020,0.010,0.6,2.609,N
BX22-059,280.00,281.00,0.236,0.110,2.2,2.635,N
BX22-059,281.00,282.00,0.263,0.246,3.9,2.687,N
BX22-059,282.00,283.00,0.654,0.294,5.8,2.715,N
BX22-059,283.00,284.00,0.092,0.131,2.0,2.625,N
BX22-059,284.00,285.00,0.020,0.034,0.6,2.648,N
BX22-059,285.00,286.00,0.020,0.118,0.7,2.606,N
BX22-059,286.00,288.00,0.020,0.010,4.9,2.638,N
BX22-059,288.00,289.50,0.660,0.110,4.7,2.652,N
BX22-059,289.50,290.50,0.213,0.036,0.5,2.620,N
BX22-059,290.50,292.50,0.020,0.010,0.5,2.611,N
BX22-059,292.50,293.50,0.618,0.246,4.4,2.661,N
BX22-059,293.50,294.50,0.020,0.010,1.7,2.645,N
BX22-059,294.50,295.00,0.020,0.122,0.8,2.605,N
BX22-060,0.00,1.00,0.264,0.010,0.5,2.585,N
BX22-060,1.00,2.00,0.020,0.136,4.0,2.629,N
BX22-060,2.00,4.00,0.678,0.212,0.5,2.664,N
BX22-060,4.00,5.00,0.342,0.168,7.7,2.632,N
BX22-060,5.00,7.00,0.283,0.111,4.7,2.591,N
BX22-060,7.00,8.00,0.020,0.010,0.5,2.638,N
BX22-060,8.00,10.00,0.020,0.083,0.5,2.583,N
BX22-060,10.00,11.00,0.707,0.202,4.9,2.642,N
BX22-060,11.00,12.00,0.020,0.084,1.0,2.596,N
BX22-060,12.00,13.50,0.065,0.083,0.5,2.597,N
BX22-060,13.50,14.50,0.020,0.010,0.5,2.692,N
BX22-060,14.50,15.50,0.433,0.137,0.6,2.648,N
BX22-060,15.50,16.50,0.020,0.010,0.5,2.680,N
BX22-060,16.50,17.50,0.020,0.097,3.1,2.618,N
BX22-060,17.50,18.50,0.020,0.010,1.3,2.620,N
BX22-060,18.50,20.50,0.020,0.042,0.5,2.644,N
BX22-060,20.50,21.50,0.141,0.027,4.7,2.618,N
BX22-060,21.50,23.50,0.020,0.010,0.5,2.652,N
BX22-060,23.50,25.00,0.020,0.010,1.3,2.670,N
BX22-060,25.00,26.50,0.020,0.023,0.5,2.598,N
BX22-060,26.50,27.50,0.038,0.155,0.5,2.598,N
BX22-060,27.50,29.00,0.020,0.010,0.5,2.606,N
BX22-060,29.00,30.00,0.020,0.010,1.5,2.633,N
BX22-060,30.00,32.00,0.020,0.019,0.5,2.643,N
BX22-060,32.00,34.00,0.020,0.010,0.8,2.649,N
BX22-060,34.00,36.00,0.054,0.038,2.0,2.615,N
BX22-060,36.00,37.00,0.020,0.010,0.5,2.586,N
BX22-060,37.00,38.00,0.108,0.010,0.5,2.646,N
BX22-060,38.00,39.00,0.020,0.106,2.2,2.615,N
BX22-060,39.00,40.00,0.020,0.209,0.5,2.568,N
BX22-060,40.00,41.00,0.020,0.069,0.5,2.594,N
BX22-060,41.00,42.00,0.020,0.010,0.5,2.597,N
BX22-060,42.00,43.00,0.020,0.010,0.9,2.596,N
BX22-060,43.00,44.50,0.188,0.010,0.5,2.628,N
BX22-060,44.50,45.50,0.020,0.010,0.5,2.687,N
BX22-060,45.50,47.50,0.479,0.031,6.1,2.638,N
BX22-060,47.50,48.50,0.020,0.047,3.8,2.645,N
BX22-060,48.50,50.00,0.020,0.010,1.2,2.645,N
BX22-060,50.00,52.00,0.020,0.112,1.5,2.636,N
BX22-060,52.00,53.00,0.034,0.010,1.1,2.545,N
BX22-060,53.00,54.50,0.020,0.010,0.5,2.552,N
BX22-060,54.50,55.50,0.020,0.010,3.6,2.583,N
BX22-060,55.50,56.50,0.165,0.205,0.5,2.671,N
BX22-060,56.50,57.50,0.020,0.050,0.7,2.623,N
BX22-060,57.50,59.00,0.415,0.091,4.9,2.651,N
BX22-060,59.00,60.00,0.020,0.010,0.5,2.564,N
BX22-060,60.00,61.50,0.324,0.010,3.1,2.650,N
BX22-060,61.50,63.50,0.020,0.083,1.6,2.590,N
BX22-060,63.50,64.50,0.034,0.010,2.6,2.669,N
BX22-060,64.50,66.50,0.291,0.153,1.3,2.642,N
BX22-060,66.50,68.00,0.020,0.010,1.2,2.626,N
BX22-060,68.00,69.00,0.141,0.010,0.5,2.669,N
BX22-060,69.00,70.00,0.438,0.246,2.5,2.677,N
BX22-060,70.00,71.00,0.027,0.010,0.5,2.639,N
BX22-060,71.00,72.00,0.020,0.010,1.4,2.609,N
BX22-060,72.00,74.00,0.163,0.101,1.0,2.616,N
BX22-060,74.00,76.00,0.670,0.285,4.8,2.595,N
BX22-060,76.00,77.00,0.237,0.194,0.6,2.682,N
BX22-060,77.00,78.00,0.245,0.072,0.5,2.631,N
BX22-060,78.00,79.00,0.158,0.045,0.5,2.642,N
BX22-060,79.00,80.00,0.406,0.177,0.5,2.691,N
BX22-060,80.00,81.50,0.020,0.010,0.5,2.572,N
BX22-060,81.50,83.00,0.020,0.075,1.8,2.621,N
BX22-060,83.00,85.00,0.020,0.010,2.3,2.650,N
BX22-060,85.00,86.00,0.038,0.146,0.5,2.604,N
BX22-060,86.00,87.50,0.020,0.056,3.4,2.597,N
BX22-060,87.50,88.50,0.354,0.010,4.5,2.651,N
BX22-060,88.50,89.50,0.351,0.046,0.5,2.669,N
BX22-060,89.50,91.00,0.020,0.139,0.5,2.613,N
BX22-060,91.00,92.50,0.020,0.109,0.5,2.605,N
BX22-060,92.50,93.50,0.020,0.151,0.5,2.603,N
BX22-060,93.50,95.50,0.192,0.022,0.8,2.620,N
BX22-060,95.50,97.00,0.020,0.010,0.5,2.681,N
BX22-060,97.00,98.00,0.020,0.039,0.5,2.679,N
BX22-060,98.00,100.00,0.020,0.150,1.8,2.589,N
BX22-060,100.00,102.00,0.020,0.054,0.5,2.638,N
BX22-060,102.00,103.00,0.120,0.226,1.0,2.700,N
BX22-060,103.00,104.00,0.327,0.087,1.1,2.632,N
BX22-060,104.00,106.00,0.020,0.043,0.5,2.639,N
BX22-060,106.00,107.00,0.136,0.010,0.5,2.656,N
BX22-060,107.00,108.00,0.643,0.191,0.5,2.655,N
BX22-060,108.00,109.00,0.043,0.128,0.5,2.601,N
BX22-060,109.00,110.50,0.020,0.010,0.5,2.644,N
BX22-060,110.50,111.50,0.500,0.218,2.2,2.608,N
BX22-060,111.50,113.00,0.020,0.047,2.9,2.625,N
BX22-060,113.00,114.00,0.020,0.072,2.4,2.656,N
BX22-060,114.00,115.50,0.020,0.108,0.5,2.609,N
BX22-060,115.50,117.50,0.020,0.083,0.5,2.631,N
BX22-060,117.50,119.00,0.386,0.128,3.7,2.650,N
BX22-060,119.00,120.00,0.315,0.010,3.3,2.659,N
BX22-060,120.00,121.00,0.020,0.083,0.5,2.608,N
BX22-060,121.00,122.50,0.181,0.169,0.5,2.619,N
BX22-060,122.50,124.00,0.020,0.048,1.1,2.669,N
BX22-060,124.00,125.00,0.258,0.138,0.5,2.598,N
BX22-060,125.00,126.00,0.020,0.106,0.5,2.611,N
