HoleID,From_m,To_m,Zn_pct,Pb_pct,Ag_ppm,BD_tonnes_m3,LowRecovery_<=85pct
BX20-001,0.00,1.00,0.993,0.452,7.3,2.637,N
BX20-001,1.00,2.00,0.742,0.373,6.6,2.700,N
BX20-001,2.00,3.00,0.773,0.254,10.4,2.634,N
BX20-001,3.00,4.00,0.375,0.183,3.9,2.611,N
BX20-001,4.00,6.00,1.049,0.431,3.7,2.697,N
BX20-001,6.00,8.00,1.074,0.312,5.9,2.705,N
BX20-001,8.00,9.00,0.910,0.458,3.9,2.667,N
BX20-001,9.00,10.00,0.305,0.010,0.5,2.618,Y
BX20-001,10.00,11.00,0.723,0.302,3.0,2.662,N
BX20-001,11.00,12.00,0.841,0.467,2.1,2.678,N
BX20-001,12.00,14.00,0.682,0.187,4.9,2.634,N
BX20-001,14.00,15.50,0.020,0.095,0.5,2.624,N
BX20-001,15.50,17.00,0.381,0.240,3.7,2.637,N
BX20-001,17.00,18.00,0.709,0.471,3.6,2.694,N
BX20-001,18.00,20.00,1.197,0.452,7.9,2.659,N
BX20-001,20.00,22.00,0.020,0.058,0.5,2.565,N
BX20-001,22.00,23.50,0.619,0.130,5.3,2.667,N
BX20-001,23.50,24.50,0.324,0.150,0.5,2.644,N
BX20-001,24.50,26.00,0.340,0.010,4.6,2.711,N
BX20-001,26.00,27.50,0.656,0.282,6.6,2.697,N
BX20-001,27.50,29.50,0.020,0.010,0.9,2.634,N
BX20-001,29.50,31.50,0.527,0.059,4.6,2.641,N
BX20-001,31.50,33.50,1.049,0.388,7.7,2.635,N
BX20-001,33.50,35.00,0.609,0.057,3.7,2.664,N
BX20-001,35.00,36.50,0.594,0.321,3.6,2.630,N
BX20-001,36.50,38.50,0.528,0.010,1.1,2.639,N
BX20-001,38.50,39.50,1.160,0.419,6.6,2.669,N
BX20-001,39.50,40.50,0.355,0.207,0.5,2.682,N
BX20-001,40.50,42.50,0.338,0.094,0.5,2.630,Y
BX20-001,42.50,43.50,0.020,0.084,0.5,2.617,N
BX20-001,43.50,44.50,0.020,0.010,0.5,2.691,Y
BX20-001,44.50,45.50,0.738,0.489,4.5,2.668,N
BX20-001,45.50,47.50,0.020,0.010,0.5,2.590,N
BX20-001,47.50,49.50,0.815,0.047,1.6,2.636,N
BX20-001,49.50,51.00,0.523,0.120,1.1,2.652,N
BX20-001,51.00,52.00,0.020,0.064,0.5,2.588,N
BX20-001,52.00,53.00,0.020,0.010,1.9,2.587,N
BX20-001,53.00,54.00,0.403,0.186,2.7,2.661,N
BX20-001,54.00,55.00,0.440,0.321,1.9,2.592,N
BX20-001,55.00,56.00,0.020,0.087,1.3,2.593,N
BX20-001,56.00,57.50,0.020,0.022,2.0,2.596,N
BX20-001,57.50,59.50,0.020,0.120,0.5,2.585,N
BX20-001,59.50,60.50,0.020,0.010,0.5,2.587,N
BX20-001,60.50,62.00,0.020,0.010,0.5,2.587,N
BX20-001,62.00,64.00,0.020,0.010,0.5,2.587,N
BX20-001,64.00,65.00,0.020,0.038,0.8,2.693,N
BX20-001,65.00,66.00,0.229,0.112,0.5,2.651,N
BX20-001,66.00,68.00,0.338,0.135,2.8,2.570,N
BX20-001,68.00,69.00,0.020,0.010,0.5,2.585,N
BX20-001,69.00,70.50,0.064,0.010,0.5,2.623,N
BX20-001,70.50,71.50,0.261,0.089,1.3,2.690,N
BX20-001,71.50,72.50,0.020,0.010,3.0,2.620,N
BX20-001,72.50,74.00,0.583,0.354,6.4,2.695,N
BX20-001,74.00,75.50,0.210,0.010,0.5,2.616,N
BX20-001,75.50,77.50,0.515,0.115,5.6,2.727,N
BX20-001,77.50,78.50,0.020,0.010,1.1,2.623,N
BX20-001,78.50,80.00,0.825,0.294,1.1,2.666,N
BX20-001,80.00,81.00,0.020,0.010,2.9,2.648,N
BX20-001,81.00,83.00,0.020,0.010,0.5,2.595,N
BX20-001,83.00,84.00,0.020,0.010,0.5,2.628,N
BX20-001,84.00,85.00,0.020,0.068,0.5,2.603,N
BX20-001,85.00,87.00,0.199,0.073,0.7,2.609,N
BX20-001,87.00,88.50,0.020,0.010,2.5,2.608,N
BX20-001,88.50,90.50,0.020,0.010,0.5,2.639,N
BX20-001,90.50,91.50,0.020,0.019,0.5,2.576,N
BX20-001,91.50,92.50,0.020,0.010,1.0,2.617,N
BX20-001,92.50,94.50,0.314,0.043,5.4,2.583,N
BX20-001,94.50,96.00,0.545,0.103,4.8,2.650,N
BX20-001,96.00,98.00,0.020,0.015,0.5,2.634,N
BX20-001,98.00,99.50,0.184,0.214,0.5,2.626,N
BX20-001,99.50,101.00,0.020,0.046,0.5,2.649,N
BX20-001,101.00,102.50,0.225,0.089,0.5,2.642,N
BX20-001,102.50,104.00,0.020,0.010,0.5,2.635,N
BX20-001,104.00,105.50,0.020,0.010,1.4,2.611,N
BX20-001,105.50,106.50,0.020,0.010,1.4,2.620,N
BX20-001,106.50,108.50,0.020,0.096,0.5,2.606,N
BX20-001,108.50,110.00,0.020,0.010,0.5,2.614,N
BX20-001,110.00,111.00,0.020,0.035,0.5,2.576,N
BX20-001,111.00,112.00,0.295,0.148,2.0,2.649,N
BX20-001,112.00,113.50,0.020,0.010,4.5,2.609,N
BX20-001,113.50,115.00,0.444,0.183,2.9,2.625,N
BX20-001,115.00,116.00,0.020,0.010,0.5,2.583,N
BX20-001,116.00,117.00,0.020,0.102,0.5,2.615,N
BX20-001,117.00,118.00,0.516,0.101,4.0,2.659,N
BX20-001,118.00,119.00,0.148,0.126,1.7,2.605,N
BX20-001,119.00,120.50,0.020,0.090,1.1,2.668,N
BX20-001,120.50,122.50,0.020,0.046,0.5,2.670,N
BX20-001,122.50,124.50,0.178,0.141,0.6,2.677,N
BX20-001,124.50,126.50,0.020,0.130,0.9,2.616,N
BX20-001,126.50,127.50,0.066,0.145,0.5,2.625,N
BX20-001,127.50,128.50,0.020,0.053,0.5,2.610,N
BX20-001,128.50,129.50,0.339,0.270,2.5,2.660,N
BX20-001,129.50,131.00,0.020,0.010,0.5,2.626,N
BX20-001,131.00,133.00,0.087,0.091,0.5,2.638,N
BX20-001,133.00,135.00,0.342,0.207,6.7,2.709,N
BX20-001,135.00,137.00,0.333,0.132,2.1,2.632,N
BX20-001,137.00,138.00,0.565,0.154,2.8,2.643,N
BX20-001,138.00,139.00,0.680,0.216,5.0,2.658,N
BX20-001,139.00,140.50,0.020,0.010,0.5,2.688,N
BX20-001,140.50,141.50,0.259,0.370,0.5,2.670,N
BX20-001,141.50,143.50,0.020,0.015,0.5,2.633,N
BX20-001,143.50,145.00,0.020,0.010,0.5,2.687,N
BX20-001,145.00,146.50,0.020,0.010,0.5,2.616,N
BX20-001,146.50,148.00,0.859,0.382,5.2,2.703,N
BX20-001,148.00,149.00,0.020,0.101,1.5,2.569,N
BX20-001,149.00,151.00,0.056,0.017,1.2,2.612,N
BX20-001,151.00,152.50,0.020,0.050,0.5,2.589,N
BX20-001,152.50,154.00,0.020,0.010,1.4,2.641,N
BX20-001,154.00,156.00,0.020,0.119,3.5,2.611,N
BX20-001,156.00,157.00,0.020,0.189,0.5,2.667,N
BX20-001,157.00,158.50,0.020,0.010,1.5,2.616,N
BX20-001,158.50,160.00,0.440,0.041,2.5,2.663,N
BX20-001,160.00,161.50,0.020,0.106,2.1,2.581,N
BX20-001,161.50,162.50,0.020,0.010,0.5,2.634,N
BX20-001,162.50,163.50,0.052,0.148,0.5,2.625,N
BX20-001,163.50,164.50,0.020,0.092,0.5,2.602,N
BX20-001,164.50,166.00,0.020,0.010,0.5,2.616,N
BX20-001,166.00,168.00,0.613,0.317,0.9,2.641,N
BX20-001,168.00,170.00,0.020,0.010,1.2,2.624,N
BX20-001,170.00,171.00,0.020,0.017,0.5,2.596,N
BX20-001,171.00,173.00,0.331,0.093,4.5,2.622,N
BX20-001,173.00,174.50,0.020,0.089,0.9,2.626,N
BX20-001,174.50,176.50,0.020,0.094,0.5,2.613,N
BX20-001,176.50,178.50,0.584,0.293,0.5,2.736,N
BX20-001,178.50,179.50,0.020,0.010,2.5,2.626,N
BX20-001,179.50,180.50,0.020,0.010,0.5,2.624,N
BX20-001,180.50,182.50,0.020,0.080,0.5,2.610,N
BX20-001,182.50,184.50,0.644,0.322,4.5,2.631,N
BX20-001,184.50,186.00,0.020,0.010,0.5,2.650,N
BX20-001,186.00,187.50,0.020,0.025,2.0,2.666,N
BX20-001,187.50,189.00,0.020,0.010,0.5,2.618,N
BX20-001,189.00,190.00,0.020,0.043,1.5,2.608,N
BX20-001,190.00,191.50,0.082,0.071,0.5,2.607,N
BX20-001,191.50,192.50,0.151,0.216,0.5,2.546,N
BX20-001,192.50,193.50,0.020,0.010,0.5,2.640,N
BX20-001,193.50,194.50,0.020,0.099,0.5,2.650,N
BX20-001,194.50,195.50,0.297,0.170,3.0,2.643,N
BX20-001,195.50,197.00,0.020,0.010,2.5,2.565,N
BX20-001,197.00,198.50,0.020,0.017,0.5,2.620,N
BX20-001,198.50,200.00,0.386,0.164,4.9,2.657,N
BX20-001,200.00,201.00,0.020,0.010,0.9,2.619,N
BX20-001,201.00,202.00,0.020,0.010,1.7,2.603,N
BX20-001,202.00,203.00,0.020,0.132,0.5,2.588,N
BX20-001,203.00,205.00,0.020,0.010,0.5,2.625,N
BX20-001,205.00,206.00,0.020,0.143,1.2,2.600,N
BX20-001,206.00,207.50,0.020,0.068,0.5,2.617,N
BX20-001,207.50,208.50,0.053,0.010,0.5,2.683,N
BX20-001,208.50,210.50,0.232,0.092,2.9,2.594,N
BX20-001,210.50,211.50,0.335,0.314,1.7,2.630,N
BX20-001,211.50,212.50,0.263,0.145,1.1,2.644,N
BX20-001,212.50,213.50,0.024,0.046,0.6,2.681,N
BX20-001,213.50,214.50,0.082,0.010,0.5,2.641,N
BX20-001,214.50,216.50,0.071,0.010,0.5,2.652,N
BX20-001,216.50,217.50,0.607,0.185,2.8,2.599,N
BX20-001,217.50,219.50,0.020,0.076,2.3,2.641,N
BX20-001,219.50,221.50,0.020,0.010,0.5,2.667,N
BX20-001,221.50,223.50,0.020,0.010,0.5,2.615,N
BX20-001,223.50,224.50,0.020,0.299,0.5,2.577,N
BX20-001,224.50,225.50,0.082,0.126,0.5,2.655,N
BX20-001,225.50,227.00,0.020,0.010,1.1,2.644,N
BX20-001,227.00,228.00,0.071,0.106,0.5,2.644,N
BX20-001,228.00,229.50,0.821,0.392,6.8,2.608,N
BX20-001,229.50,231.50,0.020,0.064,0.5,2.645,N
BX20-001,231.50,233.50,0.020,0.010,0.5,2.674,N
BX20-001,233.50,234.50,0.020,0.010,0.5,2.605,N
BX20-001,234.50,235.50,0.347,0.028,0.5,2.623,N
BX20-001,235.50,236.50,0.081,0.051,0.5,2.627,N
BX20-001,236.50,237.50,0.020,0.073,1.2,2.593,N
BX20-001,237.50,239.50,0.020,0.066,0.5,2.639,N
BX20-001,239.50,241.50,0.020,0.010,0.5,2.594,N
BX20-001,241.50,243.00,0.020,0.084,0.5,2.600,N
BX20-001,243.00,244.50,0.438,0.074,0.8,2.636,N
BX20-001,244.50,245.50,0.236,0.175,3.3,2.641,N
BX20-001,245.50,247.00,0.020,0.027,1.5,2.594,N
BX20-001,247.00,249.00,0.020,0.010,1.5,2.636,N
BX20-001,249.00,251.00,0.375,0.026,1.8,2.578,N
BX20-001,251.00,252.50,0.020,0.010,0.5,2.619,N
BX20-001,252.50,254.00,0.333,0.113,2.1,2.645,N
BX20-001,254.00,256.00,0.020,0.010,0.5,2.605,N
BX20-001,256.00,257.00,0.232,0.030,4.1,2.652,N
BX20-001,257.00,259.00,0.039,0.116,0.5,2.634,N
BX20-001,259.00,260.00,0.143,0.010,0.5,2.635,N
BX20-001,260.00,262.00,0.020,0.053,0.6,2.569,N
BX20-001,262.00,263.00,0.189,0.093,3.5,2.693,N
BX20-001,263.00,264.00,0.020,0.010,0.5,2.644,N
BX20-001,264.00,265.50,0.020,0.010,0.5,2.631,N
BX20-001,265.50,266.50,0.155,0.224,0.5,2.714,N
BX20-001,266.50,268.00,0.032,0.010,0.5,2.619,N
BX20-002,0.00,1.50,2.205,0.657,15.0,2.731,N
BX20-002,1.50,2.50,3.143,1.097,19.9,2.851,N
BX20-002,2.50,4.00,2.417,0.935,13.2,2.784,N
BX20-002,4.00,5.50,1.984,0.881,11.0,2.687,N
BX20-002,5.50,6.50,2.672,1.062,13.8,2.775,N
BX20-002,6.50,8.00,2.284,0.825,12.2,2.739,N
BX20-002,8.00,10.00,2.769,1.105,19.0,2.796,N
BX20-002,10.00,12.00,2.451,0.932,16.5,2.783,N
BX20-002,12.00,13.00,2.055,0.766,13.2,2.760,N
BX20-002,13.00,14.00,2.224,0.931,10.8,2.758,N
BX20-002,14.00,15.00,2.273,0.808,10.1,2.792,N
BX20-002,15.00,16.00,2.437,0.835,16.0,2.790,N
BX20-002,16.00,17.00,2.025,0.859,14.1,2.777,N
BX20-002,17.00,19.00,2.062,0.883,16.7,2.770,N
BX20-002,19.00,20.50,2.782,1.074,19.8,2.735,N
BX20-002,20.50,21.50,2.007,0.711,14.0,2.708,N
BX20-002,21.50,23.00,2.208,0.778,12.7,2.787,N
BX20-002,23.00,25.00,2.105,0.820,12.9,2.761,N
BX20-002,25.00,26.00,1.496,0.429,8.5,2.683,N
BX20-002,26.00,27.00,1.779,0.632,7.6,2.776,N
BX20-002,27.00,29.00,1.914,0.724,13.5,2.741,N
BX20-002,29.00,30.00,1.715,0.644,11.4,2.697,N
BX20-002,30.00,31.50,1.783,0.590,9.3,2.696,N
BX20-002,31.50,32.50,2.272,0.867,10.0,2.779,N
BX20-002,32.50,33.50,1.889,0.769,9.8,2.717,N
BX20-002,33.50,35.50,1.791,0.440,8.1,2.781,N
BX20-002,35.50,36.50,1.973,0.641,10.3,2.740,N
BX20-002,36.50,38.50,1.910,0.665,12.6,2.680,N
BX20-002,38.50,39.50,1.764,0.697,11.7,2.711,N
BX20-002,39.50,40.50,1.848,0.653,10.7,2.697,N
BX20-002,40.50,41.50,1.616,0.613,9.8,2.682,N
BX20-002,41.50,42.50,1.988,0.754,10.9,2.735,N
BX20-002,42.50,43.50,1.266,0.450,8.8,2.733,N
BX20-002,43.50,45.50,2.124,0.894,10.6,2.753,N
BX20-002,45.50,47.00,1.510,0.562,9.1,2.722,N
BX20-002,47.00,49.00,1.336,0.525,9.4,2.705,N
BX20-002,49.00,50.00,1.648,0.513,8.2,2.796,N
BX20-002,50.00,51.00,1.055,0.544,9.1,2.681,N
BX20-002,51.00,52.50,1.724,0.551,7.7,2.718,N
BX20-002,52.50,54.00,1.979,0.669,11.0,2.705,N
BX20-002,54.00,56.00,1.766,0.606,11.1,2.720,N
BX20-002,56.00,57.00,1.665,0.659,9.3,2.717,N
BX20-002,57.00,59.00,0.662,0.221,1.8,2.649,N
BX20-002,59.00,60.50,1.139,0.352,6.7,2.742,N
BX20-002,60.50,62.50,1.394,0.481,7.3,2.701,N
BX20-002,62.50,63.50,1.367,0.559,4.4,2.743,N
BX20-002,63.50,65.00,1.760,0.659,10.2,2.726,N
BX20-002,65.00,66.00,1.121,0.632,5.4,2.710,N
BX20-002,66.00,67.00,1.182,0.538,5.8,2.674,N
BX20-002,67.00,68.50,1.883,0.755,11.6,2.720,N
BX20-002,68.50,70.00,1.155,0.617,6.6,2.697,N
BX20-002,70.00,72.00,0.843,0.304,5.8,2.654,N
BX20-002,72.00,74.00,0.927,0.151,8.6,2.690,N
BX20-002,74.00,75.50,1.585,0.453,10.2,2.694,N
BX20-002,75.50,76.50,1.486,0.595,11.3,2.799,N
BX20-002,76.50,77.50,1.209,0.374,6.3,2.673,N
BX20-002,77.50,79.50,0.996,0.281,5.1,2.678,N
BX20-002,79.50,80.50,0.781,0.409,10.3,2.609,N
BX20-002,80.50,82.50,0.945,0.384,9.9,2.646,N
BX20-002,82.50,83.50,0.898,0.332,4.3,2.730,N
BX20-002,83.50,85.00,0.968,0.302,8.2,2.648,N
BX20-002,85.00,86.00,1.082,0.341,8.9,2.703,N
BX20-002,86.00,87.50,1.251,0.393,8.5,2.719,N
BX20-002,87.50,88.50,1.442,0.712,8.6,2.695,N
BX20-002,88.50,90.50,0.901,0.253,3.3,2.682,N
BX20-002,90.50,92.00,0.591,0.353,5.4,2.638,N
BX20-002,92.00,93.00,0.453,0.122,3.5,2.633,N
BX20-002,93.00,94.50,0.787,0.244,9.5,2.689,N
BX20-002,94.50,96.50,1.384,0.416,8.1,2.734,N
BX20-002,96.50,98.50,1.588,0.548,8.2,2.749,N
BX20-002,98.50,99.50,0.445,0.178,1.5,2.663,N
BX20-002,99.50,100.50,0.533,0.215,3.6,2.704,N
BX20-002,100.50,102.00,0.872,0.261,9.3,2.686,N
BX20-002,102.00,104.00,0.020,0.080,0.5,2.615,Y
BX20-002,104.00,105.00,0.742,0.347,5.9,2.692,N
BX20-002,105.00,107.00,0.167,0.189,1.2,2.642,Y
BX20-002,107.00,109.00,0.306,0.010,0.5,2.642,N
BX20-002,109.00,110.50,0.679,0.216,5.2,2.674,N
BX20-002,110.50,112.00,0.679,0.202,5.4,2.670,N
BX20-002,112.00,113.00,0.440,0.104,1.0,2.703,N
BX20-002,113.00,114.00,0.511,0.202,3.6,2.655,N
BX20-002,114.00,115.50,0.556,0.295,1.3,2.674,N
BX20-002,115.50,117.00,1.350,0.718,6.8,2.757,N
BX20-002,117.00,118.00,1.181,0.449,6.8,2.724,N
BX20-002,118.00,120.00,0.689,0.316,2.4,2.656,N
BX20-002,120.00,121.00,0.456,0.074,3.1,2.687,Y
BX20-002,121.00,122.00,0.612,0.076,5.5,2.711,N
BX20-002,122.00,123.00,0.937,0.213,2.2,2.690,N
BX20-002,123.00,124.00,0.697,0.323,5.1,2.651,N
BX20-002,124.00,125.00,0.787,0.337,4.1,2.650,N
BX20-002,125.00,126.00,0.640,0.245,8.1,2.675,N
BX20-002,126.00,127.50,0.673,0.186,5.7,2.669,N
BX20-002,127.50,128.00,0.719,0.348,4.9,2.727,N
BX20-003,0.00,1.00,4.002,1.367,22.4,2.929,N
BX20-003,1.00,2.00,4.475,1.484,26.5,2.863,N
BX20-003,2.00,3.50,4.218,1.510,27.2,2.908,N
BX20-003,3.50,5.00,4.975,1.696,31.3,2.908,N
BX20-003,5.00,7.00,4.108,1.470,23.0,2.857,N
BX20-003,7.00,8.00,5.012,1.707,32.1,2.933,N
BX20-003,8.00,10.00,3.948,1.415,25.8,2.837,N
BX20-003,10.00,12.00,4.269,1.503,27.5,2.835,N
BX20-003,12.00,13.00,3.698,1.445,18.6,2.860,N
BX20-003,13.00,14.50,3.738,1.332,23.5,2.837,N
BX20-003,14.50,15.50,4.536,1.617,29.1,2.886,N
BX20-003,15.50,16.50,4.871,1.665,30.4,2.904,N
BX20-003,16.50,17.50,4.492,1.590,28.4,2.906,N
BX20-003,17.50,19.00,4.329,1.455,27.7,2.861,N
BX20-003,19.00,20.50,4.595,1.667,26.1,2.853,N
BX20-003,20.50,22.50,4.243,1.437,25.7,2.834,N
BX20-003,22.50,23.50,4.739,1.598,25.9,2.866,Y
BX20-003,23.50,24.50,4.136,1.530,24.4,2.845,N
BX20-003,24.50,26.00,3.814,1.296,24.1,2.859,N
BX20-003,26.00,27.00,4.521,1.494,28.7,2.908,N
BX20-003,27.00,28.50,4.565,1.651,27.1,2.884,N
BX20-003,28.50,29.50,4.434,1.613,26.3,2.861,N
BX20-003,29.50,30.50,4.443,1.666,24.9,2.886,N
BX20-003,30.50,32.50,4.366,1.620,27.6,2.828,N
BX20-003,32.50,34.00,4.100,1.489,22.5,2.813,N
BX20-003,34.00,36.00,4.789,1.674,27.5,2.920,N
BX20-003,36.00,38.00,5.086,1.716,33.5,2.960,N
BX20-003,38.00,39.50,3.851,1.276,23.7,2.875,N
BX20-003,39.50,41.00,4.078,1.429,23.1,2.834,N
BX20-003,41.00,42.00,4.420,1.447,21.6,2.946,N
BX20-003,42.00,43.00,4.523,1.668,20.9,2.882,N
BX20-003,43.00,44.00,4.308,1.730,25.2,2.920,N
BX20-003,44.00,46.00,4.785,1.751,30.1,2.895,N
BX20-003,46.00,48.00,3.923,1.453,22.2,2.913,N
BX20-003,48.00,49.00,4.267,1.566,26.9,2.932,N
BX20-003,49.00,50.00,3.891,1.486,20.8,2.868,N
BX20-003,50.00,51.50,3.971,1.403,24.4,2.904,N
BX20-003,51.50,52.50,4.501,1.732,25.4,2.926,N
BX20-003,52.50,54.00,4.637,1.494,30.1,2.896,N
BX20-003,54.00,55.00,4.817,1.787,30.6,2.882,N
BX20-003,55.00,56.00,4.834,1.635,29.5,2.913,N
BX20-003,56.00,58.00,4.101,1.672,25.8,2.912,N
BX20-003,58.00,59.00,4.797,1.630,27.2,2.873,N
BX20-003,59.00,60.00,4.629,1.673,27.3,2.896,N
BX20-003,60.00,61.00,4.837,1.542,28.5,2.896,N
BX20-003,61.00,62.00,5.206,1.835,30.2,3.007,N
BX20-003,62.00,63.50,4.753,1.742,29.9,2.933,N
BX20-003,63.50,65.50,4.482,1.769,24.5,2.891,N
BX20-003,65.50,67.00,4.649,1.620,30.5,2.907,N
BX20-003,67.00,69.00,4.218,1.429,25.0,2.872,N
BX20-003,69.00,71.00,4.632,1.538,30.6,2.957,N
BX20-003,71.00,73.00,4.252,1.449,29.5,2.896,N
BX20-003,73.00,74.50,3.965,1.311,24.0,2.866,N
BX20-003,74.50,76.00,4.184,1.493,25.6,2.869,N
BX20-003,76.00,77.00,4.719,1.629,27.7,2.907,N
BX20-003,77.00,78.00,4.426,1.627,26.9,2.906,N
BX20-003,78.00,79.50,4.966,1.986,29.9,2.938,N
BX20-003,79.50,81.00,4.849,1.830,29.1,2.931,N
BX20-003,81.00,83.00,4.080,1.570,26.5,2.843,N
BX20-003,83.00,84.50,4.903,1.788,31.0,2.904,N
BX20-003,84.50,85.50,4.627,1.584,24.4,2.903,N
BX20-003,85.50,86.50,5.426,1.932,29.9,2.920,N
BX20-003,86.50,88.00,3.959,1.264,23.7,2.880,N
BX20-003,88.00,89.00,4.626,1.600,25.6,2.918,N
BX20-003,89.00,90.00,4.623,1.700,29.3,2.946,N
BX20-003,90.00,92.00,4.263,1.552,25.3,2.926,N
BX20-003,92.00,93.50,4.675,1.822,28.7,2.940,N
BX20-003,93.50,94.50,4.186,1.589,23.6,2.849,N
BX20-003,94.50,95.50,4.294,1.526,24.1,2.859,N
BX20-003,95.50,96.50,4.864,1.691,28.9,2.905,N
BX20-003,96.50,98.00,4.711,1.590,26.3,2.903,N
BX20-003,98.00,99.50,4.393,1.657,26.2,2.882,Y
BX20-003,99.50,100.50,4.479,1.473,22.6,2.846,N
BX20-003,100.50,101.50,4.160,1.510,23.1,2.851,N
BX20-003,101.50,102.50,5.012,1.838,30.0,2.877,N
BX20-003,102.50,103.50,5.012,1.796,31.5,2.873,N
BX20-003,103.50,105.50,4.380,1.713,27.2,2.856,N
BX20-003,105.50,107.50,5.203,1.725,27.6,2.872,N
BX20-003,107.50,109.00,5.025,1.826,30.3,2.904,N
BX20-003,109.00,110.50,4.154,1.543,25.6,2.926,N
BX20-003,110.50,111.50,4.284,1.543,26.2,2.849,N
BX20-003,111.50,112.50,4.245,1.518,22.7,2.842,N
BX20-003,112.50,113.50,4.239,1.450,29.6,2.804,N
BX20-003,113.50,114.50,5.188,1.739,31.8,2.939,N
BX20-003,114.50,116.00,4.386,1.262,26.6,2.862,N
BX20-003,116.00,117.00,4.612,1.659,30.6,2.916,Y
BX20-003,117.00,118.00,4.779,1.498,30.5,2.928,N
BX20-003,118.00,119.00,3.887,1.279,21.2,2.845,N
BX20-003,119.00,120.00,4.653,1.566,25.5,2.863,N
BX20-003,120.00,121.00,4.775,1.574,29.1,2.843,Y
BX20-003,121.00,122.00,4.566,1.649,28.8,2.913,N
BX20-003,122.00,123.00,4.616,1.565,25.5,2.873,N
BX20-003,123.00,124.00,4.227,1.301,27.6,2.854,N
BX20-003,124.00,125.50,4.544,1.558,29.6,2.939,N
BX20-003,125.50,127.50,4.605,1.604,27.8,2.913,N
BX20-003,127.50,129.00,4.425,1.475,22.6,2.925,N
BX20-003,129.00,130.00,4.150,1.262,23.5,2.865,N
BX20-003,130.00,131.00,4.711,1.639,26.9,2.917,N
BX20-003,131.00,132.50,4.416,1.592,22.9,2.844,N
BX20-003,132.50,133.50,3.784,1.356,20.8,2.815,Y
BX20-003,133.50,134.50,4.556,1.509,27.4,2.847,N
BX20-003,134.50,136.50,3.527,1.258,21.4,2.864,N
BX20-003,136.50,137.50,4.286,1.579,23.8,2.931,N
BX20-003,137.50,138.50,4.498,1.697,27.2,2.896,N
BX20-003,138.50,140.50,4.442,1.688,23.6,2.869,N
BX20-003,140.50,141.50,4.539,1.610,29.5,2.906,N
BX20-003,141.50,142.50,4.017,1.297,25.0,2.836,N
BX20-003,142.50,144.50,4.151,1.469,24.3,2.838,N
BX20-003,144.50,146.50,4.533,1.584,25.1,2.894,N
BX20-003,146.50,147.50,4.787,1.767,29.8,2.876,N
BX20-003,147.50,149.50,5.271,1.848,30.4,2.958,N
BX20-003,149.50,150.50,3.751,1.297,22.2,2.869,N
BX20-003,150.50,151.50,4.071,1.304,26.1,2.856,N
BX20-003,151.50,152.50,4.146,1.621,27.5,2.843,N
BX20-003,152.50,153.50,4.119,1.463,29.7,2.921,N
BX20-003,153.50,154.50,4.105,1.412,25.1,2.857,N
BX20-003,154.50,155.50,4.292,1.631,26.2,2.887,N
BX20-003,155.50,157.50,4.270,1.607,29.1,2.848,N
BX20-003,157.50,158.50,4.306,1.439,26.5,2.885,N
BX20-003,158.50,160.00,3.806,1.342,21.3,2.816,N
BX20-003,160.00,162.00,4.527,1.560,30.3,2.912,N
BX20-003,162.00,163.00,4.112,1.650,24.3,2.872,N
BX20-003,163.00,164.00,3.895,1.371,25.2,2.842,N
BX20-003,164.00,166.00,4.259,1.550,25.8,2.795,N
BX20-003,166.00,168.00,4.396,1.575,25.5,2.873,N
BX20-003,168.00,169.00,4.376,1.523,25.6,2.880,N
BX20-003,169.00,170.50,4.875,1.630,29.2,2.923,N
BX20-003,170.50,172.00,3.975,1.416,24.5,2.825,N
BX20-003,172.00,174.00,4.680,1.553,29.6,2.866,N
BX20-003,174.00,175.00,3.492,1.139,18.7,2.833,N
BX20-003,175.00,177.00,4.337,1.595,25.1,2.898,N
BX20-003,177.00,179.00,4.514,1.398,26.3,2.887,N
BX20-003,179.00,180.00,3.902,1.396,22.3,2.839,N
BX20-003,180.00,182.00,3.706,1.260,22.1,2.829,N
BX20-003,182.00,183.50,4.653,1.750,24.5,2.881,N
BX20-003,183.50,185.50,2.964,1.051,16.6,2.792,N
BX20-003,185.50,186.50,4.444,1.660,29.0,2.863,N
BX20-003,186.50,187.50,4.285,1.322,25.4,2.911,N
BX20-003,187.50,189.50,3.810,1.431,24.5,2.829,N
BX20-003,189.50,190.50,4.204,1.583,29.1,2.897,N
BX20-003,190.50,191.50,4.304,1.389,23.3,2.898,N
BX20-003,191.50,192.50,4.031,1.232,27.1,2.941,N
BX20-003,192.50,193.50,3.440,1.135,23.6,2.839,N
BX20-003,193.50,195.00,4.229,1.499,23.2,2.848,N
BX20-003,195.00,196.50,3.662,1.102,21.5,2.788,N
BX20-003,196.50,197.50,4.420,1.625,26.2,2.851,N
BX20-003,197.50,199.50,4.034,1.344,23.0,2.812,N
BX20-003,199.50,201.50,3.685,1.223,16.9,2.824,N
BX20-003,201.50,203.00,4.339,1.728,25.0,2.880,Y
BX20-003,203.00,204.00,3.995,1.260,23.8,2.860,N
BX20-003,204.00,206.00,3.761,1.265,20.4,2.826,N
BX20-003,206.00,207.00,3.848,1.265,22.8,2.879,N
BX20-003,207.00,208.00,3.645,1.312,24.4,2.825,N
BX20-003,208.00,209.50,3.911,1.366,22.0,2.845,N
BX20-003,209.50,211.00,3.530,1.310,23.0,2.791,N
BX20-003,211.00,212.00,4.411,1.674,24.1,2.878,Y
BX20-003,212.00,214.00,3.529,1.257,22.0,2.841,N
BX20-003,214.00,216.00,3.401,1.216,20.1,2.839,N
BX20-003,216.00,217.00,3.655,1.305,21.1,2.837,N
BX20-003,217.00,218.50,4.031,1.415,26.1,2.851,N
BX20-003,218.50,220.50,3.910,1.354,22.9,2.885,N
BX20-003,220.50,222.50,3.869,1.252,22.8,2.829,N
BX20-003,222.50,223.50,4.073,1.286,21.0,2.836,N
BX20-003,223.50,224.50,3.515,1.165,21.7,2.805,N
BX20-003,224.50,225.50,4.317,1.636,25.3,2.898,N
BX20-003,225.50,227.00,3.664,1.260,21.1,2.807,N
BX20-003,227.00,228.00,3.853,1.462,24.5,2.857,N
BX20-003,228.00,230.00,4.061,1.410,23.5,2.888,N
BX20-003,230.00,231.00,4.030,1.396,26.0,2.866,N
BX20-003,231.00,233.00,3.475,1.291,17.4,2.808,N
BX20-003,233.00,234.50,3.246,1.152,19.3,2.794,N
BX20-003,234.50,236.50,3.381,1.310,22.8,2.799,N
BX20-003,236.50,238.50,3.469,1.382,20.5,2.874,N
BX20-003,238.50,240.00,3.675,1.191,24.0,2.884,N
BX20-003,240.00,241.00,3.584,1.276,24.3,2.829,N
BX20-003,241.00,242.50,3.485,1.226,22.9,2.880,N
BX20-003,242.50,243.50,3.105,1.054,18.1,2.778,N
BX20-003,243.50,245.00,3.374,1.164,18.6,2.822,N
BX20-003,245.00,246.50,3.956,1.276,24.9,2.895,N
BX20-003,246.50,247.50,3.835,1.379,22.3,2.875,N
BX20-003,247.50,249.50,3.714,1.343,23.0,2.859,N
BX20-003,249.50,250.50,3.775,1.260,21.9,2.846,N
BX20-003,250.50,252.50,3.434,1.136,16.0,2.776,N
BX20-003,252.50,253.50,3.418,1.122,21.2,2.807,N
BX20-003,253.50,254.50,3.229,1.222,22.3,2.800,N
BX20-003,254.50,256.00,3.329,1.069,20.2,2.744,N
BX20-003,256.00,257.00,3.132,1.218,22.2,2.808,N
BX20-003,257.00,259.00,2.762,1.041,16.5,2.744,Y
BX20-003,259.00,261.00,2.869,0.838,19.8,2.792,N
BX20-003,261.00,262.00,2.958,1.094,17.0,2.758,N
BX20-003,262.00,264.00,2.717,1.078,18.0,2.814,N
BX20-003,264.00,266.00,3.014,1.173,16.5,2.783,N
BX20-003,266.00,267.00,2.849,0.998,18.9,2.752,N
BX20-003,267.00,268.50,2.704,1.072,18.7,2.769,N
BX20-003,268.50,270.00,2.912,1.084,13.3,2.850,N
BX20-003,270.00,271.00,3.947,1.233,21.2,2.811,N
BX20-003,271.00,272.50,2.713,0.936,15.7,2.778,N
BX20-003,272.50,274.00,3.474,1.112,22.0,2.807,N
BX20-003,274.00,276.00,2.939,0.841,17.8,2.790,N
BX20-003,276.00,278.00,2.661,0.902,17.6,2.831,N
BX20-003,278.00,279.00,2.768,1.219,16.7,2.825,N
BX20-003,279.00,280.50,2.838,1.144,17.9,2.773,Y
BX20-003,280.50,281.00,3.176,1.150,17.8,2.812,N
BX20-004,0.00,1.50,2.264,0.843,9.7,2.725,N
BX20-004,1.50,2.50,2.509,0.970,18.8,2.772,N
BX20-004,2.50,4.50,2.802,0.928,17.5,2.749,N
BX20-004,4.50,6.00,3.484,1.154,17.1,2.868,N
BX20-004,6.00,7.00,2.917,0.912,18.3,2.813,N
BX20-004,7.00,8.00,3.464,1.204,20.4,2.878,N
BX20-004,8.00,9.00,3.323,1.362,18.7,2.851,N
BX20-004,9.00,10.00,3.664,1.066,22.8,2.858,N
BX20-004,10.00,12.00,3.585,1.236,23.3,2.870,N
BX20-004,12.00,14.00,2.656,1.002,18.9,2.750,N
BX20-004,14.00,15.50,3.650,1.329,21.1,2.852,N
BX20-004,15.50,16.50,3.902,1.218,26.2,2.894,N
BX20-004,16.50,18.00,3.136,1.077,17.3,2.840,N
BX20-004,18.00,20.00,3.392,1.160,19.7,2.818,N
BX20-004,20.00,21.50,3.725,1.127,21.1,2.829,N
BX20-004,21.50,23.00,3.179,1.004,18.9,2.781,N
BX20-004,23.00,24.50,2.900,0.988,16.3,2.800,N
BX20-004,24.50,26.00,3.121,1.025,15.5,2.818,N
BX20-004,26.00,27.50,3.454,1.301,20.1,2.846,N
BX20-004,27.50,29.50,3.278,1.012,18.9,2.818,N
BX20-004,29.50,31.00,3.995,1.324,25.2,2.893,N
BX20-004,31.00,32.00,3.720,1.279,22.1,2.895,N
BX20-004,32.00,33.00,3.792,1.237,24.7,2.858,N
BX20-004,33.00,34.00,3.902,1.530,19.0,2.892,N
BX20-004,34.00,36.00,3.966,1.529,24.6,2.852,N
BX20-004,36.00,37.00,3.635,1.175,21.6,2.836,N
BX20-004,37.00,38.50,4.157,1.407,24.4,2.857,N
BX20-004,38.50,39.50,3.475,1.204,20.2,2.874,N
BX20-004,39.50,40.50,4.504,1.532,28.9,2.831,N
BX20-004,40.50,41.50,3.977,1.288,23.8,2.856,N
BX20-004,41.50,42.50,4.754,1.699,30.3,2.904,N
BX20-004,42.50,44.50,3.545,1.290,22.4,2.828,N
BX20-004,44.50,45.50,4.422,1.547,27.8,2.890,N
BX20-004,45.50,47.50,3.548,1.151,22.3,2.822,N
BX20-004,47.50,49.00,4.002,1.366,24.0,2.825,N
BX20-004,49.00,50.00,3.382,1.063,18.3,2.812,N
BX20-004,50.00,51.00,4.044,1.397,20.9,2.827,N
BX20-004,51.00,52.50,4.158,1.514,22.1,2.843,N
BX20-004,52.50,54.00,3.857,1.362,22.5,2.848,N
BX20-004,54.00,55.50,3.745,1.318,21.9,2.842,N
BX20-004,55.50,56.50,3.953,1.265,23.6,2.853,N
BX20-004,56.50,57.50,4.802,1.872,29.1,2.907,N
BX20-004,57.50,59.00,4.023,1.124,25.4,2.881,N
BX20-004,59.00,60.00,3.538,1.244,21.9,2.779,N
BX20-004,60.00,62.00,3.903,1.398,24.1,2.862,N
BX20-004,62.00,63.00,3.816,1.390,20.7,2.805,N
BX20-004,63.00,65.00,3.832,1.244,20.8,2.855,N
BX20-004,65.00,66.00,4.119,1.389,21.7,2.850,N
BX20-004,66.00,67.50,3.554,1.096,21.8,2.800,N
BX20-004,67.50,68.50,3.918,1.250,26.7,2.800,N
BX20-004,68.50,70.50,4.555,1.495,30.3,2.893,Y
BX20-004,70.50,71.50,4.417,1.489,32.4,2.868,N
BX20-004,71.50,72.50,3.822,1.229,23.2,2.862,Y
BX20-004,72.50,73.50,3.404,1.159,20.8,2.803,N
BX20-004,73.50,74.50,4.169,1.392,18.4,2.860,N
BX20-004,74.50,75.50,4.508,1.454,28.6,2.904,N
BX20-004,75.50,77.50,4.844,1.583,28.0,2.888,N
BX20-004,77.50,79.00,4.734,1.762,29.7,2.924,N
BX20-004,79.00,80.00,4.105,1.593,23.2,2.835,N
BX20-004,80.00,81.50,3.746,1.278,21.8,2.844,N
BX20-004,81.50,82.50,4.977,1.782,33.2,2.949,N
BX20-004,82.50,84.00,4.393,1.616,23.5,2.894,N
BX20-004,84.00,85.00,4.203,1.429,25.8,2.947,N
BX20-004,85.00,86.50,3.933,1.350,23.3,2.900,N
BX20-004,86.50,88.50,5.041,1.721,32.0,2.945,N
BX20-004,88.50,89.50,3.987,1.441,21.0,2.838,N
BX20-004,89.50,91.50,4.428,1.511,28.3,2.852,N
BX20-004,91.50,93.00,4.573,1.662,31.7,2.893,N
BX20-004,93.00,94.00,4.777,1.720,28.0,2.941,N
BX20-004,94.00,95.50,4.024,1.419,25.4,2.865,N
BX20-004,95.50,96.50,4.923,1.559,32.3,2.922,N
BX20-004,96.50,97.50,4.862,1.570,29.4,2.945,N
BX20-004,97.50,99.50,4.679,1.597,27.1,2.916,N
BX20-004,99.50,100.50,3.793,1.394,20.9,2.871,N
BX20-004,100.50,101.50,4.399,1.580,23.7,2.893,N
BX20-004,101.50,102.50,4.795,1.763,25.6,2.916,N
BX20-004,102.50,103.50,3.833,1.449,26.0,2.831,N
BX20-004,103.50,105.00,4.663,1.535,25.7,2.844,N
BX20-004,105.00,106.00,4.387,1.588,25.3,2.844,N
BX20-004,106.00,107.50,4.458,1.321,26.8,2.938,N
BX20-004,107.50,109.00,4.161,1.549,25.0,2.842,N
BX20-004,109.00,110.50,4.251,1.443,26.1,2.864,N
BX20-004,110.50,111.50,4.107,1.367,24.4,2.871,N
BX20-004,111.50,112.50,3.920,1.448,25.8,2.820,N
BX20-004,112.50,114.50,4.485,1.494,22.8,2.916,N
BX20-004,114.50,116.00,4.484,1.631,26.7,2.901,N
BX20-004,116.00,117.00,3.905,1.409,24.4,2.869,N
BX20-004,117.00,118.00,4.849,1.593,27.3,2.872,N
BX20-004,118.00,119.00,3.419,1.145,25.7,2.837,N
BX20-004,119.00,120.00,4.361,1.470,28.5,2.891,N
BX20-004,120.00,121.00,4.161,1.490,26.8,2.890,N
BX20-004,121.00,123.00,4.282,1.468,26.8,2.953,N
BX20-004,123.00,124.00,4.616,1.663,26.3,2.839,N
BX20-004,124.00,125.00,4.115,1.496,21.1,2.915,N
BX20-004,125.00,126.00,4.893,1.739,26.4,2.907,Y
BX20-004,126.00,127.50,4.913,1.661,31.7,2.961,N
BX20-004,127.50,129.50,4.114,1.183,22.5,2.864,N
BX20-004,129.50,131.00,4.680,1.613,32.4,2.924,N
BX20-004,131.00,133.00,4.315,1.479,27.5,2.895,N
BX20-004,133.00,134.00,5.011,1.820,29.6,2.871,N
BX20-004,134.00,135.00,4.325,1.502,27.0,2.871,N
BX20-004,135.00,136.00,4.602,1.447,26.5,2.911,N
BX20-004,136.00,137.50,4.453,1.481,25.2,2.958,N
BX20-004,137.50,139.00,3.851,1.400,24.6,2.846,N
BX20-004,139.00,140.50,4.232,1.431,21.0,2.828,N
BX20-004,140.50,142.00,4.640,1.650,29.0,2.895,N
BX20-004,142.00,143.50,4.730,1.740,28.4,2.936,N
BX20-004,143.50,145.50,3.771,1.314,21.9,2.886,N
BX20-004,145.50,146.50,3.898,1.327,22.0,2.868,N
BX20-004,146.50,147.50,3.763,1.310,22.1,2.883,N
BX20-004,147.50,149.50,3.938,1.179,20.1,2.865,N
BX20-004,149.50,151.00,4.232,1.486,23.2,2.938,N
BX20-004,151.00,153.00,4.535,1.660,27.3,2.868,N
BX20-004,153.00,154.50,4.161,1.485,25.1,2.878,N
BX20-004,154.50,155.50,4.088,1.421,24.1,2.850,N
BX20-004,155.50,157.50,4.490,1.527,26.4,2.901,N
BX20-004,157.50,159.50,3.526,1.385,17.1,2.837,N
BX20-004,159.50,160.50,4.632,1.710,29.7,2.892,N
BX20-004,160.50,162.50,3.802,1.414,24.6,2.866,N
BX20-004,162.50,163.50,3.833,1.294,24.1,2.814,N
BX20-004,163.50,165.50,3.654,1.498,24.0,2.841,N
BX20-004,165.50,167.50,3.547,1.173,20.0,2.811,N
BX20-004,167.50,169.50,3.778,1.357,21.9,2.827,N
BX20-004,169.50,171.00,4.189,1.486,21.0,2.886,N
BX20-004,171.00,173.00,3.726,1.300,19.6,2.856,N
BX20-004,173.00,174.50,3.977,1.357,23.7,2.861,N
BX20-004,174.50,175.50,3.064,1.020,18.2,2.856,Y
BX20-004,175.50,176.50,3.279,1.052,18.5,2.785,N
BX20-004,176.50,177.50,3.742,1.318,22.6,2.812,N
BX20-004,177.50,178.50,3.739,1.365,19.2,2.808,N
BX20-004,178.50,179.50,3.411,1.086,23.3,2.837,N
BX20-004,179.50,181.00,3.617,1.179,21.6,2.798,N
BX20-004,181.00,183.00,4.131,1.420,26.0,2.871,N
BX20-004,183.00,184.50,3.484,1.179,22.2,2.840,N
BX20-004,184.50,186.00,3.700,1.174,20.3,2.820,N
BX20-004,186.00,188.00,3.454,1.334,19.3,2.850,N
BX20-004,188.00,189.00,4.095,1.395,23.5,2.853,N
BX20-004,189.00,191.00,3.473,1.104,18.7,2.775,Y
BX20-004,191.00,192.50,3.913,1.482,22.9,2.905,N
BX20-004,192.50,193.50,3.067,1.121,20.6,2.784,N
BX20-004,193.50,194.50,3.715,1.274,21.6,2.840,N
BX20-004,194.50,195.50,2.929,1.019,12.2,2.771,N
BX20-004,195.50,196.50,3.366,1.267,21.7,2.861,Y
BX20-004,196.50,198.00,3.611,1.404,21.7,2.829,N
BX20-004,198.00,199.50,3.073,1.021,19.4,2.790,N
BX20-004,199.50,200.50,3.066,1.004,20.7,2.804,N
BX20-004,200.50,202.50,3.754,1.326,17.0,2.921,N
BX20-004,202.50,203.50,2.810,1.049,21.0,2.770,N
BX20-004,203.50,205.00,3.034,0.907,16.8,2.798,N
BX20-004,205.00,206.50,2.560,0.780,14.1,2.814,N
BX20-004,206.50,208.50,3.177,1.181,16.4,2.794,N
BX20-004,208.50,209.50,2.667,0.989,17.2,2.803,N
BX20-004,209.50,211.00,3.167,1.271,17.2,2.774,N
BX20-004,211.00,212.00,3.595,1.181,19.4,2.850,N
BX20-004,212.00,213.50,2.421,1.139,14.5,2.791,N
BX20-004,213.50,214.50,3.031,1.174,18.0,2.815,N
BX20-004,214.50,216.50,2.971,1.111,15.7,2.745,N
BX20-004,216.50,217.50,2.921,0.959,19.9,2.723,N
BX20-004,217.50,218.50,3.225,1.262,17.9,2.795,N
BX20-004,218.50,220.50,2.611,0.917,16.0,2.777,N
BX20-004,220.50,221.50,2.445,0.911,14.7,2.748,N
BX20-004,221.50,222.50,2.287,0.700,17.1,2.714,N
BX20-004,222.50,224.00,2.988,1.153,16.9,2.794,N
BX20-004,224.00,226.00,3.104,1.265,19.2,2.809,N
BX20-004,226.00,227.50,2.654,1.063,17.6,2.775,N
BX20-004,227.50,229.50,3.018,1.104,17.7,2.829,N
BX20-004,229.50,230.50,2.462,0.733,15.9,2.775,N
BX20-004,230.50,232.00,2.026,1.030,12.8,2.661,N
BX20-004,232.00,234.00,2.566,0.890,16.3,2.769,N
BX20-004,234.00,235.00,2.256,0.786,16.8,2.686,N
BX20-005,0.00,1.00,0.712,0.213,6.9,2.637,N
BX20-005,1.00,3.00,0.934,0.510,6.4,2.698,N
BX20-005,3.00,4.00,0.267,0.136,2.7,2.665,Y
BX20-005,4.00,5.00,0.964,0.326,7.2,2.676,N
BX20-005,5.00,6.00,0.776,0.310,5.0,2.686,N
BX20-005,6.00,7.00,0.702,0.123,2.6,2.674,N
BX20-005,7.00,8.00,1.397,0.240,10.8,2.666,N
BX20-005,8.00,9.50,0.345,0.194,1.4,2.648,N
BX20-005,9.50,10.50,1.002,0.482,8.2,2.689,N
BX20-005,10.50,11.50,1.205,0.402,7.3,2.725,N
BX20-005,11.50,12.50,0.613,0.248,6.3,2.690,N
BX20-005,12.50,14.50,1.056,0.293,10.0,2.701,N
BX20-005,14.50,16.00,1.209,0.360,8.0,2.706,N
BX20-005,16.00,17.50,1.018,0.346,2.5,2.603,N
BX20-005,17.50,18.50,1.259,0.482,8.9,2.756,N
BX20-005,18.50,19.50,1.517,0.666,10.6,2.717,N
BX20-005,19.50,21.50,1.650,0.516,8.8,2.766,N
BX20-005,21.50,22.50,1.490,0.396,10.8,2.695,N
BX20-005,22.50,23.50,1.577,0.456,9.4,2.650,N
BX20-005,23.50,25.50,1.751,0.658,8.9,2.728,N
BX20-005,25.50,26.50,1.719,0.559,9.0,2.757,N
BX20-005,26.50,28.00,1.768,0.760,13.1,2.749,N
BX20-005,28.00,29.00,1.601,0.690,11.8,2.684,N
BX20-005,29.00,30.00,1.333,0.658,10.2,2.703,N
BX20-005,30.00,32.00,1.512,0.579,8.4,2.687,N
BX20-005,32.00,33.00,1.830,0.655,12.4,2.733,N
BX20-005,33.00,35.00,1.973,0.350,10.3,2.717,N
BX20-005,35.00,36.00,2.187,0.679,9.6,2.847,N
BX20-005,36.00,38.00,1.676,0.715,8.0,2.774,N
BX20-005,38.00,39.00,1.052,0.354,7.2,2.715,N
BX20-005,39.00,40.50,2.025,0.673,12.8,2.728,N
BX20-005,40.50,42.00,1.776,0.712,12.5,2.685,N
BX20-005,42.00,43.50,1.824,0.615,10.3,2.720,N
BX20-005,43.50,44.50,1.676,0.498,8.9,2.736,N
BX20-005,44.50,46.50,2.338,1.023,12.0,2.752,N
BX20-005,46.50,48.00,2.244,0.755,13.6,2.732,N
BX20-005,48.00,49.00,1.643,0.605,8.2,2.716,N
BX20-005,49.00,51.00,1.996,0.705,12.4,2.745,N
BX20-005,51.00,52.00,2.058,0.752,12.3,2.736,N
BX20-005,52.00,54.00,1.701,0.502,9.2,2.699,N
BX20-005,54.00,56.00,2.368,0.920,13.7,2.724,N
BX20-005,56.00,57.00,2.426,0.746,17.4,2.769,N
BX20-005,57.00,58.50,2.716,0.796,19.3,2.753,N
BX20-005,58.50,60.50,2.855,0.955,12.9,2.760,N
BX20-005,60.50,61.50,3.253,1.011,21.0,2.852,N
BX20-005,61.50,62.50,3.038,1.037,17.1,2.803,N
BX20-005,62.50,64.00,2.580,0.646,17.2,2.721,N
BX20-005,64.00,65.00,2.656,0.844,14.7,2.762,N
BX20-005,65.00,66.50,2.714,0.964,13.5,2.773,N
BX20-005,66.50,67.50,2.516,0.660,12.5,2.803,N
BX20-005,67.50,69.00,3.339,1.242,16.7,2.842,N
BX20-005,69.00,70.00,2.676,1.081,17.2,2.763,N
BX20-005,70.00,71.50,2.545,0.812,15.8,2.838,Y
BX20-005,71.50,72.50,3.123,0.927,17.8,2.792,N
BX20-005,72.50,74.50,2.958,0.906,14.5,2.870,N
BX20-005,74.50,75.50,3.088,1.036,17.0,2.793,N
BX20-005,75.50,77.50,3.595,1.299,21.7,2.841,N
BX20-005,77.50,78.50,3.580,1.317,22.0,2.845,N
BX20-005,78.50,80.50,3.643,1.219,22.3,2.861,N
BX20-005,80.50,81.50,3.231,1.299,21.2,2.848,N
BX20-005,81.50,83.50,2.991,1.039,18.4,2.817,N
BX20-005,83.50,84.50,3.603,1.132,20.6,2.845,N
BX20-005,84.50,85.50,3.252,1.040,21.5,2.832,N
BX20-005,85.50,87.50,4.016,1.550,21.3,2.851,N
BX20-005,87.50,88.50,3.731,1.267,23.5,2.787,N
BX20-005,88.50,90.00,3.250,1.271,16.4,2.779,N
BX20-005,90.00,91.00,3.408,1.117,20.4,2.840,N
BX20-005,91.00,92.00,3.552,1.088,18.0,2.892,N
BX20-005,92.00,94.00,3.706,1.236,21.0,2.810,N
BX20-005,94.00,95.00,3.828,1.362,24.7,2.805,N
BX20-005,95.00,96.50,4.356,1.598,27.3,2.853,N
BX20-005,96.50,98.50,4.505,1.660,31.9,2.901,N
BX20-005,98.50,100.50,3.658,1.335,24.7,2.863,N
BX20-005,100.50,101.50,3.919,1.435,21.1,2.848,N
BX20-005,101.50,103.00,3.859,1.335,19.9,2.858,N
BX20-005,103.00,104.00,4.154,1.560,20.9,2.854,N
BX20-005,104.00,105.00,3.617,1.269,20.4,2.813,Y
BX20-005,105.00,107.00,4.971,1.655,30.1,2.912,N
BX20-005,107.00,108.00,4.565,1.324,24.3,2.927,N
BX20-005,108.00,109.50,4.094,1.175,26.5,2.843,N
BX20-005,109.50,110.50,4.727,1.802,27.8,2.911,N
BX20-005,110.50,111.50,4.764,1.753,28.4,2.977,N
BX20-005,111.50,113.00,4.920,1.677,31.4,2.925,N
BX20-005,113.00,115.00,4.594,1.556,26.1,2.956,N
BX20-005,115.00,116.50,4.862,1.705,30.0,2.862,N
BX20-005,116.50,117.50,5.345,1.868,36.4,2.969,N
BX20-005,117.50,118.50,4.601,1.572,28.1,2.860,N
BX20-005,118.50,120.50,5.090,1.985,28.8,2.878,N
BX20-005,120.50,122.50,5.294,1.934,32.8,2.929,N
BX20-005,122.50,124.50,6.138,2.284,38.7,2.987,N
BX20-005,124.50,126.00,5.195,1.875,28.3,2.882,N
BX20-005,126.00,127.00,5.525,1.947,31.9,2.937,N
BX20-005,127.00,129.00,4.951,1.860,27.2,2.902,N
BX20-005,129.00,130.00,5.101,1.841,31.8,2.950,N
BX20-005,130.00,131.50,6.243,2.132,38.4,2.918,N
BX20-005,131.50,133.50,5.914,1.920,36.8,2.980,N
BX20-005,133.50,135.00,5.658,2.029,34.8,3.004,N
BX20-005,135.00,136.00,5.972,1.912,37.0,2.959,N
BX20-005,136.00,137.00,5.562,1.983,33.3,2.946,N
BX20-005,137.00,139.00,5.504,2.149,32.3,2.919,N
BX20-005,139.00,140.00,6.065,2.114,37.1,2.991,N
BX20-005,140.00,141.50,6.152,2.134,36.0,2.935,Y
BX20-005,141.50,143.50,5.212,1.806,35.2,2.942,N
BX20-005,143.50,145.50,6.315,2.263,40.3,2.985,N
BX20-005,145.50,146.50,6.925,2.468,43.6,3.052,N
BX20-005,146.50,148.00,6.342,2.235,40.3,2.960,N
BX20-005,148.00,150.00,6.529,2.323,39.4,3.040,N
BX20-005,150.00,151.00,6.353,2.202,38.8,2.998,N
BX20-005,151.00,152.00,6.258,2.181,36.6,2.972,N
BX20-005,152.00,153.00,6.031,2.098,36.3,2.955,N
BX20-005,153.00,155.00,6.695,2.252,42.5,3.047,N
BX20-005,155.00,157.00,7.394,2.592,45.3,3.054,N
BX20-005,157.00,158.50,7.093,2.433,43.3,3.009,N
BX20-005,158.50,160.50,7.015,2.440,43.5,3.044,N
BX20-005,160.50,162.00,6.991,2.444,37.4,3.001,N
BX20-005,162.00,164.00,6.898,2.439,39.9,3.000,N
BX20-005,164.00,165.50,7.790,2.740,44.7,3.043,N
BX20-005,165.50,167.00,6.924,2.323,41.4,3.078,Y
BX20-005,167.00,169.00,7.193,2.443,42.9,3.075,N
BX20-005,169.00,170.00,8.018,2.770,46.5,3.096,N
BX20-005,170.00,171.00,7.283,2.506,45.2,3.039,N
BX20-005,171.00,172.00,7.323,2.629,40.4,3.062,N
BX20-005,172.00,173.00,7.431,2.568,41.0,3.063,N
BX20-005,173.00,174.00,7.462,2.586,41.0,3.046,N
BX20-005,174.00,176.00,7.502,2.566,45.3,2.999,N
BX20-005,176.00,178.00,7.748,2.908,41.9,3.131,N
BX20-005,178.00,180.00,7.554,2.475,45.4,3.094,Y
BX20-005,180.00,181.00,8.069,2.782,48.3,3.119,N
BX20-005,181.00,182.00,7.229,2.465,41.8,3.052,N
BX20-005,182.00,184.00,8.156,2.789,46.4,3.050,N
BX20-005,184.00,185.50,8.172,2.785,50.0,3.047,N
BX20-005,185.50,187.50,8.321,2.775,48.9,3.051,Y
BX20-005,187.50,189.00,7.762,2.621,46.7,3.109,N
BX20-005,189.00,191.00,8.070,2.769,46.7,3.103,N
BX20-005,191.00,193.00,8.085,2.923,46.6,3.071,N
BX20-005,193.00,194.00,8.691,3.114,50.4,3.086,N
BX20-005,194.00,196.00,8.462,2.866,53.1,3.098,N
BX20-005,196.00,197.50,8.158,2.792,51.0,3.099,N
BX20-005,197.50,198.50,8.807,3.093,50.0,3.124,N
BX20-005,198.50,199.50,7.801,2.788,46.9,3.105,N
BX20-005,199.50,200.50,8.273,2.804,51.5,3.093,N
BX20-005,200.50,202.50,8.361,2.906,50.4,3.108,N
BX20-005,202.50,204.00,8.283,2.762,50.8,3.142,N
BX20-005,204.00,205.00,8.047,2.782,45.9,3.145,N
BX20-005,205.00,206.00,8.821,3.093,52.7,3.130,N
BX20-005,206.00,208.00,8.628,2.902,52.7,3.097,N
BX20-005,208.00,210.00,8.874,2.981,52.7,3.124,N
BX20-005,210.00,211.50,8.536,2.963,52.2,3.117,N
BX20-005,211.50,212.50,8.803,2.967,54.1,3.149,N
BX20-005,212.50,213.50,8.627,3.039,53.9,3.122,N
BX20-005,213.50,214.50,8.364,2.905,52.2,3.134,N
BX20-005,214.50,215.50,9.262,3.121,54.9,3.095,N
BX20-005,215.50,217.50,9.268,3.273,55.4,3.057,N
BX20-005,217.50,218.50,9.084,3.046,54.7,3.144,N
BX20-005,218.50,220.00,9.121,3.279,54.6,3.060,N
BX20-005,220.00,221.50,8.270,3.042,50.0,3.141,N
BX20-005,221.50,223.50,9.449,3.339,56.7,3.109,N
BX20-005,223.50,225.00,9.178,3.360,56.3,3.093,N
BX20-005,225.00,226.50,9.074,3.146,54.2,3.061,N
BX20-005,226.50,228.00,9.160,3.205,54.3,3.100,N
BX20-005,228.00,230.00,8.857,3.084,55.2,3.117,N
BX20-005,230.00,231.00,9.259,3.198,53.1,3.109,N
BX20-005,231.00,232.00,8.699,2.925,51.4,3.089,N
BX20-005,232.00,233.00,8.937,3.161,52.7,3.187,N
BX20-005,233.00,234.00,8.685,3.088,51.3,3.076,N
BX20-005,234.00,236.00,8.528,2.933,53.3,3.074,N
BX20-005,236.00,237.50,9.592,3.277,58.5,3.085,N
BX20-005,237.50,238.50,8.728,3.002,54.2,3.043,N
BX20-005,238.50,239.50,8.900,3.205,50.5,3.155,N
BX20-005,239.50,241.50,8.815,3.202,53.8,3.116,N
BX20-005,241.50,243.00,9.179,3.222,51.7,3.077,N
BX20-005,243.00,244.50,9.246,3.161,55.8,3.066,N
BX20-005,244.50,246.50,8.701,3.014,53.3,3.142,N
BX20-005,246.50,247.50,8.803,2.940,54.8,3.036,N
BX20-005,247.50,248.50,9.034,3.240,52.0,3.086,N
BX20-005,248.50,250.00,8.831,2.933,51.9,3.094,N
BX20-005,250.00,251.00,8.744,3.070,53.5,3.086,N
BX20-005,251.00,252.50,8.803,3.025,56.5,3.099,N
BX20-005,252.50,254.50,8.813,2.865,50.6,3.100,N
BX20-005,254.50,256.00,8.828,3.045,52.1,3.184,N
BX20-005,256.00,258.00,8.648,3.111,51.6,3.152,N
BX20-005,258.00,259.00,9.114,3.089,52.6,3.075,N
BX20-005,259.00,260.50,9.110,3.192,52.9,3.089,N
BX20-005,260.50,261.50,8.764,3.178,55.7,3.111,N
BX20-005,261.50,262.50,8.758,3.067,49.3,3.127,N
BX20-005,262.50,264.50,9.077,3.028,52.4,3.078,N
BX20-005,264.50,265.50,8.575,3.152,53.5,3.098,N
BX20-005,265.50,266.50,8.737,3.057,52.6,3.070,N
BX20-005,266.50,268.00,8.780,3.035,51.4,3.145,N
BX20-005,268.00,269.00,8.317,2.896,53.5,3.114,N
BX20-005,269.00,270.00,8.650,3.050,51.7,3.044,N
BX20-006,0.00,1.00,0.390,0.057,1.2,2.668,N
BX20-006,1.00,2.00,0.031,0.010,0.5,2.654,N
BX20-006,2.00,4.00,0.494,0.215,5.4,2.629,N
BX20-006,4.00,5.00,0.020,0.010,3.2,2.595,N
BX20-006,5.00,7.00,0.020,0.010,0.5,2.606,N
BX20-006,7.00,9.00,0.253,0.253,0.5,2.607,N
BX20-006,9.00,10.00,0.020,0.108,0.5,2.565,N
BX20-006,10.00,11.00,0.326,0.032,0.5,2.647,Y
BX20-006,11.00,13.00,0.080,0.010,3.5,2.625,N
BX20-006,13.00,14.00,0.020,0.010,0.5,2.652,N
BX20-006,14.00,15.50,0.151,0.170,1.2,2.606,N
BX20-006,15.50,16.50,0.020,0.165,2.0,2.673,N
BX20-006,16.50,18.00,0.107,0.010,1.5,2.656,N
BX20-006,18.00,20.00,0.674,0.292,0.5,2.657,N
BX20-006,20.00,21.00,0.173,0.079,4.2,2.679,N
BX20-006,21.00,22.50,0.508,0.277,4.0,2.623,N
BX20-006,22.50,23.50,0.536,0.201,4.0,2.646,N
BX20-006,23.50,24.50,0.315,0.180,4.0,2.601,N
BX20-006,24.50,26.00,0.030,0.158,0.5,2.628,N
BX20-006,26.00,27.00,0.576,0.200,0.6,2.604,N
BX20-006,27.00,28.50,0.020,0.027,0.5,2.623,N
BX20-006,28.50,29.50,0.020,0.028,0.5,2.577,N
BX20-006,29.50,31.50,0.020,0.037,1.4,2.622,Y
BX20-006,31.50,32.50,0.030,0.140,0.5,2.627,N
BX20-006,32.50,33.50,0.196,0.089,0.6,2.607,N
BX20-006,33.50,34.50,0.444,0.189,3.5,2.669,N
BX20-006,34.50,36.00,0.588,0.225,6.8,2.673,N
BX20-006,36.00,37.50,0.048,0.134,0.5,2.654,N
BX20-006,37.50,39.50,0.020,0.025,1.6,2.617,N
BX20-006,39.50,40.50,0.339,0.010,1.2,2.647,N
BX20-006,40.50,42.50,0.059,0.065,1.4,2.665,Y
BX20-006,42.50,44.50,0.262,0.031,2.7,2.555,N
BX20-006,44.50,45.50,0.028,0.010,0.5,2.626,N
BX20-006,45.50,46.50,0.528,0.107,4.3,2.644,N
BX20-006,46.50,47.50,0.172,0.046,4.4,2.626,N
BX20-006,47.50,48.50,0.086,0.010,0.5,2.627,N
BX20-006,48.50,49.50,0.577,0.148,0.6,2.630,N
BX20-006,49.50,50.50,0.414,0.250,0.8,2.574,N
BX20-006,50.50,52.50,0.271,0.130,2.3,2.646,N
BX20-006,52.50,54.50,0.731,0.254,4.1,2.659,N
BX20-006,54.50,56.00,0.625,0.218,2.0,2.646,N
BX20-006,56.00,57.00,0.616,0.179,3.5,2.680,N
BX20-006,57.00,58.50,0.281,0.040,3.7,2.630,N
BX20-006,58.50,60.00,0.856,0.273,6.0,2.670,N
BX20-006,60.00,61.00,0.982,0.386,5.1,2.690,Y
BX20-006,61.00,63.00,0.156,0.070,4.3,2.617,N
BX20-006,63.00,64.50,0.821,0.377,2.9,2.661,N
BX20-006,64.50,65.50,0.558,0.235,0.5,2.663,Y
BX20-006,65.50,66.50,0.679,0.161,6.6,2.684,N
BX20-006,66.50,68.00,1.004,0.188,7.4,2.652,N
BX20-006,68.00,69.00,0.742,0.236,2.3,2.689,N
BX20-006,69.00,70.00,0.874,0.323,7.5,2.652,N
BX20-006,70.00,71.00,0.553,0.255,0.5,2.694,N
BX20-006,71.00,72.00,0.294,0.010,0.5,2.647,N
BX20-006,72.00,73.00,0.928,0.336,5.0,2.652,N
BX20-006,73.00,74.50,0.020,0.010,1.2,2.661,N
BX20-006,74.50,75.50,0.642,0.257,5.6,2.683,N
BX20-006,75.50,77.00,0.896,0.309,2.1,2.689,N
BX20-006,77.00,78.50,0.625,0.077,4.8,2.644,N
BX20-006,78.50,80.50,0.460,0.084,2.9,2.662,N
BX20-006,80.50,81.50,0.856,0.470,7.3,2.637,N
BX20-006,81.50,82.50,0.219,0.066,0.5,2.666,N
BX20-006,82.50,84.50,0.665,0.192,3.9,2.693,N
BX20-006,84.50,86.50,1.084,0.365,7.7,2.661,N
BX20-006,86.50,87.50,0.259,0.027,1.1,2.660,Y
BX20-006,87.50,88.50,0.538,0.346,4.1,2.647,N
BX20-006,88.50,89.50,0.638,0.116,1.8,2.685,N
BX20-006,89.50,90.50,0.844,0.302,4.0,2.695,N
BX20-006,90.50,92.00,0.821,0.438,5.8,2.614,N
BX20-006,92.00,94.00,0.953,0.366,10.5,2.616,Y
BX20-006,94.00,95.00,1.380,0.599,9.7,2.652,N
BX20-006,95.00,96.00,0.243,0.066,0.5,2.611,N
BX20-006,96.00,97.00,1.488,0.465,9.0,2.687,N
BX20-006,97.00,98.00,0.868,0.106,4.1,2.690,N
BX20-006,98.00,100.00,0.734,0.252,5.5,2.642,N
BX20-006,100.00,101.00,1.351,0.292,8.3,2.659,N
BX20-006,101.00,103.00,1.375,0.472,9.6,2.669,N
BX20-006,103.00,105.00,1.037,0.165,3.1,2.625,N
BX20-006,105.00,106.00,1.616,0.474,6.6,2.785,N
BX20-006,106.00,107.00,0.789,0.257,5.7,2.692,N
BX20-006,107.00,108.50,0.806,0.157,6.6,2.629,N
BX20-006,108.50,110.50,0.639,0.148,7.6,2.703,N
BX20-006,110.50,111.50,1.663,0.426,10.7,2.729,N
BX20-006,111.50,113.50,0.379,0.222,1.2,2.612,N
BX20-006,113.50,114.50,1.486,0.391,6.9,2.711,N
BX20-006,114.50,115.50,1.317,0.411,9.1,2.718,N
BX20-006,115.50,117.50,1.220,0.800,7.0,2.666,N
BX20-006,117.50,118.50,1.549,0.319,11.5,2.698,N
BX20-006,118.50,119.50,1.251,0.484,9.2,2.719,N
BX20-006,119.50,120.50,0.829,0.199,3.9,2.642,N
BX20-006,120.50,121.50,1.059,0.313,4.4,2.648,N
BX20-006,121.50,123.00,1.426,0.537,6.9,2.691,N
BX20-006,123.00,124.00,1.103,0.246,8.9,2.715,N
BX20-006,124.00,126.00,1.079,0.358,6.1,2.649,N
BX20-006,126.00,127.50,2.120,0.758,12.1,2.708,N
BX20-006,127.50,128.50,1.514,0.444,10.8,2.662,N
BX20-006,128.50,130.00,1.213,0.372,8.4,2.647,N
BX20-006,130.00,131.50,1.979,0.600,12.5,2.741,N
BX20-006,131.50,132.50,2.086,0.687,11.8,2.742,N
BX20-006,132.50,133.50,1.184,0.349,5.6,2.699,Y
BX20-006,133.50,135.50,1.398,0.483,7.7,2.773,N
BX20-006,135.50,137.00,1.913,0.712,9.0,2.774,N
BX20-006,137.00,138.50,2.013,0.576,11.0,2.735,N
BX20-006,138.50,140.50,2.223,0.605,13.7,2.737,N
BX20-006,140.50,141.50,1.914,0.724,15.0,2.711,N
BX20-006,141.50,143.00,1.774,0.610,10.1,2.720,N
BX20-006,143.00,144.00,1.994,0.737,10.0,2.717,N
BX20-006,144.00,145.00,1.224,0.369,10.0,2.769,N
BX20-006,145.00,146.50,2.430,0.880,12.6,2.749,N
BX20-006,146.50,147.50,1.820,0.497,10.7,2.756,N
BX20-006,147.50,149.00,1.670,0.586,11.6,2.690,N
BX20-006,149.00,150.00,2.013,0.827,15.4,2.756,N
BX20-006,150.00,151.50,1.933,0.519,8.5,2.697,N
BX20-006,151.50,152.50,2.370,0.717,18.1,2.722,N
BX20-006,152.50,153.50,1.968,0.872,16.4,2.735,N
BX20-006,153.50,154.50,2.510,0.732,15.6,2.759,N
BX20-006,154.50,155.50,2.062,0.663,7.6,2.790,N
BX20-006,155.50,157.50,2.444,0.918,14.1,2.763,N
BX20-006,157.50,158.50,2.120,0.848,9.2,2.724,N
BX20-006,158.50,160.50,2.276,0.745,12.8,2.771,N
BX20-006,160.50,161.50,2.931,1.048,15.5,2.766,N
BX20-006,161.50,162.50,2.734,1.075,12.2,2.788,N
BX20-006,162.50,163.50,2.834,0.957,14.9,2.773,N
BX20-006,163.50,165.50,2.812,0.932,14.1,2.810,N
BX20-006,165.50,167.00,2.466,0.922,18.0,2.769,N
BX20-006,167.00,169.00,2.491,0.928,16.6,2.724,N
BX20-006,169.00,171.00,2.459,0.786,13.1,2.764,N
BX20-006,171.00,173.00,2.676,0.934,17.7,2.799,N
BX20-006,173.00,174.50,3.175,1.135,21.4,2.889,N
BX20-006,174.50,176.50,2.774,0.995,15.7,2.755,N
BX20-006,176.50,177.50,3.285,1.160,18.5,2.836,N
BX20-006,177.50,179.00,2.841,0.966,19.8,2.782,N
BX20-006,179.00,180.00,3.377,1.223,17.0,2.872,N
BX20-006,180.00,181.00,3.339,1.211,21.2,2.818,N
BX20-006,181.00,182.00,2.922,1.097,20.8,2.735,N
BX20-006,182.00,183.00,3.405,1.173,19.9,2.809,N
BX20-006,183.00,184.00,3.088,1.201,19.5,2.818,N
BX20-006,184.00,185.00,3.351,1.091,20.9,2.792,N
BX20-006,185.00,186.00,3.311,1.231,20.3,2.876,N
BX20-006,186.00,187.00,3.051,1.121,17.2,2.840,N
BX20-006,187.00,189.00,3.022,1.019,19.7,2.795,N
BX20-006,189.00,190.00,3.863,1.296,23.5,2.839,N
BX20-006,190.00,191.00,3.242,1.092,16.1,2.796,N
BX20-006,191.00,193.00,3.323,1.228,16.7,2.823,N
BX20-006,193.00,194.50,3.004,1.213,18.9,2.790,N
BX20-006,194.50,196.00,3.449,1.186,17.4,2.796,N
BX20-006,196.00,197.00,3.839,1.493,21.4,2.847,N
BX20-006,197.00,198.00,3.463,1.224,19.8,2.827,N
BX20-006,198.00,199.00,3.785,1.377,23.5,2.882,N
BX20-006,199.00,201.00,3.644,1.195,19.7,2.840,N
BX20-006,201.00,202.00,3.641,1.204,19.9,2.814,N
BX20-006,202.00,203.50,4.437,1.444,28.7,2.881,N
BX20-006,203.50,205.00,4.012,1.556,22.8,2.836,N
BX20-006,205.00,207.00,4.663,1.429,29.1,2.894,N
BX20-006,207.00,209.00,5.245,1.708,29.8,2.960,N
BX20-006,209.00,210.50,4.327,1.650,24.1,2.868,N
BX20-006,210.50,212.50,4.129,1.350,24.3,2.888,N
BX20-006,212.50,213.50,4.700,1.574,27.9,2.847,N
BX20-006,213.50,215.00,4.478,1.482,28.4,2.873,N
BX20-006,215.00,216.00,4.514,1.430,29.8,2.917,N
BX20-006,216.00,217.50,3.980,1.455,24.8,2.874,N
BX20-006,217.50,219.50,4.653,1.509,24.2,2.918,N
BX20-006,219.50,220.50,4.857,1.765,29.7,2.889,N
BX20-006,220.50,222.50,4.655,1.578,25.6,2.899,N
BX20-006,222.50,223.50,4.910,1.606,28.6,2.849,N
BX20-006,223.50,225.50,5.325,1.775,33.7,2.941,N
BX20-006,225.50,226.50,4.940,1.752,30.4,2.914,N
BX20-006,226.50,228.00,4.994,1.702,31.5,2.937,N
BX20-006,228.00,229.00,4.911,1.640,32.5,2.844,N
BX20-006,229.00,230.00,5.499,1.878,33.4,2.958,N
BX20-006,230.00,232.00,5.432,1.829,32.2,2.946,N
BX20-006,232.00,233.50,5.919,2.106,37.5,2.985,N
BX20-006,233.50,235.50,5.705,2.160,31.2,2.977,N
BX20-006,235.50,236.50,5.760,2.252,30.3,3.004,N
BX20-006,236.50,237.50,5.352,1.779,32.6,2.913,N
BX20-006,237.50,239.00,5.292,1.799,33.0,2.929,N
BX20-006,239.00,241.00,5.604,1.980,31.5,2.939,N
BX20-006,241.00,242.00,5.807,2.127,34.7,2.986,N
BX20-006,242.00,243.00,5.792,1.836,31.8,2.960,N
BX20-006,243.00,244.50,6.239,2.248,36.3,2.987,N
BX20-006,244.50,245.50,5.665,1.894,34.1,2.965,N
BX20-006,245.50,246.50,5.739,2.096,35.0,2.955,N
BX20-006,246.50,247.50,5.640,1.917,36.6,2.999,N
BX20-006,247.50,248.50,6.140,2.074,35.7,2.982,N
BX20-006,248.50,249.50,5.698,1.908,34.7,2.994,N
BX20-006,249.50,251.50,6.200,2.312,37.3,3.007,N
BX20-006,251.50,253.50,6.063,2.197,34.2,3.000,N
BX20-006,253.50,255.50,5.346,1.870,34.9,2.937,N
BX20-006,255.50,256.50,6.003,2.090,34.4,2.998,N
BX20-006,256.50,257.50,6.256,2.085,37.7,3.000,N
BX20-006,257.50,259.50,6.553,2.374,42.9,3.000,N
BX20-006,259.50,260.50,6.216,2.286,34.8,2.997,N
BX20-006,260.50,262.50,6.466,2.298,40.0,3.019,N
BX20-006,262.50,263.50,5.976,1.966,35.9,2.947,N
BX20-006,263.50,264.50,5.883,2.043,32.8,2.942,N
BX20-006,264.50,265.50,7.247,2.638,46.9,3.046,N
BX20-006,265.50,266.50,7.349,2.588,46.0,3.054,N
BX20-006,266.50,268.50,6.745,2.430,39.4,3.042,N
BX20-006,268.50,269.50,6.613,2.160,39.2,2.996,N
BX20-006,269.50,270.50,7.195,2.436,43.4,3.032,N
BX20-006,270.50,272.50,7.207,2.641,37.2,3.113,N
BX20-006,272.50,273.50,7.346,2.518,46.1,3.102,N
BX20-006,273.50,274.50,6.541,2.206,36.6,2.986,N
BX20-006,274.50,275.50,7.209,2.688,41.7,3.094,N
BX20-006,275.50,276.50,7.539,2.640,45.9,3.075,N
BX20-006,276.50,278.00,6.993,2.429,46.1,3.053,N
BX20-006,278.00,279.50,6.897,2.317,42.0,3.088,N
BX20-006,279.50,281.00,7.585,2.658,47.5,3.039,N
BX20-006,281.00,282.50,6.955,2.447,41.5,2.983,N
BX20-006,282.50,284.00,7.735,2.826,49.5,3.117,N
BX20-006,284.00,286.00,6.915,2.394,47.4,3.046,N
BX20-006,286.00,287.50,7.798,2.725,43.9,3.107,N
BX20-006,287.50,289.50,7.601,2.726,49.1,3.054,Y
BX20-006,289.50,291.00,7.111,2.445,44.0,3.081,N
BX20-006,291.00,292.00,7.621,2.653,43.6,3.036,N
BX20-006,292.00,293.50,7.503,2.476,44.7,3.085,N
BX20-006,293.50,294.50,7.530,2.594,44.0,3.067,N
BX20-006,294.50,295.50,7.104,2.488,41.0,3.053,N
BX20-006,295.50,296.50,7.504,2.701,43.9,3.068,N
BX20-006,296.50,298.00,7.473,2.700,46.5,3.047,N
BX20-006,298.00,299.50,7.459,2.769,44.2,3.014,N
BX20-006,299.50,300.50,7.240,2.602,44.9,3.051,N
BX20-006,300.50,301.50,8.206,2.821,47.6,3.077,N
BX20-006,301.50,302.50,7.662,2.879,41.7,3.124,N
BX20-006,302.50,304.00,8.254,2.801,50.4,3.098,N
BX20-006,304.00,305.50,7.256,2.782,45.6,3.086,N
BX20-006,305.50,307.00,8.000,2.732,50.1,3.112,N
BX20-006,307.00,308.50,7.431,2.668,45.8,3.034,N
BX20-006,308.50,309.50,8.067,2.792,49.6,3.077,N
BX20-006,309.50,310.50,7.828,2.554,51.4,3.090,N
BX20-006,310.50,312.00,8.137,2.877,50.2,3.096,N
BX20-007,0.00,1.50,0.303,0.096,2.1,2.660,N
BX20-007,1.50,3.00,0.520,0.345,7.1,2.643,N
BX20-007,3.00,4.50,0.036,0.010,0.5,2.594,N
BX20-007,4.50,6.50,0.020,0.121,0.5,2.622,Y
BX20-007,6.50,7.50,0.020,0.010,1.1,2.609,Y
BX20-007,7.50,9.50,0.020,0.010,0.5,2.613,N
BX20-007,9.50,10.50,0.020,0.010,0.5,2.576,N
BX20-007,10.50,12.00,0.509,0.343,4.5,2.664,N
BX20-007,12.00,13.50,0.020,0.121,0.5,2.676,N
BX20-007,13.50,15.50,0.337,0.161,1.9,2.663,N
BX20-007,15.50,16.50,0.343,0.113,3.8,2.678,N
BX20-007,16.50,17.50,0.549,0.193,5.1,2.621,N
BX20-007,17.50,19.00,0.020,0.010,0.5,2.608,N
BX20-007,19.00,21.00,0.020,0.010,0.5,2.625,N
BX20-007,21.00,22.00,0.622,0.295,2.7,2.626,N
BX20-007,22.00,23.00,0.454,0.214,3.5,2.646,N
BX20-007,23.00,25.00,0.020,0.010,0.5,2.573,N
BX20-007,25.00,26.00,0.120,0.083,0.5,2.601,N
BX20-007,26.00,27.50,0.020,0.010,0.5,2.584,N
BX20-007,27.50,29.00,0.302,0.217,1.2,2.640,N
BX20-007,29.00,31.00,0.020,0.010,0.5,2.599,N
BX20-007,31.00,32.00,0.208,0.010,0.5,2.595,N
BX20-007,32.00,33.00,0.117,0.114,1.1,2.652,N
BX20-007,33.00,34.00,0.020,0.010,0.5,2.581,N
BX20-007,34.00,35.50,0.020,0.010,0.5,2.592,N
BX20-007,35.50,36.50,0.020,0.010,3.8,2.583,Y
BX20-007,36.50,38.00,0.020,0.019,1.3,2.618,N
BX20-007,38.00,39.00,0.020,0.084,1.2,2.607,N
BX20-007,39.00,41.00,0.020,0.012,1.8,2.610,N
BX20-007,41.00,43.00,0.020,0.154,0.5,2.660,N
BX20-007,43.00,44.50,0.020,0.010,0.6,2.639,N
BX20-007,44.50,45.50,0.020,0.080,0.5,2.634,N
BX20-007,45.50,46.50,0.588,0.132,2.4,2.665,N
BX20-007,46.50,48.00,0.099,0.053,0.7,2.681,N
BX20-007,48.00,49.50,0.020,0.010,0.5,2.649,N
BX20-007,49.50,51.50,0.020,0.165,1.9,2.618,N
BX20-007,51.50,53.00,0.434,0.195,3.7,2.650,N
BX20-007,53.00,55.00,0.020,0.064,0.9,2.611,N
BX20-007,55.00,56.00,0.020,0.010,0.5,2.626,N
BX20-007,56.00,57.00,0.020,0.220,2.7,2.594,N
BX20-007,57.00,59.00,0.020,0.045,1.2,2.643,N
BX20-007,59.00,60.00,0.020,0.010,0.5,2.588,N
BX20-007,60.00,61.50,0.351,0.229,4.1,2.624,Y
BX20-007,61.50,63.50,0.116,0.010,0.5,2.594,N
BX20-007,63.50,64.50,0.020,0.010,0.5,2.622,N
BX20-007,64.50,65.50,0.020,0.010,5.2,2.647,N
BX20-007,65.50,67.00,0.020,0.120,0.5,2.625,N
BX20-007,67.00,69.00,0.170,0.029,0.5,2.628,N
BX20-007,69.00,70.50,0.020,0.010,0.5,2.670,N
BX20-007,70.50,71.50,0.427,0.114,3.9,2.670,N
BX20-007,71.50,73.00,0.303,0.131,3.8,2.645,N
BX20-007,73.00,74.50,0.281,0.228,3.2,2.621,N
BX20-007,74.50,76.50,0.205,0.142,0.5,2.661,N
BX20-007,76.50,77.50,0.020,0.025,0.5,2.626,N
BX20-007,77.50,78.50,0.285,0.085,2.0,2.611,N
BX20-007,78.50,80.00,0.453,0.089,2.8,2.632,N
BX20-007,80.00,81.00,0.059,0.060,0.5,2.646,N
BX20-007,81.00,83.00,0.220,0.010,1.0,2.636,N
BX20-007,83.00,84.00,0.032,0.142,3.0,2.642,N
BX20-007,84.00,85.00,0.062,0.010,3.9,2.605,N
BX20-007,85.00,86.00,0.020,0.182,0.5,2.620,N
BX20-007,86.00,87.00,0.020,0.010,0.5,2.658,N
BX20-007,87.00,88.50,0.154,0.010,0.5,2.571,N
BX20-007,88.50,90.00,0.302,0.010,2.7,2.657,N
BX20-007,90.00,91.00,0.020,0.101,0.5,2.650,N
BX20-007,91.00,92.00,0.409,0.195,0.5,2.658,N
BX20-007,92.00,93.50,0.217,0.099,2.3,2.703,N
BX20-007,93.50,94.50,0.020,0.080,1.1,2.604,N
BX20-007,94.50,96.50,0.128,0.010,0.5,2.647,Y
BX20-007,96.50,97.50,0.531,0.010,3.9,2.654,N
BX20-007,97.50,99.50,0.269,0.106,0.5,2.581,N
BX20-007,99.50,101.00,0.233,0.077,1.3,2.603,N
BX20-007,101.00,102.00,0.020,0.041,0.5,2.654,N
BX20-007,102.00,104.00,0.656,0.387,2.7,2.639,N
BX20-007,104.00,105.00,0.020,0.069,1.5,2.659,N
BX20-007,105.00,107.00,0.020,0.010,1.1,2.612,N
BX20-007,107.00,108.00,0.216,0.045,3.6,2.692,N
BX20-007,108.00,109.00,0.026,0.152,0.7,2.636,N
BX20-007,109.00,111.00,0.020,0.181,0.5,2.624,N
BX20-007,111.00,112.00,0.075,0.010,2.7,2.603,N
BX20-007,112.00,113.00,0.300,0.010,0.5,2.574,N
BX20-007,113.00,114.50,0.020,0.051,2.8,2.629,N
BX20-007,114.50,115.50,0.161,0.168,1.8,2.638,N
BX20-007,115.50,116.50,0.588,0.213,4.7,2.688,Y
BX20-007,116.50,118.50,0.020,0.162,0.5,2.619,N
BX20-007,118.50,119.50,0.020,0.058,0.5,2.610,N
BX20-007,119.50,120.50,0.396,0.212,1.6,2.586,N
BX20-007,120.50,122.00,0.339,0.179,1.5,2.608,N
BX20-007,122.00,123.00,0.020,0.064,2.5,2.684,N
BX20-007,123.00,124.00,0.355,0.010,1.6,2.621,N
BX20-007,124.00,126.00,0.096,0.010,0.5,2.596,N
BX20-007,126.00,128.00,0.020,0.164,0.5,2.587,N
BX20-007,128.00,130.00,0.020,0.039,0.9,2.645,N
BX20-007,130.00,131.00,0.020,0.091,0.5,2.625,N
BX20-007,131.00,133.00,0.473,0.100,2.5,2.624,N
BX20-007,133.00,134.50,0.156,0.148,0.5,2.578,N
BX20-007,134.50,136.00,0.020,0.010,0.5,2.634,N
BX20-007,136.00,137.00,0.020,0.010,0.5,2.615,N
BX20-007,137.00,139.00,0.112,0.099,1.1,2.621,N
BX20-007,139.00,140.00,0.561,0.275,4.7,2.655,N
BX20-007,140.00,141.00,0.357,0.113,6.6,2.630,N
BX20-007,141.00,143.00,0.583,0.119,3.5,2.608,N
BX20-007,143.00,145.00,0.260,0.010,0.5,2.676,N
BX20-007,145.00,147.00,0.020,0.010,2.0,2.601,N
BX20-007,147.00,149.00,0.305,0.134,2.4,2.655,N
BX20-007,149.00,150.50,0.241,0.185,0.5,2.647,N
BX20-007,150.50,152.00,0.260,0.208,1.3,2.609,N
BX20-007,152.00,153.00,0.105,0.128,2.3,2.619,N
BX20-007,153.00,154.00,0.276,0.010,0.5,2.636,N
BX20-007,154.00,155.50,0.351,0.116,4.9,2.676,N
BX20-007,155.50,157.50,0.020,0.031,0.5,2.579,N
BX20-007,157.50,158.50,0.642,0.377,1.1,2.633,N
BX20-007,158.50,159.50,1.237,0.404,8.6,2.731,N
BX20-007,159.50,160.50,0.444,0.096,3.0,2.608,N
BX20-007,160.50,161.50,0.256,0.178,1.3,2.647,N
BX20-007,161.50,162.50,0.638,0.364,1.8,2.622,N
BX20-007,162.50,163.50,0.078,0.010,0.5,2.662,N
BX20-007,163.50,165.50,0.363,0.176,0.5,2.687,N
BX20-007,165.50,166.50,0.494,0.262,1.5,2.634,N
BX20-007,166.50,168.00,1.277,0.476,7.0,2.716,N
BX20-007,168.00,169.00,0.020,0.033,0.5,2.645,N
BX20-007,169.00,170.00,0.666,0.225,0.7,2.631,N
BX20-007,170.00,172.00,0.280,0.118,0.5,2.659,N
BX20-007,172.00,173.00,0.247,0.171,1.5,2.661,N
BX20-007,173.00,174.00,0.378,0.118,0.5,2.672,N
BX20-007,174.00,175.00,0.165,0.010,2.2,2.677,N
BX20-007,175.00,176.00,0.665,0.157,4.1,2.670,N
BX20-007,176.00,177.00,0.514,0.224,4.3,2.658,N
BX20-007,177.00,179.00,0.771,0.207,7.0,2.657,N
BX20-007,179.00,180.50,0.253,0.213,2.8,2.630,N
BX20-007,180.50,181.50,0.551,0.159,3.3,2.676,N
BX20-007,181.50,182.50,0.082,0.010,0.5,2.659,N
BX20-007,182.50,183.50,0.045,0.053,0.5,2.609,N
BX20-007,183.50,184.50,0.252,0.010,0.5,2.634,N
BX20-007,184.50,186.00,0.208,0.059,3.1,2.628,N
BX20-007,186.00,187.00,1.007,0.374,7.0,2.643,N
BX20-008,0.00,2.00,0.020,0.010,1.2,2.597,N
BX20-008,2.00,3.00,0.020,0.010,2.2,2.602,N
BX20-008,3.00,4.50,0.309,0.188,0.5,2.634,N
BX20-008,4.50,6.50,0.020,0.024,0.9,2.597,N
BX20-008,6.50,7.50,0.020,0.010,0.5,2.615,N
BX20-008,7.50,9.00,0.159,0.034,0.5,2.615,N
BX20-008,9.00,11.00,0.020,0.057,0.5,2.598,N
BX20-008,11.00,12.00,0.600,0.237,4.0,2.648,N
BX20-008,12.00,14.00,0.020,0.055,0.5,2.632,N
BX20-008,14.00,15.50,0.458,0.229,4.2,2.630,N
BX20-008,15.50,16.50,0.020,0.026,0.5,2.641,N
BX20-008,16.50,18.00,0.349,0.184,7.0,2.639,N
BX20-008,18.00,20.00,0.199,0.242,3.3,2.620,N
BX20-008,20.00,22.00,0.298,0.033,4.6,2.596,N
BX20-008,22.00,24.00,0.248,0.045,1.2,2.631,N
BX20-008,24.00,25.00,0.020,0.010,2.1,2.642,N
BX20-008,25.00,26.00,0.020,0.076,0.8,2.619,N
BX20-008,26.00,27.00,0.414,0.165,3.3,2.597,N
BX20-008,27.00,28.00,0.020,0.010,0.6,2.567,N
BX20-008,28.00,30.00,0.582,0.230,2.5,2.705,N
BX20-008,30.00,32.00,0.273,0.010,2.9,2.640,N
BX20-008,32.00,33.50,0.020,0.060,1.5,2.642,Y
BX20-008,33.50,35.50,0.020,0.010,0.5,2.637,N
BX20-008,35.50,36.50,0.020,0.010,0.9,2.638,N
BX20-008,36.50,37.50,0.621,0.245,5.5,2.630,N
BX20-008,37.50,38.50,0.020,0.010,0.5,2.614,N
BX20-008,38.50,39.50,0.325,0.160,0.5,2.677,N
BX20-008,39.50,40.50,0.188,0.064,2.3,2.625,N
BX20-008,40.50,42.50,0.281,0.093,1.1,2.655,N
BX20-008,42.50,43.50,0.086,0.044,1.9,2.622,N
BX20-008,43.50,45.00,0.020,0.034,1.9,2.701,N
BX20-008,45.00,46.00,0.020,0.060,0.5,2.624,N
BX20-008,46.00,47.00,0.020,0.103,2.4,2.643,N
BX20-008,47.00,48.00,0.020,0.069,0.5,2.638,N
BX20-008,48.00,50.00,0.580,0.181,0.8,2.631,N
BX20-008,50.00,51.50,0.028,0.010,0.5,2.631,N
BX20-008,51.50,52.50,0.228,0.013,0.5,2.650,N
BX20-008,52.50,54.00,0.020,0.096,4.4,2.651,N
BX20-008,54.00,55.50,0.020,0.010,0.5,2.596,N
BX20-008,55.50,57.50,0.020,0.010,2.4,2.669,N
BX20-008,57.50,59.00,0.043,0.126,1.1,2.603,N
BX20-008,59.00,61.00,0.121,0.010,0.5,2.592,N
BX20-008,61.00,62.50,0.020,0.010,0.5,2.673,N
BX20-008,62.50,63.50,0.355,0.109,1.6,2.595,N
BX20-008,63.50,64.50,0.020,0.010,1.6,2.568,N
BX20-008,64.50,66.00,0.020,0.133,0.5,2.642,N
BX20-008,66.00,67.00,0.020,0.010,1.0,2.584,N
BX20-008,67.00,68.50,0.465,0.010,3.6,2.654,N
BX20-008,68.50,70.00,0.149,0.162,3.0,2.639,N
BX20-008,70.00,71.50,0.020,0.010,0.7,2.652,N
BX20-008,71.50,73.50,0.466,0.147,3.2,2.715,N
BX20-008,73.50,74.50,0.883,0.290,6.8,2.633,N
BX20-008,74.50,75.50,0.020,0.010,0.7,2.587,N
BX20-008,75.50,76.50,0.546,0.211,2.3,2.685,N
BX20-008,76.50,77.50,0.020,0.010,0.5,2.585,N
BX20-008,77.50,78.50,0.661,0.401,4.7,2.632,N
BX20-008,78.50,80.00,0.020,0.059,0.5,2.653,N
BX20-008,80.00,81.00,0.020,0.010,0.5,2.659,N
BX20-008,81.00,82.00,0.334,0.209,0.5,2.676,N
BX20-008,82.00,84.00,0.988,0.491,3.3,2.668,N
BX20-008,84.00,85.00,0.020,0.010,2.0,2.643,N
BX20-008,85.00,86.00,0.020,0.064,1.6,2.653,N
BX20-008,86.00,87.50,0.020,0.010,0.5,2.630,N
BX20-008,87.50,89.00,0.020,0.128,2.7,2.653,N
BX20-008,89.00,90.50,0.020,0.011,0.5,2.596,N
BX20-008,90.50,92.50,0.020,0.046,3.3,2.631,N
BX20-008,92.50,94.00,0.227,0.117,6.5,2.593,N
BX20-008,94.00,96.00,0.032,0.010,0.5,2.647,N
BX20-008,96.00,97.50,0.133,0.037,0.5,2.648,N
BX20-008,97.50,98.50,0.020,0.010,0.5,2.631,N
BX20-008,98.50,100.50,0.020,0.140,0.5,2.651,N
BX20-008,100.50,101.50,0.020,0.010,0.5,2.629,N
BX20-008,101.50,103.00,0.020,0.064,0.5,2.629,N
BX20-008,103.00,104.50,0.224,0.191,3.7,2.645,N
BX20-008,104.50,106.00,0.020,0.038,3.5,2.636,N
BX20-008,106.00,107.00,0.020,0.103,0.5,2.613,N
BX20-008,107.00,108.50,0.497,0.098,2.5,2.628,N
BX20-008,108.50,110.00,0.376,0.100,1.1,2.629,N
BX20-008,110.00,112.00,0.020,0.032,1.5,2.681,N
BX20-008,112.00,113.50,0.588,0.193,1.6,2.649,N
BX20-008,113.50,115.50,0.606,0.129,1.7,2.682,N
BX20-008,115.50,117.00,0.749,0.286,5.9,2.641,N
BX20-008,117.00,119.00,0.020,0.055,2.2,2.606,N
BX20-008,119.00,120.00,0.747,0.328,4.2,2.672,N
BX20-008,120.00,122.00,0.848,0.336,1.2,2.662,N
BX20-008,122.00,123.00,0.059,0.010,0.5,2.587,N
BX20-008,123.00,124.50,0.702,0.189,5.8,2.634,N
BX20-008,124.50,125.50,0.020,0.010,0.5,2.646,N
BX20-008,125.50,127.00,0.150,0.022,1.9,2.603,N
BX20-008,127.00,129.00,0.020,0.010,0.7,2.631,N
BX20-008,129.00,130.50,0.402,0.204,0.5,2.644,N
BX20-008,130.50,131.50,0.973,0.465,7.0,2.702,N
BX20-008,131.50,133.00,0.146,0.140,3.9,2.668,N
BX20-008,133.00,134.00,1.145,0.383,7.7,2.647,N
BX20-008,134.00,135.00,0.646,0.257,2.7,2.641,N
BX20-008,135.00,137.00,0.603,0.174,0.5,2.707,N
BX20-008,137.00,138.00,0.539,0.084,4.9,2.622,N
BX20-008,138.00,139.50,0.137,0.149,3.4,2.634,N
BX20-008,139.50,140.50,0.494,0.172,4.9,2.659,N
BX20-008,140.50,142.00,0.610,0.211,4.8,2.685,N
BX20-008,142.00,144.00,0.098,0.082,0.5,2.644,N
BX20-008,144.00,145.00,0.639,0.208,5.3,2.656,N
BX20-008,145.00,146.00,0.955,0.250,9.8,2.668,N
BX20-008,146.00,147.50,0.508,0.262,2.6,2.682,N
BX20-008,147.50,149.50,1.346,0.467,7.4,2.694,N
BX20-008,149.50,151.50,0.896,0.248,6.1,2.723,N
BX20-008,151.50,153.50,0.937,0.369,4.2,2.676,N
BX20-008,153.50,154.50,0.326,0.147,4.6,2.566,N
BX20-008,154.50,155.50,1.088,0.384,6.0,2.667,N
BX20-008,155.50,157.50,1.594,0.660,11.4,2.732,N
BX20-008,157.50,159.50,1.404,0.376,10.6,2.668,N
BX20-008,159.50,160.50,1.672,0.569,10.8,2.763,N
BX20-008,160.50,162.50,1.651,0.525,11.4,2.687,Y
BX20-008,162.50,164.00,2.098,0.587,8.9,2.775,N
BX20-008,164.00,165.50,1.652,0.735,7.5,2.721,N
BX20-008,165.50,166.50,1.972,0.600,8.5,2.737,N
BX20-008,166.50,167.50,1.997,0.553,13.1,2.707,N
BX20-008,167.50,168.50,1.796,0.687,9.8,2.692,N
BX20-008,168.50,170.00,1.386,0.423,7.6,2.712,N
BX20-008,170.00,172.00,1.719,0.896,10.4,2.690,N
BX20-008,172.00,173.50,2.145,0.938,16.0,2.727,N
BX20-008,173.50,174.50,1.741,0.768,10.9,2.744,N
BX20-008,174.50,176.00,2.373,0.752,16.9,2.733,N
BX20-008,176.00,177.00,1.710,0.504,6.8,2.728,N
BX20-008,177.00,178.00,2.236,0.795,12.2,2.777,N
BX20-008,178.00,179.50,2.389,0.742,15.9,2.815,N
BX20-008,179.50,181.00,1.524,0.636,9.4,2.703,N
BX20-008,181.00,182.00,2.276,0.864,14.3,2.742,N
BX20-008,182.00,183.00,1.586,0.552,10.2,2.699,N
BX20-008,183.00,184.50,2.456,0.899,12.6,2.746,N
BX20-008,184.50,186.00,2.469,0.665,11.4,2.755,N
BX20-008,186.00,187.00,2.152,0.592,12.5,2.719,N
BX20-008,187.00,188.00,2.406,0.831,17.2,2.769,N
BX20-008,188.00,189.50,3.124,1.222,21.4,2.823,N
BX20-008,189.50,190.50,2.169,0.784,14.8,2.714,N
BX20-008,190.50,191.50,2.530,0.784,15.6,2.796,Y
BX20-008,191.50,193.50,2.820,0.989,19.7,2.780,N
BX20-008,193.50,195.50,2.912,0.982,17.4,2.837,N
BX20-008,195.50,197.50,3.079,1.162,20.1,2.787,N
BX20-008,197.50,198.50,2.852,1.031,15.5,2.819,N
BX20-008,198.50,200.00,2.501,1.135,13.7,2.759,N
BX20-008,200.00,201.50,3.211,1.136,22.8,2.816,N
BX20-008,201.50,203.50,3.736,1.328,22.1,2.841,N
BX20-008,203.50,205.00,2.919,1.112,17.7,2.821,N
BX20-008,205.00,206.50,2.913,0.925,17.1,2.749,N
BX20-008,206.50,208.50,3.242,1.142,23.7,2.811,N
BX20-008,208.50,209.50,3.094,0.925,21.3,2.798,N
BX20-008,209.50,210.50,3.377,1.354,20.7,2.784,N
BX20-008,210.50,211.50,4.010,1.629,23.7,2.893,N
BX20-008,211.50,212.50,3.416,1.047,19.9,2.820,Y
BX20-008,212.50,213.50,3.422,1.128,22.6,2.800,N
BX20-008,213.50,215.50,3.582,1.454,20.2,2.848,N
BX20-008,215.50,216.50,3.857,1.284,21.9,2.838,N
BX20-008,216.50,218.00,4.090,1.373,24.7,2.798,Y
BX20-008,218.00,219.00,4.688,1.672,26.3,2.883,N
BX20-008,219.00,221.00,4.003,1.423,24.9,2.843,N
BX20-008,221.00,223.00,3.307,1.199,20.6,2.783,N
BX20-008,223.00,224.00,4.366,1.350,24.2,2.825,N
BX20-008,224.00,225.50,3.989,1.379,26.3,2.898,N
BX20-008,225.50,226.50,4.608,1.687,30.0,2.881,N
BX20-008,226.50,227.50,3.972,1.523,20.2,2.891,N
BX20-008,227.50,228.50,4.524,1.451,27.7,2.869,N
BX20-008,228.50,230.50,3.686,1.404,22.4,2.823,N
BX20-008,230.50,231.50,4.633,1.706,25.9,2.852,N
BX20-008,231.50,233.00,4.393,1.595,26.8,2.877,N
BX20-008,233.00,234.00,4.198,1.408,22.9,2.869,N
BX20-008,234.00,235.00,4.790,1.597,26.5,2.876,N
BX20-008,235.00,237.00,4.148,1.453,24.1,2.893,Y
BX20-008,237.00,238.00,4.528,1.556,30.2,2.908,N
BX20-008,238.00,239.50,4.578,1.465,28.4,2.894,N
BX20-008,239.50,241.50,4.088,1.411,24.8,2.864,N
BX20-008,241.50,242.50,3.597,1.485,18.0,2.837,N
BX20-008,242.50,243.50,4.002,1.315,22.3,2.827,N
BX20-008,243.50,244.50,4.286,1.579,29.2,2.871,N
BX20-008,244.50,245.50,4.111,1.429,21.9,2.855,N
BX20-008,245.50,247.00,4.538,1.559,25.5,2.927,N
BX20-008,247.00,249.00,3.750,1.218,23.6,2.831,N
BX20-008,249.00,250.50,3.980,1.600,23.7,2.872,N
BX20-008,250.50,251.50,3.967,1.340,19.4,2.834,N
BX20-008,251.50,253.50,3.871,1.391,23.6,2.831,N
BX20-008,253.50,255.00,4.801,1.684,26.5,2.901,N
BX20-008,255.00,256.50,3.806,1.262,20.5,2.859,N
BX20-008,256.50,258.50,3.995,1.360,27.8,2.873,N
BX20-008,258.50,260.00,4.870,1.671,31.2,2.913,N
BX20-008,260.00,262.00,4.154,1.412,23.6,2.883,N
BX20-008,262.00,263.00,3.983,1.363,22.8,2.836,N
BX20-008,263.00,264.00,3.786,1.310,24.4,2.736,N
BX20-008,264.00,265.00,3.786,1.275,23.2,2.819,N
BX20-008,265.00,266.00,3.783,1.419,21.8,2.793,N
BX20-008,266.00,268.00,3.292,1.061,19.7,2.843,N
BX20-008,268.00,269.00,4.224,1.522,26.1,2.910,N
BX20-008,269.00,270.50,3.647,1.398,20.5,2.795,N
BX20-008,270.50,271.50,4.377,1.534,26.6,2.853,N
BX20-008,271.50,273.50,4.323,1.387,26.5,2.860,N
BX20-008,273.50,274.50,3.569,1.293,22.4,2.861,N
BX20-008,274.50,275.50,3.274,1.203,17.7,2.867,N
BX20-008,275.50,276.50,3.818,1.402,19.7,2.825,N
BX20-008,276.50,278.00,3.379,1.142,20.1,2.817,N
BX20-008,278.00,280.00,3.519,1.295,23.0,2.840,N
BX20-008,280.00,281.00,3.481,1.228,23.6,2.826,N
BX20-008,281.00,282.00,3.275,1.112,15.4,2.790,N
BX20-008,282.00,283.00,3.009,1.134,16.3,2.804,N
BX20-008,283.00,284.00,2.708,0.974,15.9,2.808,N
BX20-008,284.00,285.50,2.674,0.965,17.0,2.750,N
BX20-008,285.50,287.00,3.069,1.165,17.7,2.800,N
BX20-008,287.00,288.00,3.264,1.073,20.0,2.762,N
BX20-008,288.00,289.00,3.186,1.106,19.0,2.837,N
BX20-008,289.00,290.00,2.956,0.830,21.2,2.787,N
BX20-008,290.00,291.00,2.962,1.038,19.2,2.831,N
BX20-008,291.00,292.00,3.319,1.155,18.1,2.774,N
BX20-008,292.00,293.00,2.992,1.160,17.9,2.804,N
BX20-008,293.00,294.00,2.585,1.067,15.4,2.813,N
BX20-008,294.00,295.50,2.539,0.875,16.8,2.791,N
BX20-008,295.50,297.50,2.501,0.884,12.6,2.752,N
BX20-008,297.50,299.50,2.753,1.121,16.3,2.829,N
BX20-008,299.50,300.50,2.385,0.907,15.4,2.775,N
BX20-008,300.50,301.50,2.315,0.804,11.7,2.796,N
BX20-008,301.50,303.50,1.951,0.852,12.7,2.795,N
BX20-008,303.50,305.50,2.309,0.985,16.6,2.799,N
BX20-008,305.50,307.50,1.953,0.642,12.5,2.753,N
BX20-008,307.50,309.00,1.850,0.623,12.2,2.769,N
BX20-008,309.00,310.50,2.526,0.969,14.4,2.758,N
BX20-008,310.50,312.50,1.944,0.841,13.5,2.795,N
BX20-008,312.50,314.50,1.193,0.340,6.8,2.687,N
BX20-008,314.50,316.50,1.715,0.648,11.2,2.741,N
BX20-008,316.50,317.50,1.537,0.419,9.6,2.724,N
BX20-008,317.50,319.00,2.065,0.726,10.6,2.722,N
BX20-009,0.00,1.00,0.683,0.256,4.2,2.635,N
BX20-009,1.00,2.00,0.020,0.094,0.5,2.622,N
BX20-009,2.00,3.50,0.020,0.041,4.0,2.665,N
BX20-009,3.50,4.50,0.726,0.223,3.8,2.671,N
BX20-009,4.50,5.50,0.020,0.010,1.1,2.562,N
BX20-009,5.50,6.50,0.020,0.010,4.0,2.663,N
BX20-009,6.50,8.00,0.478,0.050,3.2,2.671,N
BX20-009,8.00,9.00,0.020,0.259,0.5,2.671,N
BX20-009,9.00,10.00,0.469,0.068,6.5,2.631,N
BX20-009,10.00,11.00,0.020,0.035,0.5,2.631,N
BX20-009,11.00,12.00,0.020,0.010,3.1,2.628,N
BX20-009,12.00,13.00,0.027,0.136,0.5,2.631,N
BX20-009,13.00,14.00,0.020,0.092,0.5,2.606,N
BX20-009,14.00,16.00,0.020,0.103,0.7,2.614,N
BX20-009,16.00,17.00,0.278,0.208,0.5,2.642,N
BX20-009,17.00,18.00,0.404,0.158,2.7,2.675,N
BX20-009,18.00,19.00,0.020,0.022,0.5,2.621,N
BX20-009,19.00,20.50,0.020,0.282,0.5,2.600,N
BX20-009,20.50,21.50,0.020,0.063,4.6,2.666,N
BX20-009,21.50,22.50,0.242,0.010,0.5,2.620,N
BX20-009,22.50,23.50,0.028,0.010,0.5,2.594,N
BX20-009,23.50,25.00,0.308,0.010,0.5,2.615,N
BX20-009,25.00,26.00,0.020,0.010,2.8,2.651,N
BX20-009,26.00,27.00,0.509,0.165,4.4,2.650,N
BX20-009,27.00,28.00,0.539,0.357,2.2,2.620,N
BX20-009,28.00,29.00,0.454,0.352,2.5,2.695,N
BX20-009,29.00,30.50,0.462,0.071,0.5,2.628,N
BX20-009,30.50,32.00,0.020,0.010,0.5,2.649,N
BX20-009,32.00,33.50,0.299,0.170,2.4,2.627,N
BX20-009,33.50,34.50,0.020,0.050,1.7,2.593,N
BX20-009,34.50,35.50,0.310,0.057,0.5,2.650,N
BX20-009,35.50,36.50,0.422,0.246,1.3,2.695,N
BX20-009,36.50,37.50,0.120,0.010,0.5,2.656,N
BX20-009,37.50,39.50,0.020,0.010,0.5,2.584,N
BX20-009,39.50,41.50,0.202,0.035,0.5,2.595,N
BX20-009,41.50,43.00,0.508,0.010,2.2,2.610,N
BX20-009,43.00,44.00,0.230,0.042,3.8,2.592,N
BX20-009,44.00,45.50,0.403,0.176,0.9,2.644,N
BX20-009,45.50,47.00,0.020,0.010,0.5,2.587,N
BX20-009,47.00,48.00,0.020,0.034,2.1,2.616,N
BX20-009,48.00,49.00,0.040,0.153,0.7,2.643,N
BX20-009,49.00,50.00,0.038,0.026,3.5,2.579,N
BX20-009,50.00,51.00,0.020,0.010,2.2,2.679,N
BX20-009,51.00,52.00,0.020,0.154,1.1,2.629,N
BX20-009,52.00,53.50,0.020,0.123,0.8,2.629,Y
BX20-009,53.50,55.50,0.784,0.238,4.4,2.655,N
BX20-009,55.50,57.50,0.384,0.010,1.1,2.628,N
BX20-009,57.50,58.50,0.020,0.018,1.9,2.676,N
BX20-009,58.50,59.50,0.020,0.010,1.9,2.605,N
BX20-009,59.50,60.50,0.274,0.155,1.3,2.630,N
BX20-009,60.50,62.50,0.020,0.097,2.7,2.614,Y
BX20-009,62.50,63.50,0.428,0.010,2.2,2.649,N
BX20-009,63.50,65.00,0.841,0.262,5.6,2.667,N
BX20-009,65.00,66.00,0.416,0.276,1.3,2.678,N
BX20-009,66.00,68.00,0.090,0.010,3.0,2.644,N
BX20-009,68.00,69.00,0.020,0.010,0.5,2.655,N
BX20-009,69.00,70.50,0.020,0.033,2.5,2.679,Y
BX20-009,70.50,72.50,0.183,0.174,0.5,2.593,N
BX20-009,72.50,73.50,0.634,0.222,3.5,2.652,N
BX20-009,73.50,74.50,0.732,0.103,4.8,2.658,N
BX20-009,74.50,76.50,0.020,0.141,0.5,2.607,N
BX20-009,76.50,77.50,0.020,0.010,1.3,2.624,N
BX20-009,77.50,78.50,0.020,0.160,0.5,2.593,N
BX20-009,78.50,80.50,0.060,0.010,3.0,2.587,N
BX20-009,80.50,81.50,0.020,0.247,3.0,2.655,N
BX20-009,81.50,82.50,0.020,0.021,0.5,2.606,N
BX20-009,82.50,83.50,0.020,0.010,0.5,2.679,N
BX20-009,83.50,85.50,0.391,0.119,1.2,2.666,N
BX20-009,85.50,86.50,0.447,0.042,0.5,2.649,N
BX20-009,86.50,88.50,0.020,0.029,0.5,2.610,N
BX20-009,88.50,89.50,0.020,0.010,0.5,2.626,N
BX20-009,89.50,90.50,0.020,0.010,0.5,2.606,N
BX20-009,90.50,91.50,0.041,0.241,0.5,2.572,Y
BX20-009,91.50,93.50,0.595,0.161,0.7,2.630,N
BX20-009,93.50,94.50,0.020,0.138,1.3,2.628,N
BX20-009,94.50,95.50,0.138,0.125,0.7,2.600,N
BX20-009,95.50,97.50,0.541,0.165,7.5,2.673,N
BX20-009,97.50,99.00,0.348,0.196,2.7,2.589,N
BX20-009,99.00,100.50,0.020,0.351,0.5,2.599,N
BX20-009,100.50,102.50,0.020,0.010,0.5,2.686,N
BX20-009,102.50,103.50,0.095,0.193,0.5,2.628,N
BX20-009,103.50,104.50,0.020,0.010,0.5,2.615,N
BX20-009,104.50,106.50,0.020,0.143,0.5,2.602,N
BX20-009,106.50,107.50,0.020,0.017,0.5,2.631,N
BX20-009,107.50,109.50,0.020,0.116,0.5,2.636,N
BX20-009,109.50,111.50,0.139,0.310,1.7,2.645,N
BX20-009,111.50,113.00,0.020,0.010,0.5,2.587,N
BX20-009,113.00,114.00,0.020,0.044,0.9,2.638,N
BX20-009,114.00,115.50,0.020,0.040,0.5,2.622,N
BX20-009,115.50,116.50,0.020,0.159,1.7,2.639,N
BX20-009,116.50,117.50,0.020,0.010,0.8,2.617,N
BX20-009,117.50,118.50,0.020,0.079,0.5,2.630,N
BX20-009,118.50,120.00,0.355,0.186,1.0,2.614,N
BX20-009,120.00,122.00,0.142,0.010,4.0,2.671,N
BX20-009,122.00,124.00,0.020,0.010,2.3,2.626,N
BX20-009,124.00,126.00,0.026,0.180,1.8,2.566,N
BX20-009,126.00,127.00,0.020,0.047,0.5,2.576,N
BX20-009,127.00,129.00,0.020,0.123,1.8,2.636,N
BX20-009,129.00,131.00,0.020,0.030,2.2,2.681,N
BX20-009,131.00,132.00,0.167,0.010,5.6,2.605,N
BX20-009,132.00,133.50,0.649,0.128,6.2,2.653,N
BX20-009,133.50,135.00,0.020,0.021,0.5,2.653,N
BX20-009,135.00,136.00,0.278,0.186,0.5,2.633,N
BX20-009,136.00,137.00,0.070,0.010,0.5,2.646,N
BX20-009,137.00,138.50,0.020,0.207,0.5,2.612,N
BX20-009,138.50,140.00,0.382,0.174,0.7,2.651,N
BX20-009,140.00,141.00,0.396,0.214,3.8,2.661,N
BX20-009,141.00,142.00,0.338,0.145,1.6,2.647,N
BX20-009,142.00,143.00,0.391,0.191,1.5,2.587,N
BX20-009,143.00,144.00,0.035,0.270,0.5,2.634,N
BX20-009,144.00,145.00,0.020,0.032,1.3,2.646,N
BX20-009,145.00,147.00,0.485,0.266,5.6,2.662,N
BX20-009,147.00,148.50,0.020,0.010,0.5,2.590,N
BX20-009,148.50,150.00,0.020,0.010,0.5,2.586,N
BX20-009,150.00,151.50,0.020,0.134,0.5,2.637,N
BX20-009,151.50,153.50,0.090,0.182,1.1,2.664,N
BX20-009,153.50,155.50,0.020,0.010,0.5,2.596,N
BX20-009,155.50,157.50,0.020,0.010,0.5,2.620,N
BX20-009,157.50,159.00,0.020,0.010,3.1,2.572,N
BX20-009,159.00,160.50,0.020,0.072,0.9,2.638,N
BX20-009,160.50,161.50,0.020,0.010,0.5,2.623,N
BX20-009,161.50,163.50,0.086,0.010,2.1,2.643,N
BX20-009,163.50,165.50,0.553,0.139,1.7,2.614,N
BX20-009,165.50,166.50,0.654,0.178,3.0,2.653,N
BX20-009,166.50,168.00,0.020,0.010,2.7,2.581,N
BX20-009,168.00,169.00,0.020,0.010,0.5,2.634,N
BX20-009,169.00,171.00,0.553,0.377,0.5,2.652,N
BX20-009,171.00,172.00,0.020,0.030,1.7,2.628,N
BX20-009,172.00,174.00,0.020,0.088,0.5,2.623,N
BX20-009,174.00,175.00,0.020,0.010,3.4,2.636,N
BX20-009,175.00,176.00,0.056,0.078,3.1,2.609,N
BX20-009,176.00,177.00,0.144,0.010,2.0,2.600,N
BX20-009,177.00,179.00,0.020,0.158,0.5,2.669,N
BX20-009,179.00,180.00,0.355,0.219,3.9,2.562,N
BX20-009,180.00,181.00,0.100,0.013,2.9,2.607,N
BX20-009,181.00,182.00,0.528,0.010,2.5,2.668,N
BX20-009,182.00,184.00,0.425,0.036,0.5,2.688,N
BX20-009,184.00,185.00,0.056,0.108,0.5,2.640,N
BX20-009,185.00,186.50,0.020,0.339,0.5,2.617,N
BX20-009,186.50,187.50,0.047,0.010,0.5,2.605,N
BX20-009,187.50,189.50,0.020,0.056,0.5,2.608,N
BX20-009,189.50,190.50,0.020,0.010,0.5,2.582,N
BX20-009,190.50,192.50,0.379,0.060,4.4,2.619,N
BX20-009,192.50,193.50,0.064,0.121,0.5,2.631,N
BX20-009,193.50,194.50,0.020,0.101,0.5,2.664,N
BX20-009,194.50,195.50,0.020,0.083,0.5,2.602,N
BX20-009,195.50,197.50,0.020,0.010,0.5,2.627,N
BX20-009,197.50,198.50,0.120,0.094,0.5,2.609,N
BX20-009,198.50,200.00,0.020,0.010,3.8,2.622,N
BX20-009,200.00,201.00,0.392,0.065,1.7,2.673,N
BX20-009,201.00,202.50,0.020,0.027,0.5,2.569,N
BX20-009,202.50,203.50,0.325,0.025,2.1,2.696,N
BX20-009,203.50,204.50,0.020,0.070,0.5,2.620,N
BX20-009,204.50,205.50,0.020,0.172,1.7,2.638,N
BX20-009,205.50,206.50,0.020,0.010,0.5,2.620,N
BX20-009,206.50,207.50,0.398,0.010,1.4,2.630,N
BX20-009,207.50,209.50,0.580,0.087,2.5,2.691,N
BX20-009,209.50,210.50,0.020,0.010,0.5,2.637,N
BX20-009,210.50,211.50,0.217,0.158,1.3,2.644,N
BX20-009,211.50,212.50,0.020,0.045,1.2,2.631,N
BX20-009,212.50,213.50,0.020,0.161,0.5,2.592,N
BX20-009,213.50,215.50,0.458,0.230,0.5,2.668,N
BX20-009,215.50,217.00,0.020,0.010,3.0,2.570,N
BX20-009,217.00,218.00,0.020,0.010,0.9,2.629,N
BX20-009,218.00,220.00,0.265,0.044,1.6,2.675,N
BX20-009,220.00,221.50,0.066,0.010,0.5,2.641,N
BX20-009,221.50,223.00,0.020,0.071,2.6,2.632,N
BX20-009,223.00,224.00,0.211,0.113,2.2,2.633,N
BX20-009,224.00,225.00,0.723,0.236,0.8,2.654,N
BX20-009,225.00,226.50,0.020,0.010,4.7,2.629,N
BX20-009,226.50,227.50,0.020,0.077,2.1,2.580,N
BX20-009,227.50,228.50,0.020,0.040,0.5,2.615,N
BX20-009,228.50,229.50,0.330,0.010,2.3,2.641,N
BX20-009,229.50,231.00,0.217,0.010,0.5,2.551,N
BX20-009,231.00,233.00,0.020,0.010,1.5,2.624,N
BX20-009,233.00,234.50,0.428,0.106,1.1,2.670,N
BX20-009,234.50,235.50,0.020,0.215,0.5,2.568,N
BX20-009,235.50,236.50,0.020,0.010,0.5,2.636,N
BX20-009,236.50,237.50,0.068,0.060,0.5,2.636,N
BX20-009,237.50,239.50,0.383,0.010,0.7,2.667,N
BX20-009,239.50,240.50,0.225,0.010,0.5,2.574,N
BX20-009,240.50,241.50,0.444,0.361,3.6,2.701,N
BX20-009,241.50,243.00,0.531,0.241,4.8,2.687,N
BX20-009,243.00,244.00,0.020,0.113,1.5,2.581,N
BX20-009,244.00,246.00,0.020,0.014,1.3,2.584,N
BX20-009,246.00,247.50,0.020,0.020,0.5,2.636,N
BX20-009,247.50,248.50,0.348,0.049,2.8,2.610,N
BX20-009,248.50,249.50,0.230,0.010,3.4,2.677,N
BX20-009,249.50,250.50,0.020,0.090,0.5,2.631,N
BX20-009,250.50,252.00,0.020,0.087,0.5,2.622,N
BX20-009,252.00,253.00,0.321,0.103,0.5,2.578,N
BX20-009,253.00,254.00,0.020,0.215,0.5,2.618,Y
BX20-009,254.00,255.00,0.229,0.062,1.5,2.663,N
BX20-009,255.00,257.00,0.202,0.140,0.5,2.635,N
BX20-009,257.00,258.50,0.020,0.010,1.4,2.585,N
BX20-009,258.50,260.00,0.020,0.010,1.6,2.653,N
BX20-009,260.00,261.00,0.042,0.136,0.8,2.550,N
BX20-009,261.00,262.50,0.020,0.010,1.4,2.668,N
BX20-009,262.50,263.50,0.199,0.010,0.5,2.644,N
BX20-009,263.50,264.50,0.020,0.056,0.5,2.585,N
BX20-009,264.50,266.50,0.825,0.190,6.2,2.628,N
BX20-009,266.50,267.50,0.020,0.157,0.5,2.587,N
BX20-009,267.50,269.50,0.314,0.198,3.7,2.617,N
BX20-009,269.50,270.50,0.020,0.155,0.9,2.595,N
BX20-009,270.50,272.50,0.020,0.010,0.5,2.561,N
BX20-009,272.50,274.50,0.472,0.091,1.6,2.653,N
BX20-009,274.50,276.50,0.636,0.189,2.5,2.697,N
BX20-009,276.50,278.00,0.020,0.082,0.5,2.633,N
BX20-009,278.00,280.00,0.020,0.010,1.2,2.612,N
BX20-009,280.00,281.00,0.262,0.120,3.4,2.629,N
BX20-009,281.00,282.50,0.020,0.272,0.5,2.612,N
BX20-009,282.50,284.00,0.020,0.164,0.5,2.612,N
BX20-009,284.00,286.00,0.059,0.122,0.6,2.605,N
BX20-009,286.00,287.50,0.126,0.117,0.5,2.648,N
BX20-009,287.50,289.50,0.020,0.010,2.7,2.648,N
BX20-009,289.50,291.50,0.020,0.054,1.3,2.631,N
BX20-009,291.50,292.50,0.338,0.116,0.5,2.717,N
BX20-009,292.50,294.00,0.694,0.264,4.0,2.666,N
BX20-009,294.00,295.00,0.049,0.010,0.5,2.636,N
BX20-009,295.00,297.00,0.020,0.010,1.4,2.627,N
BX20-009,297.00,298.00,0.143,0.222,0.5,2.684,N
BX20-009,298.00,299.50,0.281,0.042,3.2,2.630,N
BX20-009,299.50,301.00,0.020,0.010,0.5,2.626,N
BX20-010,0.00,1.00,0.274,0.082,0.5,2.647,N
BX20-010,1.00,3.00,0.103,0.010,3.3,2.640,N
BX20-010,3.00,4.50,0.861,0.410,1.3,2.657,N
BX20-010,4.50,6.50,0.293,0.114,1.0,2.634,N
BX20-010,6.50,8.50,0.234,0.010,0.5,2.593,N
BX20-010,8.50,10.00,0.315,0.068,2.0,2.630,N
BX20-010,10.00,12.00,0.255,0.113,3.2,2.634,N
BX20-010,12.00,13.00,0.020,0.010,0.5,2.623,N
BX20-010,13.00,15.00,0.020,0.010,0.9,2.619,N
BX20-010,15.00,16.50,0.020,0.010,0.5,2.553,N
BX20-010,16.50,17.50,0.020,0.010,0.5,2.645,N
BX20-010,17.50,19.00,0.674,0.295,10.3,2.682,N
BX20-010,19.00,20.50,0.392,0.023,0.5,2.611,N
BX20-010,20.50,21.50,0.410,0.122,3.1,2.671,N
BX20-010,21.50,22.50,0.020,0.010,0.5,2.632,N
BX20-010,22.50,23.50,0.513,0.356,5.0,2.678,N
BX20-010,23.50,24.50,0.643,0.149,5.0,2.638,N
BX20-010,24.50,26.50,0.293,0.010,2.1,2.661,N
BX20-010,26.50,27.50,0.020,0.084,3.5,2.646,N
BX20-010,27.50,28.50,0.328,0.102,3.6,2.666,N
BX20-010,28.50,30.00,0.020,0.010,0.5,2.620,N
BX20-010,30.00,32.00,0.254,0.106,1.2,2.639,N
BX20-010,32.00,33.00,0.050,0.010,0.5,2.623,N
BX20-010,33.00,34.00,0.252,0.103,2.0,2.636,N
BX20-010,34.00,35.00,0.258,0.010,2.2,2.618,N
BX20-010,35.00,36.00,0.310,0.083,3.9,2.647,N
BX20-010,36.00,37.00,0.308,0.074,0.9,2.666,N
BX20-010,37.00,39.00,0.020,0.061,1.8,2.610,N
BX20-010,39.00,41.00,0.326,0.029,0.5,2.697,N
BX20-010,41.00,42.00,0.020,0.010,0.5,2.636,N
BX20-010,42.00,43.00,0.020,0.038,0.5,2.598,N
BX20-010,43.00,45.00,0.020,0.024,0.7,2.642,N
BX20-010,45.00,46.00,0.020,0.010,0.5,2.605,N
BX20-010,46.00,47.50,0.020,0.053,2.5,2.657,N
BX20-010,47.50,48.50,0.020,0.010,3.8,2.582,N
BX20-010,48.50,50.50,0.023,0.010,0.5,2.611,N
BX20-010,50.50,52.00,0.020,0.010,1.1,2.642,N
BX20-010,52.00,53.50,0.020,0.010,1.6,2.614,N
BX20-010,53.50,54.50,0.575,0.030,2.8,2.657,N
BX20-010,54.50,55.50,0.020,0.010,1.7,2.626,N
BX20-010,55.50,56.50,0.020,0.010,0.5,2.621,N
BX20-010,56.50,58.00,0.461,0.016,3.5,2.599,N
BX20-010,58.00,59.00,0.283,0.126,3.1,2.701,N
BX20-010,59.00,60.50,0.125,0.019,1.1,2.620,N
BX20-010,60.50,62.00,0.192,0.112,1.2,2.612,N
BX20-010,62.00,64.00,0.123,0.118,0.5,2.628,N
BX20-010,64.00,65.00,0.121,0.212,3.3,2.605,N
BX20-010,65.00,66.00,0.154,0.148,0.5,2.621,N
BX20-010,66.00,68.00,0.020,0.021,0.5,2.568,N
BX20-010,68.00,69.00,0.020,0.010,1.3,2.648,N
BX20-010,69.00,71.00,0.020,0.082,0.5,2.613,N
BX20-010,71.00,72.00,0.204,0.045,0.5,2.634,N
BX20-010,72.00,73.00,0.020,0.133,0.5,2.614,N
BX20-010,73.00,74.00,0.020,0.113,0.5,2.615,N
BX20-010,74.00,75.00,0.107,0.080,0.8,2.632,N
BX20-010,75.00,76.00,0.020,0.010,0.5,2.558,N
BX20-010,76.00,78.00,0.020,0.010,0.5,2.608,N
BX20-010,78.00,80.00,0.125,0.010,0.6,2.611,N
BX20-010,80.00,81.50,0.020,0.069,1.1,2.655,N
BX20-010,81.50,83.50,0.363,0.264,1.7,2.690,N
BX20-010,83.50,84.50,0.020,0.010,0.5,2.672,N
BX20-010,84.50,86.00,0.156,0.010,1.3,2.648,N
BX20-010,86.00,87.00,0.533,0.010,0.5,2.691,N
BX20-010,87.00,88.00,0.020,0.010,0.5,2.603,N
BX20-010,88.00,89.00,0.276,0.132,6.1,2.688,N
BX20-010,89.00,91.00,0.020,0.082,0.5,2.661,N
BX20-010,91.00,93.00,0.152,0.010,0.6,2.626,N
BX20-010,93.00,94.00,0.020,0.010,0.5,2.608,N
BX20-010,94.00,95.50,0.020,0.010,0.5,2.607,N
BX20-010,95.50,97.50,0.020,0.010,1.9,2.638,N
BX20-010,97.50,98.50,0.020,0.055,0.5,2.603,N
BX20-010,98.50,99.50,0.058,0.010,0.5,2.645,N
BX20-010,99.50,101.00,0.119,0.272,0.5,2.626,N
BX20-010,101.00,102.50,0.020,0.130,8.1,2.590,N
BX20-010,102.50,103.50,0.020,0.119,0.5,2.594,N
BX20-010,103.50,105.50,0.020,0.010,0.5,2.628,N
BX20-010,105.50,107.50,0.020,0.010,0.5,2.631,N
BX20-010,107.50,109.50,0.020,0.010,0.5,2.621,N
BX20-010,109.50,111.00,0.342,0.029,2.7,2.674,N
BX20-010,111.00,112.00,0.020,0.010,0.5,2.534,N
BX20-010,112.00,113.00,0.042,0.047,0.5,2.624,N
BX20-010,113.00,114.50,0.346,0.010,2.4,2.601,N
BX20-010,114.50,115.50,0.131,0.010,3.4,2.734,N
BX20-010,115.50,117.50,0.020,0.010,4.5,2.597,N
BX20-010,117.50,119.50,0.020,0.147,1.5,2.644,N
BX20-010,119.50,121.00,0.020,0.010,0.5,2.606,N
BX20-010,121.00,122.00,0.116,0.079,1.5,2.596,N
BX20-010,122.00,124.00,0.740,0.052,6.3,2.630,N
BX20-010,124.00,125.00,0.024,0.073,0.7,2.682,N
BX20-010,125.00,126.00,0.020,0.010,2.8,2.651,N
BX20-010,126.00,127.00,0.020,0.015,0.5,2.612,N
BX20-010,127.00,128.00,0.020,0.010,2.7,2.583,N
BX20-010,128.00,129.00,0.020,0.068,2.0,2.627,Y
BX20-010,129.00,130.50,0.020,0.010,3.7,2.663,N
BX20-010,130.50,132.00,0.508,0.010,3.8,2.629,N
BX20-010,132.00,133.00,0.020,0.011,1.0,2.628,N
BX20-010,133.00,134.00,0.198,0.061,2.3,2.609,N
BX20-010,134.00,136.00,0.020,0.064,2.5,2.639,N
BX20-010,136.00,137.50,0.020,0.075,0.5,2.602,N
BX20-010,137.50,139.50,0.020,0.028,0.5,2.686,N
BX20-010,139.50,141.00,0.020,0.010,4.0,2.583,N
BX20-010,141.00,142.00,0.020,0.010,1.2,2.611,N
BX20-010,142.00,143.00,0.020,0.144,0.5,2.608,N
BX20-010,143.00,144.00,0.020,0.193,0.5,2.688,N
BX20-010,144.00,146.00,0.744,0.311,2.5,2.711,N
BX20-010,146.00,147.50,0.020,0.142,0.5,2.554,N
BX20-010,147.50,148.50,0.020,0.010,2.0,2.656,N
BX20-010,148.50,150.00,0.131,0.010,0.5,2.636,N
BX20-010,150.00,151.00,0.269,0.073,1.2,2.650,N
BX20-010,151.00,152.00,0.020,0.010,0.5,2.604,N
BX20-010,152.00,154.00,0.020,0.010,0.5,2.633,N
BX20-010,154.00,155.00,0.406,0.128,0.5,2.643,N
BX20-010,155.00,156.00,0.020,0.010,0.5,2.585,N
BX20-010,156.00,157.50,0.020,0.177,0.5,2.637,N
BX20-010,157.50,158.50,0.031,0.010,0.9,2.608,N
BX20-010,158.50,159.50,0.212,0.020,0.5,2.646,N
BX20-010,159.50,161.00,0.262,0.013,2.3,2.650,N
BX20-010,161.00,163.00,0.020,0.256,0.5,2.632,N
BX20-010,163.00,164.00,0.020,0.265,2.0,2.627,N
BX20-010,164.00,165.00,0.020,0.064,2.0,2.616,N
BX20-010,165.00,166.50,0.525,0.126,1.5,2.651,N
BX20-010,166.50,168.50,0.020,0.010,0.5,2.602,N
BX20-010,168.50,169.50,0.020,0.010,0.5,2.641,N
BX20-010,169.50,171.00,0.020,0.026,0.5,2.567,N
BX20-010,171.00,172.00,0.020,0.017,0.5,2.633,N
BX20-010,172.00,173.00,0.020,0.116,0.5,2.667,N
BX20-010,173.00,174.50,0.118,0.123,0.5,2.625,N
BX20-010,174.50,176.50,0.020,0.010,0.5,2.648,N
BX20-010,176.50,178.50,0.060,0.010,0.5,2.632,N
BX20-010,178.50,180.00,0.020,0.045,2.8,2.610,N
BX20-010,180.00,181.00,0.020,0.093,0.9,2.608,N
BX20-010,181.00,182.00,0.126,0.109,0.5,2.631,N
BX20-010,182.00,183.50,0.227,0.188,1.6,2.643,N
BX20-010,183.50,184.50,0.020,0.029,0.5,2.626,N
BX20-010,184.50,186.50,0.204,0.116,1.1,2.623,N
BX20-010,186.50,187.50,0.020,0.010,0.5,2.661,N
BX20-010,187.50,188.50,0.293,0.010,0.8,2.616,N
BX20-010,188.50,189.50,0.109,0.010,1.5,2.670,N
BX20-010,189.50,190.50,0.049,0.010,0.5,2.598,N
BX20-010,190.50,192.50,0.020,0.010,1.0,2.638,N
BX20-010,192.50,194.00,0.124,0.160,1.4,2.658,N
BX20-010,194.00,195.00,0.020,0.010,1.1,2.591,N
BX20-010,195.00,196.00,0.091,0.041,0.5,2.606,N
BX20-010,196.00,198.00,0.111,0.010,2.3,2.608,N
BX20-010,198.00,199.00,0.469,0.176,3.8,2.624,N
BX20-010,199.00,201.00,0.138,0.010,0.5,2.639,N
BX20-010,201.00,202.50,0.020,0.010,4.3,2.628,N
BX20-010,202.50,203.50,0.020,0.010,0.5,2.562,N
BX20-010,203.50,205.00,0.020,0.010,0.7,2.654,N
BX20-010,205.00,206.50,0.020,0.023,0.5,2.647,N
BX20-010,206.50,208.00,0.072,0.070,0.5,2.676,N
BX20-010,208.00,210.00,0.369,0.175,4.1,2.650,N
BX20-010,210.00,211.00,0.020,0.010,1.2,2.639,N
BX20-010,211.00,212.00,0.020,0.074,0.5,2.555,N
BX20-010,212.00,213.00,0.110,0.115,0.5,2.640,N
BX20-010,213.00,214.00,0.609,0.174,6.5,2.651,N
BX20-010,214.00,215.00,0.020,0.010,2.1,2.560,Y
BX20-010,215.00,216.50,0.020,0.010,0.6,2.650,N
BX20-010,216.50,218.00,0.136,0.115,0.5,2.588,N
BX20-010,218.00,219.00,0.180,0.010,0.5,2.649,N
BX20-010,219.00,220.50,0.020,0.010,0.5,2.558,N
BX20-010,220.50,222.50,0.118,0.010,0.5,2.636,N
BX20-010,222.50,224.00,0.200,0.066,3.2,2.612,N
BX20-010,224.00,226.00,0.020,0.010,1.3,2.549,N
BX20-010,226.00,227.00,0.431,0.182,2.3,2.640,N
BX20-011,0.00,2.00,0.649,0.155,0.9,2.633,N
BX20-011,2.00,3.50,0.856,0.385,4.4,2.676,N
BX20-011,3.50,4.50,1.054,0.242,4.3,2.691,N
BX20-011,4.50,5.50,0.700,0.056,4.5,2.626,N
BX20-011,5.50,6.50,0.676,0.312,4.2,2.674,N
BX20-011,6.50,8.50,0.837,0.294,1.7,2.670,N
BX20-011,8.50,9.50,1.354,0.397,8.1,2.678,N
BX20-011,9.50,10.50,1.047,0.459,6.8,2.737,N
BX20-011,10.50,11.50,0.734,0.207,5.5,2.664,N
BX20-011,11.50,13.50,0.518,0.313,5.4,2.629,N
BX20-011,13.50,15.00,0.327,0.010,2.5,2.638,N
BX20-011,15.00,16.00,0.586,0.205,4.5,2.666,N
BX20-011,16.00,17.50,1.126,0.455,3.5,2.698,N
BX20-011,17.50,19.00,1.079,0.355,7.3,2.662,N
BX20-011,19.00,20.00,0.953,0.320,5.8,2.639,N
BX20-011,20.00,22.00,0.020,0.014,0.5,2.609,N
BX20-011,22.00,23.00,0.556,0.128,4.9,2.640,N
BX20-011,23.00,24.50,0.194,0.010,0.5,2.659,N
BX20-011,24.50,26.00,1.040,0.401,5.1,2.675,N
BX20-011,26.00,27.00,0.974,0.285,4.6,2.639,N
BX20-011,27.00,28.50,1.320,0.482,8.1,2.738,N
BX20-011,28.50,29.50,0.726,0.314,2.6,2.683,N
BX20-011,29.50,30.50,0.819,0.221,3.7,2.681,Y
BX20-011,30.50,31.50,0.920,0.317,5.3,2.696,N
BX20-011,31.50,33.00,1.038,0.434,6.9,2.612,N
BX20-011,33.00,34.00,1.139,0.340,6.1,2.663,N
BX20-011,34.00,35.00,0.400,0.197,0.8,2.660,N
BX20-011,35.00,36.00,1.004,0.357,3.7,2.670,N
BX20-011,36.00,37.00,0.962,0.261,10.0,2.674,N
BX20-011,37.00,38.00,0.925,0.423,3.1,2.629,N
BX20-011,38.00,39.00,1.303,0.353,7.2,2.652,N
BX20-011,39.00,40.00,0.778,0.064,4.8,2.650,N
BX20-011,40.00,41.50,0.235,0.010,4.7,2.651,N
BX20-011,41.50,42.50,1.280,0.506,8.5,2.651,N
BX20-011,42.50,44.50,1.431,0.563,9.4,2.737,N
BX20-011,44.50,45.50,0.505,0.178,3.8,2.644,Y
BX20-011,45.50,47.50,0.755,0.129,0.6,2.657,N
BX20-011,47.50,48.50,0.825,0.191,5.5,2.680,N
BX20-011,48.50,49.50,0.323,0.330,1.3,2.655,N
BX20-011,49.50,50.50,0.604,0.165,2.6,2.603,N
BX20-011,50.50,52.00,0.425,0.220,2.4,2.634,N
BX20-011,52.00,53.00,0.373,0.156,0.5,2.655,N
BX20-011,53.00,54.50,0.897,0.198,5.6,2.684,N
BX20-011,54.50,55.50,0.127,0.010,0.5,2.650,N
BX20-011,55.50,56.50,0.918,0.257,6.5,2.696,N
BX20-011,56.50,57.50,0.488,0.266,2.2,2.651,N
BX20-011,57.50,59.50,0.762,0.291,3.7,2.611,N
BX20-011,59.50,61.00,0.752,0.353,7.1,2.669,N
BX20-011,61.00,63.00,0.704,0.156,4.8,2.617,N
BX20-011,63.00,64.00,0.728,0.277,3.6,2.674,N
BX20-011,64.00,65.50,0.444,0.056,3.8,2.625,N
BX20-011,65.50,66.50,0.926,0.405,3.8,2.654,N
BX20-011,66.50,67.50,0.554,0.333,2.2,2.594,N
BX20-011,67.50,69.50,0.831,0.257,7.3,2.673,N
BX20-011,69.50,70.50,0.211,0.131,2.1,2.593,N
BX20-011,70.50,72.50,0.122,0.094,4.3,2.598,N
BX20-011,72.50,74.50,0.416,0.071,3.7,2.619,N
BX20-011,74.50,76.50,0.474,0.222,4.5,2.598,N
BX20-011,76.50,78.50,0.461,0.128,5.0,2.711,N
BX20-011,78.50,79.50,0.422,0.182,2.9,2.628,N
BX20-011,79.50,81.00,0.631,0.208,5.4,2.687,N
BX20-011,81.00,82.00,0.556,0.010,2.9,2.650,N
BX20-011,82.00,83.00,0.199,0.010,2.1,2.658,N
BX20-011,83.00,84.00,0.562,0.216,1.3,2.664,N
BX20-011,84.00,85.00,1.398,0.509,7.2,2.690,N
BX20-011,85.00,86.50,0.556,0.127,3.8,2.674,N
BX20-011,86.50,87.50,0.391,0.086,2.1,2.649,N
BX20-011,87.50,88.50,0.045,0.010,0.5,2.672,N
BX20-011,88.50,90.00,1.082,0.380,4.4,2.724,N
BX20-011,90.00,92.00,0.593,0.261,6.5,2.722,N
BX20-011,92.00,94.00,1.320,0.385,6.9,2.704,N
BX20-011,94.00,96.00,0.417,0.072,2.5,2.692,N
BX20-011,96.00,97.00,0.757,0.299,11.1,2.671,N
BX20-011,97.00,98.50,1.146,0.354,5.2,2.734,N
BX20-011,98.50,99.50,0.981,0.302,6.8,2.696,N
BX20-011,99.50,100.50,0.639,0.023,1.1,2.635,N
BX20-011,100.50,102.00,0.940,0.304,8.9,2.654,N
BX20-011,102.00,103.00,1.165,0.286,7.8,2.653,N
BX20-011,103.00,104.00,0.263,0.103,1.1,2.704,N
BX20-011,104.00,105.50,0.589,0.123,1.1,2.679,N
BX20-011,105.50,107.50,0.490,0.358,4.0,2.684,Y
BX20-011,107.50,108.50,0.804,0.147,1.5,2.614,N
BX20-011,108.50,109.50,0.465,0.239,5.9,2.673,N
BX20-011,109.50,110.50,0.740,0.321,3.7,2.687,N
BX20-011,110.50,111.50,0.200,0.165,3.3,2.612,N
BX20-011,111.50,112.50,0.328,0.057,3.1,2.658,N
BX20-011,112.50,114.50,0.312,0.037,3.3,2.651,Y
BX20-011,114.50,115.50,0.278,0.114,2.0,2.594,N
BX20-011,115.50,116.50,0.377,0.065,1.5,2.684,N
BX20-011,116.50,118.00,0.136,0.010,2.2,2.641,N
BX20-011,118.00,119.50,0.860,0.270,5.8,2.674,N
BX20-011,119.50,120.50,0.905,0.356,8.4,2.699,N
BX20-011,120.50,122.00,0.348,0.021,2.9,2.615,N
BX20-011,122.00,123.00,0.374,0.250,3.7,2.647,N
BX20-011,123.00,124.00,0.565,0.093,6.5,2.704,N
BX20-011,124.00,125.00,0.531,0.372,3.2,2.734,N
BX20-011,125.00,126.00,0.499,0.127,2.6,2.636,N
BX20-011,126.00,127.50,0.785,0.273,0.8,2.726,N
BX20-011,127.50,128.50,0.979,0.327,7.1,2.756,N
BX20-011,128.50,129.50,0.119,0.010,1.5,2.613,N
BX20-011,129.50,131.00,0.020,0.086,0.5,2.612,N
BX20-011,131.00,132.00,0.252,0.010,1.2,2.576,N
BX20-011,132.00,133.50,0.084,0.010,0.5,2.623,N
BX20-011,133.50,135.50,0.617,0.133,5.5,2.658,N
BX20-011,135.50,136.50,0.615,0.315,6.4,2.676,N
BX20-011,136.50,137.50,0.812,0.292,4.5,2.696,N
BX20-011,137.50,139.00,0.245,0.253,2.5,2.648,N
BX20-011,139.00,140.50,0.277,0.124,5.0,2.635,N
BX20-011,140.50,142.00,0.778,0.178,7.0,2.701,N
BX20-011,142.00,143.50,0.287,0.010,0.5,2.610,N
BX20-011,143.50,145.50,0.743,0.366,2.0,2.666,N
BX20-011,145.50,147.50,0.086,0.010,0.5,2.578,N
BX20-011,147.50,149.00,0.695,0.415,4.9,2.673,N
BX20-011,149.00,151.00,0.760,0.505,6.9,2.643,N
BX20-011,151.00,153.00,0.045,0.010,0.5,2.630,N
BX20-011,153.00,154.00,0.118,0.276,1.0,2.596,N
BX20-011,154.00,155.50,0.440,0.334,0.5,2.661,N
BX20-011,155.50,156.50,0.339,0.172,4.6,2.610,N
BX20-011,156.50,158.50,0.125,0.053,2.2,2.606,N
BX20-011,158.50,160.50,0.358,0.010,1.0,2.639,N
BX20-011,160.50,161.50,0.101,0.125,0.5,2.676,N
BX20-011,161.50,162.50,0.535,0.287,3.9,2.597,Y
BX20-011,162.50,163.50,0.573,0.248,5.8,2.697,N
BX20-011,163.50,165.50,0.305,0.181,1.7,2.619,N
BX20-011,165.50,167.00,0.305,0.300,3.0,2.678,N
BX20-011,167.00,168.00,0.020,0.010,1.0,2.622,N
BX20-011,168.00,169.00,0.020,0.010,1.2,2.629,N
BX20-011,169.00,171.00,0.197,0.039,5.4,2.588,N
BX20-011,171.00,172.00,0.020,0.066,0.5,2.594,N
BX20-011,172.00,174.00,0.728,0.202,3.9,2.631,N
BX20-011,174.00,175.50,0.020,0.095,1.2,2.577,N
BX20-011,175.50,177.50,0.020,0.010,1.1,2.555,N
BX20-011,177.50,178.50,0.500,0.097,1.4,2.632,N
BX20-011,178.50,180.00,0.507,0.237,3.9,2.679,N
BX20-011,180.00,181.00,0.979,0.302,5.1,2.704,N
BX20-011,181.00,182.00,0.612,0.076,0.6,2.693,N
BX20-011,182.00,183.00,0.504,0.165,3.8,2.598,Y
BX20-011,183.00,184.50,0.921,0.382,7.4,2.661,Y
BX20-011,184.50,186.00,0.605,0.330,5.2,2.681,N
BX20-011,186.00,187.00,0.020,0.010,0.5,2.621,N
BX20-011,187.00,188.50,0.403,0.201,6.2,2.594,N
BX20-011,188.50,189.50,0.020,0.166,3.1,2.643,N
BX20-011,189.50,190.50,0.519,0.316,4.5,2.634,N
BX20-011,190.50,191.50,0.212,0.081,5.0,2.626,N
BX20-011,191.50,192.50,0.020,0.161,2.6,2.631,N
BX20-011,192.50,194.00,0.577,0.245,5.7,2.674,N
BX20-011,194.00,195.00,0.624,0.258,2.9,2.642,N
BX20-011,195.00,196.50,0.155,0.034,0.8,2.625,N
BX20-011,196.50,197.50,0.595,0.119,4.4,2.705,N
BX20-011,197.50,198.50,0.319,0.039,2.5,2.623,N
BX20-011,198.50,200.50,0.425,0.111,0.5,2.686,N
BX20-011,200.50,201.50,0.496,0.243,5.1,2.601,N
BX20-011,201.50,202.50,0.237,0.113,0.5,2.634,N
BX20-011,202.50,203.50,0.749,0.199,4.1,2.687,N
BX20-011,203.50,205.50,1.014,0.220,5.0,2.623,N
BX20-011,205.50,206.50,0.594,0.318,3.1,2.630,N
BX20-011,206.50,207.50,0.192,0.010,1.2,2.619,N
BX20-011,207.50,208.00,0.563,0.136,2.6,2.615,N
BX20-013,0.00,2.00,6.946,2.480,40.8,3.055,N
BX20-013,2.00,3.50,6.722,2.114,39.9,3.033,N
BX20-013,3.50,4.50,7.408,2.684,43.7,3.045,N
BX20-013,4.50,6.50,7.200,2.378,42.9,3.024,N
BX20-013,6.50,8.50,7.278,2.309,45.3,3.056,N
BX20-013,8.50,9.50,7.332,2.477,44.6,3.101,N
BX20-013,9.50,10.50,6.779,2.626,36.2,2.992,N
BX20-013,10.50,12.50,6.916,2.395,42.1,3.038,N
BX20-013,12.50,14.00,7.724,2.724,48.7,3.101,N
BX20-013,14.00,15.00,7.616,2.689,42.5,3.011,N
BX20-013,15.00,16.00,7.671,2.711,47.4,3.110,N
BX20-013,16.00,17.00,7.664,2.579,43.9,3.070,N
BX20-013,17.00,18.00,6.279,2.225,39.8,3.003,N
BX20-013,18.00,20.00,7.328,2.672,41.9,3.051,N
BX20-013,20.00,21.50,6.860,2.479,41.3,3.062,N
BX20-013,21.50,23.00,6.966,2.424,41.9,3.100,N
BX20-013,23.00,24.00,7.986,2.732,49.7,3.073,N
BX20-013,24.00,25.00,7.383,2.718,48.2,3.095,N
BX20-013,25.00,26.00,6.754,2.296,40.5,3.034,N
BX20-013,26.00,27.00,7.301,2.483,42.9,3.029,N
BX20-013,27.00,28.00,7.409,2.485,46.8,3.098,N
BX20-013,28.00,29.50,7.473,2.561,44.2,3.084,N
BX20-013,29.50,30.50,6.966,2.333,43.4,3.031,N
BX20-013,30.50,31.50,6.763,2.361,42.2,3.044,N
BX20-013,31.50,32.50,7.161,2.511,43.0,3.044,N
BX20-013,32.50,33.50,7.318,2.639,41.9,3.109,N
BX20-013,33.50,35.50,7.245,2.428,43.4,3.031,N
BX20-013,35.50,37.50,7.542,2.628,46.3,3.059,N
BX20-013,37.50,39.50,7.498,2.390,44.2,3.052,N
BX20-013,39.50,41.00,7.417,2.625,43.8,3.065,N
BX20-013,41.00,42.50,7.336,2.599,45.4,3.051,N
BX20-013,42.50,44.50,7.540,2.636,46.3,3.056,N
BX20-013,44.50,46.50,7.628,2.675,46.5,3.097,N
BX20-013,46.50,47.50,7.445,2.743,46.7,3.081,N
BX20-013,47.50,48.50,7.384,2.582,43.4,3.047,N
BX20-013,48.50,49.50,7.273,2.525,48.2,3.112,N
BX20-013,49.50,50.50,7.768,2.718,48.4,3.076,N
BX20-013,50.50,51.50,7.046,2.495,43.0,3.021,N
BX20-013,51.50,52.50,7.428,2.475,45.8,3.058,N
BX20-013,52.50,53.50,7.405,2.700,48.8,3.090,N
BX20-013,53.50,55.00,7.580,2.582,49.1,3.056,N
BX20-013,55.00,56.50,6.854,2.509,43.3,2.974,N
BX20-013,56.50,58.50,7.353,2.560,43.1,3.050,N
BX20-013,58.50,60.50,7.966,2.794,49.6,3.105,N
BX20-013,60.50,62.50,7.939,2.654,46.9,3.092,N
BX20-013,62.50,64.00,7.163,2.520,45.9,3.112,N
BX20-013,64.00,65.00,7.446,2.682,46.6,3.032,N
BX20-013,65.00,66.50,6.721,2.352,43.3,3.021,N
BX20-013,66.50,67.50,7.594,2.583,47.1,3.073,N
BX20-013,67.50,68.50,7.095,2.279,41.8,3.073,N
BX20-013,68.50,70.50,7.397,2.564,47.1,3.047,N
BX20-013,70.50,72.00,7.320,2.412,48.0,3.053,N
BX20-013,72.00,74.00,7.112,2.635,42.4,3.052,N
BX20-013,74.00,75.00,6.832,2.464,39.2,2.950,N
BX20-013,75.00,76.50,7.141,2.521,43.5,3.012,N
BX20-013,76.50,77.50,7.490,2.618,43.3,3.090,N
BX20-013,77.50,78.50,6.675,2.120,39.0,3.029,N
BX20-013,78.50,80.00,7.834,2.672,45.5,3.087,N
BX20-013,80.00,81.00,7.800,2.811,45.9,3.039,N
BX20-013,81.00,82.50,7.164,2.358,43.8,3.045,N
BX20-013,82.50,83.50,7.448,2.591,43.2,3.037,N
BX20-013,83.50,85.50,7.091,2.414,43.7,3.023,N
BX20-013,85.50,87.00,7.689,2.676,42.2,3.078,N
BX20-013,87.00,88.00,7.046,2.491,43.6,3.012,N
BX20-013,88.00,89.50,7.231,2.562,43.3,2.994,N
BX20-013,89.50,90.50,6.897,2.451,42.4,2.973,N
BX20-013,90.50,91.50,7.752,2.727,44.9,3.056,N
BX20-013,91.50,93.00,7.213,2.590,41.5,3.058,N
BX20-013,93.00,94.50,7.654,2.658,42.1,3.047,N
BX20-013,94.50,96.00,7.663,2.723,43.1,3.070,N
BX20-013,96.00,97.50,7.578,2.378,49.5,3.076,N
BX20-013,97.50,98.50,7.883,2.620,46.2,3.080,N
BX20-013,98.50,99.50,7.432,2.307,44.4,3.077,N
BX20-013,99.50,101.00,7.114,2.381,40.1,3.043,N
BX20-013,101.00,102.00,7.750,2.712,43.6,3.098,N
BX20-013,102.00,104.00,6.740,2.432,38.2,3.066,N
BX20-013,104.00,105.00,7.463,2.659,43.0,3.021,N
BX20-013,105.00,106.00,6.796,2.477,41.2,3.027,N
BX20-013,106.00,107.50,6.838,2.286,39.2,3.024,N
BX20-013,107.50,109.50,7.185,2.611,43.4,3.026,N
BX20-013,109.50,111.50,7.599,2.672,46.2,3.099,N
BX20-013,111.50,113.00,7.474,2.644,47.4,3.105,N
BX20-013,113.00,114.00,7.063,2.379,42.2,3.073,N
BX20-013,114.00,116.00,7.236,2.503,43.7,3.073,N
BX20-013,116.00,117.50,7.264,2.785,44.1,3.051,N
BX20-013,117.50,118.50,7.584,2.669,50.1,3.079,N
BX20-013,118.50,120.00,7.411,2.654,45.3,3.059,N
BX20-013,120.00,121.50,7.482,2.527,44.3,2.984,N
BX20-013,121.50,122.50,6.603,2.248,38.4,2.999,N
BX20-013,122.50,123.50,7.248,2.608,44.0,3.086,N
BX20-013,123.50,125.00,7.927,2.742,44.2,3.050,N
BX20-013,125.00,127.00,6.832,2.316,40.3,3.050,N
BX20-013,127.00,128.00,7.688,2.651,45.3,3.066,N
BX20-013,128.00,130.00,7.006,2.507,43.5,3.024,N
BX20-013,130.00,131.00,7.435,2.661,47.2,3.056,N
BX20-013,131.00,132.50,7.863,2.672,46.6,3.079,N
BX20-013,132.50,133.50,6.938,2.479,39.3,3.046,N
BX20-013,133.50,134.50,7.362,2.400,43.4,3.010,Y
BX20-013,134.50,136.00,7.428,2.624,46.5,3.062,N
BX20-013,136.00,137.00,7.419,2.610,44.8,3.082,N
BX20-013,137.00,138.00,6.829,2.379,38.1,3.033,N
BX20-013,138.00,139.00,7.655,2.618,46.9,3.091,N
BX20-013,139.00,141.00,7.697,2.630,48.9,3.044,N
BX20-013,141.00,142.50,7.502,2.509,48.4,3.047,N
BX20-013,142.50,143.50,7.068,2.480,41.4,3.041,N
BX20-013,143.50,145.00,8.127,2.897,47.6,3.075,N
BX20-013,145.00,146.00,7.368,2.560,46.7,3.095,N
BX20-013,146.00,147.00,6.713,2.262,41.6,3.050,N
BX20-013,147.00,148.50,6.672,2.470,42.4,2.979,N
BX20-013,148.50,150.50,6.966,2.384,45.5,3.027,N
BX20-013,150.50,152.50,7.193,2.735,45.8,3.035,N
BX20-013,152.50,154.50,7.473,2.714,47.2,3.040,N
BX20-013,154.50,156.50,7.591,2.719,43.2,3.096,N
BX20-013,156.50,157.50,6.911,2.385,41.2,3.074,N
BX20-013,157.50,158.50,7.271,2.447,43.7,3.095,N
BX20-013,158.50,160.50,6.985,2.362,41.3,3.034,N
BX20-013,160.50,161.50,7.698,2.642,44.4,3.067,N
BX20-013,161.50,162.50,7.590,2.609,48.8,3.110,N
BX20-013,162.50,164.00,7.128,2.422,41.4,3.036,N
BX20-013,164.00,165.00,7.232,2.551,43.0,3.083,N
BX20-013,165.00,167.00,6.902,2.366,41.1,2.997,N
BX20-013,167.00,168.00,7.039,2.636,41.2,3.043,N
BX20-013,168.00,169.00,6.921,2.466,39.6,3.012,N
BX20-013,169.00,170.00,7.773,2.709,45.3,3.109,N
BX20-013,170.00,172.00,7.127,2.512,46.6,3.034,N
BX20-014,0.00,1.00,5.003,1.753,31.9,2.915,N
BX20-014,1.00,3.00,5.012,1.837,32.5,2.996,N
BX20-014,3.00,4.50,4.782,1.792,27.0,2.889,N
BX20-014,4.50,5.50,4.461,1.661,25.8,2.853,N
BX20-014,5.50,6.50,4.985,1.790,30.2,2.886,N
BX20-014,6.50,7.50,5.140,1.718,31.2,2.957,N
BX20-014,7.50,8.50,4.918,1.737,27.8,2.922,N
BX20-014,8.50,10.00,4.958,1.537,31.4,2.944,N
BX20-014,10.00,11.00,5.390,1.917,33.2,2.928,N
BX20-014,11.00,13.00,5.684,2.105,33.5,2.999,N
BX20-014,13.00,15.00,5.065,1.794,29.7,2.942,N
BX20-014,15.00,16.00,4.814,1.698,25.9,2.898,N
BX20-014,16.00,17.00,6.182,2.200,38.1,2.982,N
BX20-014,17.00,18.00,5.503,1.837,32.5,2.951,N
BX20-014,18.00,19.50,5.961,2.040,33.6,2.980,N
BX20-014,19.50,21.00,5.651,1.824,33.6,2.969,N
BX20-014,21.00,22.00,6.046,2.192,37.6,3.002,N
BX20-014,22.00,23.00,5.773,1.910,36.5,2.992,N
BX20-014,23.00,25.00,6.274,2.102,35.1,2.982,N
BX20-014,25.00,26.00,6.044,2.100,41.5,3.031,N
BX20-014,26.00,27.00,6.373,2.220,34.3,2.980,N
BX20-014,27.00,28.00,6.653,2.324,40.8,3.021,N
BX20-014,28.00,30.00,6.067,2.276,39.4,3.012,N
BX20-014,30.00,31.50,5.809,2.063,34.3,2.976,N
BX20-014,31.50,32.50,6.439,2.326,39.9,3.041,N
BX20-014,32.50,34.50,6.420,2.228,42.7,3.036,N
BX20-014,34.50,35.50,6.346,2.236,40.7,3.018,N
BX20-014,35.50,36.50,6.523,2.228,41.1,3.036,N
BX20-014,36.50,38.50,6.268,2.239,40.3,2.966,N
BX20-014,38.50,40.00,6.591,2.282,38.1,2.980,N
BX20-014,40.00,41.50,6.725,2.466,42.5,3.020,N
BX20-014,41.50,43.00,6.940,2.452,38.9,3.079,N
BX20-014,43.00,44.50,6.332,2.227,33.8,3.030,N
BX20-014,44.50,45.50,6.826,2.402,41.4,3.014,N
BX20-014,45.50,46.50,7.032,2.400,39.8,3.029,N
BX20-014,46.50,47.50,6.269,2.149,35.2,3.022,N
BX20-014,47.50,49.00,6.329,2.139,37.4,3.035,N
BX20-014,49.00,50.50,6.725,2.270,40.5,2.983,N
BX20-014,50.50,52.00,6.663,2.544,38.9,3.027,N
BX20-014,52.00,53.00,6.275,2.227,36.0,2.980,N
BX20-014,53.00,54.00,6.638,2.459,37.2,3.010,N
BX20-014,54.00,55.50,6.679,2.351,39.6,3.018,N
BX20-014,55.50,57.00,6.595,2.129,37.9,3.030,N
BX20-014,57.00,59.00,6.340,2.478,36.3,2.968,N
BX20-014,59.00,61.00,6.641,2.327,42.0,2.984,N
BX20-014,61.00,62.50,5.997,2.142,37.5,2.952,N
BX20-014,62.50,64.00,5.981,2.035,36.6,2.999,N
BX20-014,64.00,65.00,6.097,2.063,35.8,2.957,N
BX20-014,65.00,66.00,6.776,2.292,41.3,3.037,N
BX20-014,66.00,67.00,5.357,1.835,34.8,2.975,N
BX20-014,67.00,68.50,5.969,2.090,37.6,2.939,N
BX20-014,68.50,70.50,5.138,2.038,28.7,2.962,N
BX20-014,70.50,72.50,5.944,2.004,35.7,3.040,N
BX20-014,72.50,74.00,5.451,1.881,31.6,2.996,N
BX20-014,74.00,76.00,6.044,2.103,33.1,2.922,N
BX20-014,76.00,78.00,5.527,1.986,34.5,3.000,N
BX20-014,78.00,79.50,5.758,2.015,31.8,2.943,N
BX20-014,79.50,80.50,5.455,1.688,32.9,2.998,N
BX20-014,80.50,82.50,5.337,1.925,32.2,2.979,N
BX20-014,82.50,84.50,5.519,1.933,35.1,2.937,N
BX20-014,84.50,86.00,4.737,1.613,27.2,2.863,N
BX20-014,86.00,87.50,4.783,1.643,28.8,2.901,N
BX20-014,87.50,88.50,4.451,1.634,29.6,2.815,N
BX20-014,88.50,89.50,4.729,1.562,25.7,2.871,N
BX20-014,89.50,91.50,4.572,1.576,27.5,2.889,N
BX20-014,91.50,93.00,3.888,1.276,22.8,2.845,N
BX20-014,93.00,95.00,4.500,1.583,26.7,2.876,N
BX20-014,95.00,97.00,3.916,1.352,25.8,2.881,N
BX20-014,97.00,98.00,4.288,1.520,26.2,2.886,N
BX20-014,98.00,99.50,3.418,1.127,24.7,2.794,N
BX20-014,99.50,101.50,4.648,1.626,31.7,2.895,N
BX20-014,101.50,103.50,4.012,1.468,28.0,2.847,N
BX20-014,103.50,104.50,2.899,0.902,16.5,2.792,N
BX20-014,104.50,106.00,3.218,1.187,19.7,2.826,N
BX20-014,106.00,107.50,3.160,1.138,22.4,2.755,N
BX20-014,107.50,109.50,2.315,0.832,11.8,2.788,N
BX20-014,109.50,111.00,2.842,0.957,19.3,2.787,N
BX20-014,111.00,112.00,2.603,0.929,11.0,2.782,N
BX20-014,112.00,113.50,2.605,0.802,21.8,2.801,N
BX20-014,113.50,114.50,2.534,0.930,12.6,2.828,N
BX20-014,114.50,115.50,2.150,0.763,9.0,2.734,N
BX20-014,115.50,117.00,2.330,0.719,15.4,2.743,N
BX20-014,117.00,118.00,2.536,0.817,17.0,2.789,N
BX20-014,118.00,119.50,2.416,1.037,12.8,2.729,N
BX20-014,119.50,121.50,2.897,1.062,13.9,2.792,N
BX20-014,121.50,123.00,1.899,0.411,8.0,2.725,N
BX20-014,123.00,125.00,2.144,0.846,8.6,2.748,N
BX20-014,125.00,127.00,2.357,0.869,16.0,2.814,N
BX20-014,127.00,128.50,1.288,0.510,5.2,2.782,Y
BX20-014,128.50,129.50,1.564,0.477,10.7,2.707,N
BX20-014,129.50,130.50,1.320,0.505,9.1,2.691,N
BX20-014,130.50,131.50,1.359,0.533,8.6,2.763,N
BX20-014,131.50,133.50,1.584,0.504,9.6,2.685,N
BX20-014,133.50,135.50,1.615,0.772,10.6,2.711,N
BX20-014,135.50,137.50,1.061,0.318,4.0,2.691,N
BX20-014,137.50,138.50,1.177,0.409,4.8,2.711,N
BX20-014,138.50,139.50,1.516,0.517,6.7,2.734,N
BX20-014,139.50,141.00,1.392,0.560,6.9,2.703,N
BX20-014,141.00,142.00,1.277,0.621,8.4,2.720,N
BX20-014,142.00,143.50,1.668,0.614,13.3,2.744,N
BX20-014,143.50,145.00,1.061,0.408,9.1,2.690,N
BX20-014,145.00,146.00,0.969,0.379,2.8,2.691,N
BX20-014,146.00,147.00,0.662,0.434,1.8,2.666,N
BX20-014,147.00,148.00,0.897,0.300,4.9,2.718,N
BX20-014,148.00,150.00,0.837,0.346,4.0,2.665,N
BX20-014,150.00,151.00,0.392,0.073,6.8,2.629,N
BX20-014,151.00,152.00,1.399,0.746,10.1,2.722,N
BX20-014,152.00,154.00,1.029,0.250,8.9,2.698,N
BX20-014,154.00,155.00,0.765,0.455,3.2,2.671,N
BX20-014,155.00,156.00,0.726,0.305,4.8,2.687,N
BX20-014,156.00,157.00,0.020,0.010,1.6,2.602,N
BX20-014,157.00,158.50,1.060,0.566,11.8,2.706,N
BX20-014,158.50,159.50,0.883,0.254,2.7,2.689,N
BX20-014,159.50,161.00,0.859,0.138,3.7,2.662,N
BX20-014,161.00,162.00,0.909,0.314,5.7,2.665,N
BX20-014,162.00,163.00,0.277,0.070,0.5,2.598,N
BX20-014,163.00,164.00,0.668,0.267,0.5,2.728,N
BX20-014,164.00,166.00,1.207,0.491,5.6,2.658,N
BX20-014,166.00,167.00,0.870,0.102,4.8,2.666,N
BX20-014,167.00,168.00,0.020,0.041,2.0,2.663,N
BX20-014,168.00,169.50,0.375,0.176,4.2,2.637,N
BX20-014,169.50,171.00,0.759,0.311,2.9,2.642,N
BX20-014,171.00,172.00,0.073,0.010,1.5,2.630,N
BX20-014,172.00,174.00,0.565,0.062,2.8,2.691,N
BX20-014,174.00,175.00,1.039,0.378,4.7,2.662,N
BX20-014,175.00,176.00,0.020,0.010,3.2,2.578,N
BX20-014,176.00,177.00,0.616,0.242,5.7,2.621,N
BX20-014,177.00,178.50,0.288,0.105,2.5,2.625,N
BX20-014,178.50,180.00,0.353,0.235,4.0,2.659,N
BX20-014,180.00,182.00,0.218,0.010,0.5,2.647,N
BX20-014,182.00,183.00,0.366,0.168,1.4,2.691,N
BX20-014,183.00,184.00,0.485,0.125,1.5,2.704,N
BX20-014,184.00,185.00,0.100,0.149,0.5,2.582,N
BX20-014,185.00,186.50,0.122,0.151,0.5,2.631,N
BX20-014,186.50,187.50,0.062,0.010,0.5,2.640,N
BX20-014,187.50,189.50,0.420,0.099,5.0,2.648,N
BX20-014,189.50,190.50,0.497,0.186,3.3,2.632,N
BX20-014,190.50,191.50,0.024,0.010,0.5,2.624,N
BX20-014,191.50,193.00,0.301,0.132,5.7,2.677,N
BX20-014,193.00,194.00,0.906,0.473,7.3,2.656,N
BX20-014,194.00,195.00,0.020,0.123,0.5,2.600,N
BX20-014,195.00,196.00,0.020,0.028,3.4,2.578,Y
BX20-014,196.00,197.00,0.020,0.010,0.5,2.617,N
BX20-014,197.00,198.00,0.020,0.010,0.5,2.651,N
BX20-014,198.00,199.50,0.020,0.065,1.3,2.559,N
BX20-014,199.50,200.50,0.020,0.150,0.5,2.598,N
BX20-014,200.50,201.50,0.320,0.243,1.4,2.665,N
BX20-014,201.50,203.00,0.020,0.033,0.9,2.664,N
BX20-014,203.00,204.00,0.387,0.148,3.7,2.621,N
BX20-014,204.00,205.00,0.037,0.010,0.5,2.661,N
BX20-014,205.00,206.00,0.020,0.043,1.0,2.590,N
BX20-014,206.00,207.00,0.544,0.113,0.5,2.719,N
BX20-014,207.00,208.00,0.490,0.184,0.9,2.675,N
BX20-014,208.00,210.00,0.020,0.088,0.5,2.643,N
BX20-014,210.00,211.00,0.020,0.142,0.5,2.603,N
BX20-014,211.00,212.00,0.020,0.010,0.5,2.630,N
BX20-014,212.00,213.50,0.020,0.010,3.4,2.612,N
BX20-014,213.50,215.00,0.167,0.010,0.5,2.561,N
BX20-014,215.00,216.00,0.404,0.168,3.8,2.641,N
BX20-014,216.00,217.00,0.020,0.091,2.9,2.599,N
BX20-014,217.00,218.00,0.344,0.149,2.6,2.659,N
BX20-014,218.00,219.00,0.058,0.010,0.5,2.614,N
BX20-014,219.00,221.00,0.679,0.271,0.5,2.653,N
BX20-014,221.00,222.50,0.267,0.042,3.3,2.622,N
BX20-014,222.50,224.50,0.098,0.142,2.5,2.687,N
BX20-014,224.50,225.50,0.087,0.055,0.5,2.638,N
BX20-014,225.50,226.50,0.020,0.010,0.5,2.642,N
BX20-014,226.50,228.00,0.020,0.022,1.7,2.590,N
BX20-014,228.00,229.50,0.025,0.010,0.5,2.634,N
BX20-014,229.50,231.00,0.020,0.074,0.5,2.637,N
BX20-014,231.00,232.00,0.040,0.010,0.5,2.577,N
BX20-014,232.00,234.00,0.382,0.172,2.0,2.596,N
BX20-014,234.00,236.00,0.449,0.175,5.0,2.654,N
BX20-014,236.00,238.00,0.020,0.010,0.5,2.612,N
BX20-014,238.00,239.50,0.020,0.010,1.0,2.588,N
BX20-014,239.50,240.50,0.507,0.101,4.9,2.624,N
BX20-014,240.50,242.00,0.673,0.110,5.1,2.686,N
BX20-014,242.00,243.50,0.028,0.072,3.1,2.619,N
BX20-014,243.50,245.00,0.020,0.039,0.5,2.556,N
BX20-014,245.00,246.00,0.426,0.155,2.9,2.701,N
BX20-014,246.00,247.00,0.020,0.010,0.5,2.664,N
BX20-014,247.00,248.50,0.326,0.144,2.0,2.654,N
BX20-014,248.50,250.00,0.210,0.010,0.5,2.601,N
BX20-014,250.00,251.50,0.020,0.010,1.4,2.653,N
BX20-014,251.50,253.50,0.020,0.010,0.5,2.618,N
BX20-014,253.50,254.50,0.020,0.010,0.9,2.629,N
BX20-014,254.50,256.50,0.020,0.010,0.5,2.600,N
BX20-014,256.50,257.50,0.051,0.061,2.3,2.532,Y
BX20-014,257.50,259.00,0.522,0.429,0.5,2.661,N
BX20-014,259.00,261.00,0.020,0.010,0.5,2.618,N
BX20-014,261.00,262.00,0.509,0.170,0.5,2.610,N
BX20-014,262.00,263.50,0.020,0.057,0.5,2.587,N
BX20-014,263.50,264.50,0.020,0.083,0.5,2.592,N
BX20-014,264.50,266.50,0.339,0.110,3.8,2.625,N
BX20-014,266.50,267.50,0.135,0.229,2.1,2.616,N
BX20-014,267.50,268.50,0.145,0.068,4.0,2.579,N
BX20-014,268.50,269.50,0.020,0.010,1.1,2.653,N
BX20-014,269.50,271.50,0.020,0.039,0.5,2.676,N
BX20-014,271.50,273.50,0.614,0.070,3.4,2.732,N
BX20-014,273.50,275.00,0.020,0.061,2.7,2.549,N
BX20-014,275.00,276.00,0.020,0.010,0.5,2.609,N
BX20-014,276.00,277.00,0.151,0.010,2.0,2.605,N
BX20-014,277.00,278.00,0.108,0.010,1.0,2.691,N
BX20-014,278.00,279.00,0.020,0.010,0.5,2.660,Y
BX20-014,279.00,280.00,0.020,0.010,0.5,2.614,N
BX20-014,280.00,281.50,0.020,0.010,0.8,2.586,N
BX20-014,281.50,282.50,0.138,0.010,0.5,2.604,N
BX20-014,282.50,284.50,0.578,0.272,3.0,2.626,N
BX20-014,284.50,286.00,0.195,0.015,2.3,2.635,N
BX20-014,286.00,287.00,0.427,0.092,4.6,2.630,Y
BX20-014,287.00,288.00,0.020,0.117,0.5,2.664,Y
BX20-014,288.00,289.50,0.020,0.010,0.5,2.606,N
BX20-014,289.50,290.50,0.020,0.010,2.3,2.625,N
BX20-014,290.50,291.50,0.020,0.010,0.5,2.590,N
BX20-014,291.50,292.50,0.020,0.066,0.5,2.645,N
BX20-014,292.50,293.50,0.374,0.101,3.1,2.642,N
BX20-014,293.50,294.50,0.179,0.043,4.0,2.616,N
BX20-014,294.50,295.50,0.020,0.119,3.0,2.564,N
BX20-014,295.50,296.50,0.020,0.041,0.5,2.657,N
BX20-014,296.50,298.00,0.125,0.082,0.5,2.635,N
BX20-015,0.00,1.00,0.642,0.431,4.1,2.712,N
BX20-015,1.00,2.00,1.872,0.678,10.5,2.698,N
BX20-015,2.00,4.00,1.645,0.542,10.2,2.767,N
BX20-015,4.00,5.50,1.530,0.592,8.9,2.762,N
BX20-015,5.50,7.50,1.092,0.545,7.6,2.676,N
BX20-015,7.50,8.50,0.863,0.289,4.5,2.692,N
BX20-015,8.50,10.00,1.126,0.556,7.6,2.637,N
BX20-015,10.00,11.00,1.510,0.482,14.7,2.695,N
BX20-015,11.00,12.00,1.724,0.597,10.9,2.732,N
BX20-015,12.00,13.00,1.709,0.554,10.8,2.736,N
BX20-015,13.00,14.50,1.674,0.800,8.7,2.742,N
BX20-015,14.50,15.50,1.771,0.715,9.5,2.701,N
BX20-015,15.50,17.00,1.645,0.548,10.1,2.775,N
BX20-015,17.00,18.50,2.089,0.704,11.8,2.756,N
BX20-015,18.50,20.00,1.236,0.401,7.5,2.663,N
BX20-015,20.00,21.00,2.061,0.561,11.1,2.752,N
BX20-015,21.00,22.50,1.818,0.785,10.4,2.730,N
BX20-015,22.50,23.50,1.893,0.466,12.3,2.749,Y
BX20-015,23.50,25.50,1.957,0.647,10.6,2.735,N
BX20-015,25.50,27.50,1.769,0.490,11.8,2.708,N
BX20-015,27.50,28.50,1.415,0.394,7.7,2.647,N
BX20-015,28.50,29.50,1.715,0.727,8.3,2.741,N
BX20-015,29.50,30.50,2.017,0.798,11.5,2.688,N
BX20-015,30.50,31.50,1.797,0.597,12.4,2.696,N
BX20-015,31.50,33.00,2.337,0.967,12.8,2.748,N
BX20-015,33.00,34.50,2.139,0.547,10.5,2.767,N
BX20-015,34.50,36.50,2.302,0.770,14.6,2.738,N
BX20-015,36.50,38.50,2.150,0.559,10.6,2.790,N
BX20-015,38.50,40.00,2.055,0.594,9.4,2.708,Y
BX20-015,40.00,41.00,2.056,0.878,13.1,2.743,N
BX20-015,41.00,42.50,2.864,0.955,19.2,2.709,N
BX20-015,42.50,44.00,2.211,0.867,16.5,2.751,N
BX20-015,44.00,46.00,2.155,0.684,9.9,2.683,N
BX20-015,46.00,47.00,2.509,0.915,13.8,2.788,N
BX20-015,47.00,48.00,2.125,0.737,12.9,2.771,N
BX20-015,48.00,49.00,2.577,0.850,16.5,2.767,N
BX20-015,49.00,50.00,2.672,0.864,19.7,2.811,N
BX20-015,50.00,51.00,2.567,0.873,16.9,2.693,N
BX20-015,51.00,52.00,2.923,0.982,17.8,2.792,N
BX20-015,52.00,53.00,3.708,1.328,22.8,2.815,N
BX20-015,53.00,55.00,2.879,1.113,16.0,2.780,N
BX20-015,55.00,57.00,2.999,1.001,17.5,2.807,N
BX20-015,57.00,58.00,3.389,1.043,21.6,2.780,N
BX20-015,58.00,59.00,3.244,1.162,18.3,2.803,N
BX20-015,59.00,61.00,2.478,0.877,17.4,2.805,N
BX20-015,61.00,63.00,2.937,1.268,18.7,2.784,N
BX20-015,63.00,64.50,2.436,0.854,17.6,2.697,N
BX20-015,64.50,66.50,3.483,1.295,19.3,2.780,N
BX20-015,66.50,67.50,3.780,1.504,22.8,2.896,N
BX20-015,67.50,69.50,3.184,0.942,20.3,2.793,N
BX20-015,69.50,70.50,3.677,1.214,20.6,2.877,N
BX20-015,70.50,71.50,3.632,1.176,21.7,2.868,N
BX20-015,71.50,72.50,3.401,1.132,18.5,2.872,N
BX20-015,72.50,73.50,3.163,1.073,17.6,2.759,N
BX20-015,73.50,75.50,3.026,1.024,17.3,2.764,N
BX20-015,75.50,76.50,2.853,1.083,19.9,2.764,N
BX20-015,76.50,77.50,3.175,1.128,14.5,2.805,N
BX20-015,77.50,79.50,3.195,1.077,18.1,2.812,N
BX20-015,79.50,80.50,3.775,1.336,22.7,2.882,N
BX20-015,80.50,81.50,3.709,1.332,22.0,2.861,N
BX20-015,81.50,82.50,2.945,0.953,19.4,2.795,N
BX20-015,82.50,84.00,3.266,1.221,19.6,2.869,N
BX20-015,84.00,85.50,4.243,1.677,24.8,2.828,N
BX20-015,85.50,87.50,3.393,1.206,18.2,2.855,N
BX20-015,87.50,89.50,3.803,1.350,24.7,2.840,N
BX20-015,89.50,90.50,4.508,1.579,28.0,2.906,N
BX20-015,90.50,91.50,3.946,1.373,23.7,2.892,N
BX20-015,91.50,93.50,3.781,1.353,21.2,2.859,N
BX20-015,93.50,94.50,4.032,1.323,24.1,2.834,N
BX20-015,94.50,95.50,3.628,1.165,20.9,2.873,N
BX20-015,95.50,97.50,4.106,1.500,25.1,2.889,N
BX20-015,97.50,98.50,4.174,1.532,26.2,2.854,N
BX20-015,98.50,99.50,3.881,1.363,20.1,2.767,N
BX20-015,99.50,100.50,4.684,1.820,29.4,2.899,N
BX20-015,100.50,101.50,4.396,1.547,28.3,2.919,N
BX20-015,101.50,103.50,4.215,1.548,24.5,2.903,N
BX20-015,103.50,104.50,4.083,1.588,28.3,2.929,N
BX20-015,104.50,106.50,4.561,1.480,28.2,2.905,N
BX20-015,106.50,107.50,4.479,1.630,27.6,2.906,N
BX20-015,107.50,109.50,4.577,1.538,23.6,2.860,N
BX20-015,109.50,110.50,4.730,1.596,27.1,2.968,N
BX20-015,110.50,111.50,5.267,1.963,32.4,2.943,N
BX20-015,111.50,113.50,5.034,1.702,29.7,2.894,N
BX20-015,113.50,114.50,5.105,1.876,29.7,2.971,N
BX20-015,114.50,115.50,4.515,1.726,26.0,2.876,N
BX20-015,115.50,117.00,4.817,1.693,25.0,2.878,N
BX20-015,117.00,118.00,4.750,1.620,30.2,2.899,N
BX20-015,118.00,119.00,4.489,1.599,24.5,2.897,N
BX20-015,119.00,120.00,5.378,1.918,31.3,2.990,N
BX20-015,120.00,121.00,4.549,1.718,26.4,2.900,N
BX20-015,121.00,122.00,5.118,1.734,31.2,2.920,N
BX20-015,122.00,123.00,4.780,1.778,28.2,2.891,N
BX20-015,123.00,125.00,4.528,1.688,24.8,2.850,N
BX20-015,125.00,126.50,5.576,2.114,36.2,2.995,N
BX20-015,126.50,128.50,5.540,1.881,33.0,2.961,N
BX20-015,128.50,129.50,4.666,1.690,29.2,2.884,N
BX20-015,129.50,131.00,6.166,2.132,36.5,2.945,N
BX20-015,131.00,132.50,5.527,1.891,30.4,2.923,N
BX20-015,132.50,133.50,5.712,2.165,34.7,2.958,Y
BX20-015,133.50,134.50,5.674,1.994,35.9,2.914,N
BX20-015,134.50,135.50,6.129,2.237,35.6,3.015,N
BX20-015,135.50,136.50,6.013,2.158,40.6,2.971,Y
BX20-015,136.50,137.50,5.395,1.792,31.4,2.969,N
BX20-015,137.50,138.50,6.274,2.157,39.1,3.008,N
BX20-015,138.50,139.50,5.470,1.811,31.0,2.913,N
BX20-015,139.50,140.50,5.325,1.852,31.4,2.960,N
BX20-015,140.50,141.50,6.250,2.187,37.1,3.002,N
BX20-015,141.50,143.00,6.539,2.229,38.4,2.998,N
BX20-015,143.00,145.00,5.262,1.801,34.2,2.885,N
BX20-015,145.00,147.00,6.175,2.184,33.0,3.029,N
BX20-015,147.00,148.50,6.306,1.985,37.8,2.976,N
BX20-015,148.50,149.50,5.657,1.990,34.4,2.941,N
BX20-015,149.50,150.50,5.826,2.402,36.7,3.041,N
BX20-015,150.50,151.50,6.161,2.213,36.0,3.033,N
BX20-015,151.50,152.50,6.583,2.123,42.1,2.974,N
BX20-015,152.50,153.50,6.340,2.346,37.5,3.009,N
BX20-015,153.50,155.50,5.785,1.992,35.3,2.961,N
BX20-015,155.50,157.50,6.699,2.083,42.5,3.022,N
BX20-015,157.50,159.00,6.733,2.460,38.0,3.039,N
BX20-015,159.00,160.00,6.378,2.132,36.8,3.000,N
BX20-015,160.00,161.00,6.575,2.406,40.0,3.035,N
BX20-015,161.00,162.00,6.645,2.412,38.2,2.968,N
BX20-015,162.00,163.00,6.537,2.173,38.9,3.084,N
BX20-016,0.00,2.00,0.333,0.246,0.5,2.659,N
BX20-016,2.00,3.00,0.753,0.360,2.3,2.651,N
BX20-016,3.00,4.00,0.020,0.053,1.8,2.572,N
BX20-016,4.00,5.00,0.020,0.010,1.3,2.633,N
BX20-016,5.00,6.50,0.020,0.010,1.7,2.604,N
BX20-016,6.50,7.50,0.731,0.171,5.4,2.648,N
BX20-016,7.50,8.50,0.020,0.010,0.5,2.619,N
BX20-016,8.50,10.50,0.531,0.363,3.0,2.668,N
BX20-016,10.50,11.50,0.312,0.152,2.6,2.641,N
BX20-016,11.50,13.50,0.020,0.010,0.5,2.623,N
BX20-016,13.50,14.50,0.636,0.338,4.2,2.644,N
BX20-016,14.50,16.50,0.020,0.052,0.5,2.643,N
BX20-016,16.50,18.50,0.136,0.010,0.9,2.641,N
BX20-016,18.50,19.50,0.242,0.223,3.9,2.671,N
BX20-016,19.50,20.50,0.187,0.029,2.4,2.667,N
BX20-016,20.50,22.50,0.384,0.028,3.2,2.617,N
BX20-016,22.50,23.50,0.020,0.010,0.5,2.656,N
BX20-016,23.50,25.50,0.869,0.293,4.8,2.640,N
BX20-016,25.50,27.50,0.020,0.074,2.6,2.613,N
BX20-016,27.50,28.50,0.088,0.010,0.5,2.633,N
BX20-016,28.50,29.50,0.648,0.179,4.0,2.660,N
BX20-016,29.50,30.50,0.281,0.036,2.5,2.610,N
BX20-016,30.50,31.50,0.029,0.010,0.5,2.569,N
BX20-016,31.50,33.50,0.594,0.143,8.3,2.612,N
BX20-016,33.50,34.50,0.188,0.313,2.1,2.630,N
BX20-016,34.50,36.50,0.413,0.248,0.5,2.646,Y
BX20-016,36.50,38.00,0.872,0.216,10.2,2.686,N
BX20-016,38.00,40.00,0.055,0.138,2.4,2.641,N
BX20-016,40.00,42.00,0.020,0.059,0.6,2.629,N
BX20-016,42.00,43.00,0.673,0.152,1.4,2.610,N
BX20-016,43.00,44.00,0.385,0.063,4.5,2.679,N
BX20-016,44.00,45.00,0.346,0.089,2.3,2.587,N
BX20-016,45.00,46.50,0.423,0.168,2.4,2.619,N
BX20-016,46.50,47.50,0.917,0.294,9.1,2.644,N
BX20-016,47.50,48.50,0.022,0.161,2.8,2.587,N
BX20-016,48.50,50.50,0.020,0.076,1.4,2.630,N
BX20-016,50.50,51.50,0.020,0.010,0.5,2.650,N
BX20-016,51.50,52.50,0.379,0.387,3.2,2.638,N
BX20-016,52.50,54.50,0.553,0.150,3.6,2.646,N
BX20-016,54.50,55.50,0.633,0.174,6.8,2.652,N
BX20-016,55.50,57.50,0.993,0.296,6.3,2.709,N
BX20-016,57.50,58.50,0.671,0.202,4.7,2.674,N
BX20-016,58.50,59.50,0.427,0.190,0.5,2.626,N
BX20-016,59.50,60.50,0.544,0.173,5.5,2.641,N
BX20-016,60.50,61.50,0.150,0.010,1.4,2.607,N
BX20-016,61.50,62.50,0.563,0.090,2.7,2.675,N
BX20-016,62.50,64.50,1.352,0.469,5.9,2.679,N
BX20-016,64.50,65.50,1.099,0.476,6.3,2.672,N
BX20-016,65.50,67.50,1.236,0.291,7.4,2.703,N
BX20-016,67.50,68.50,1.058,0.408,7.6,2.699,N
BX20-016,68.50,70.50,0.659,0.388,6.6,2.630,N
BX20-016,70.50,71.50,0.563,0.269,4.4,2.663,N
BX20-016,71.50,73.00,0.020,0.011,0.6,2.661,N
BX20-016,73.00,75.00,1.092,0.485,6.8,2.685,N
BX20-016,75.00,77.00,0.449,0.255,1.8,2.642,N
BX20-016,77.00,78.00,0.724,0.162,2.4,2.633,N
BX20-016,78.00,79.00,0.811,0.273,5.1,2.610,N
BX20-016,79.00,80.00,1.073,0.563,4.7,2.637,N
BX20-016,80.00,81.00,0.091,0.010,2.2,2.617,N
BX20-016,81.00,82.00,1.128,0.425,4.3,2.688,N
BX20-016,82.00,83.00,0.792,0.157,3.8,2.670,N
BX20-016,83.00,84.00,0.383,0.201,1.8,2.669,N
BX20-016,84.00,85.50,1.235,0.517,5.3,2.690,N
BX20-016,85.50,86.50,1.441,0.427,7.7,2.740,N
BX20-016,86.50,88.50,0.540,0.055,2.8,2.663,N
BX20-016,88.50,90.00,0.545,0.044,4.4,2.632,N
BX20-016,90.00,91.50,1.135,0.453,10.7,2.723,N
BX20-016,91.50,93.50,0.749,0.414,4.6,2.647,N
BX20-016,93.50,95.00,1.457,0.403,9.0,2.712,N
BX20-016,95.00,97.00,1.461,0.480,10.7,2.756,N
BX20-016,97.00,98.00,1.376,0.521,9.9,2.655,N
BX20-016,98.00,99.00,1.365,0.435,5.8,2.687,N
BX20-016,99.00,100.00,1.215,0.445,7.9,2.703,N
BX20-016,100.00,102.00,1.443,0.435,7.4,2.690,N
BX20-016,102.00,103.00,1.570,0.522,9.3,2.722,N
BX20-016,103.00,105.00,0.449,0.082,2.3,2.651,Y
BX20-016,105.00,106.00,1.710,0.695,10.9,2.723,N
BX20-016,106.00,107.00,1.655,0.531,8.2,2.707,N
BX20-016,107.00,108.50,1.018,0.294,4.9,2.636,N
BX20-016,108.50,109.50,1.513,0.404,6.7,2.698,N
BX20-016,109.50,110.50,1.673,0.591,8.8,2.665,N
BX20-016,110.50,111.50,0.796,0.304,6.5,2.665,N
BX20-016,111.50,112.50,2.031,0.771,9.9,2.751,N
BX20-016,112.50,113.50,1.957,0.714,13.6,2.731,N
BX20-016,113.50,115.50,2.001,0.884,8.9,2.697,N
BX20-016,115.50,116.50,1.676,0.736,6.6,2.743,N
BX20-016,116.50,117.50,1.887,0.857,9.4,2.734,N
BX20-016,117.50,119.50,1.497,0.523,7.6,2.689,Y
BX20-016,119.50,120.50,1.826,0.733,13.1,2.685,N
BX20-016,120.50,122.50,1.669,0.585,11.6,2.679,N
BX20-016,122.50,124.50,1.581,0.428,8.1,2.683,N
BX20-016,124.50,126.00,1.835,0.703,7.9,2.726,N
BX20-016,126.00,128.00,2.194,0.692,14.8,2.680,N
BX20-016,128.00,129.00,1.974,0.712,9.2,2.741,N
BX20-016,129.00,130.00,2.234,0.782,14.2,2.745,N
BX20-016,130.00,131.00,1.936,0.520,11.8,2.691,N
BX20-016,131.00,132.00,1.754,0.493,10.4,2.732,N
BX20-016,132.00,133.50,2.461,0.742,14.6,2.795,N
BX20-016,133.50,134.50,2.875,0.990,17.5,2.760,N
BX20-016,134.50,135.50,1.822,0.465,8.4,2.759,N
BX20-016,135.50,136.50,2.056,0.687,7.9,2.752,N
BX20-016,136.50,138.50,1.858,0.409,12.2,2.781,N
BX20-016,138.50,140.00,2.810,1.023,15.9,2.747,N
BX20-016,140.00,141.00,2.308,0.831,12.7,2.729,N
BX20-016,141.00,142.00,2.519,0.942,18.6,2.815,N
BX20-016,142.00,143.00,2.169,0.850,11.8,2.708,N
BX20-016,143.00,144.50,2.136,0.521,11.7,2.731,N
BX20-016,144.50,146.00,2.725,1.056,17.3,2.738,N
BX20-016,146.00,147.00,2.111,0.610,13.8,2.791,N
BX20-016,147.00,148.00,2.987,0.902,21.7,2.818,N
BX20-016,148.00,149.50,2.874,1.103,17.1,2.791,N
BX20-016,149.50,150.50,2.477,0.784,12.8,2.823,N
BX20-016,150.50,152.50,3.013,1.195,13.4,2.833,N
BX20-016,152.50,153.50,2.671,1.065,17.3,2.802,N
BX20-016,153.50,154.50,2.926,1.132,16.9,2.798,N
BX20-016,154.50,155.50,3.078,1.041,17.4,2.765,N
BX20-016,155.50,156.50,2.745,0.880,18.4,2.850,N
BX20-016,156.50,157.50,3.025,1.038,21.1,2.812,N
BX20-016,157.50,159.00,3.120,0.958,22.3,2.837,N
BX20-016,159.00,160.00,3.347,1.112,19.6,2.868,N
BX20-016,160.00,161.00,2.796,0.917,16.5,2.771,N
BX20-016,161.00,162.00,3.443,1.125,18.7,2.809,N
BX20-016,162.00,163.00,3.244,1.112,22.4,2.823,N
BX20-016,163.00,164.00,3.147,1.081,18.9,2.840,N
BX20-016,164.00,165.50,3.462,1.266,23.0,2.806,N
BX20-016,165.50,167.50,3.382,0.979,21.8,2.823,N
BX20-016,167.50,169.50,3.686,1.342,24.9,2.821,N
BX20-016,169.50,170.50,3.795,1.528,23.9,2.822,N
BX20-016,170.50,172.00,3.801,1.282,23.9,2.787,N
BX20-016,172.00,173.50,4.179,1.446,21.8,2.859,N
BX20-016,173.50,175.00,4.078,1.387,23.7,2.851,N
BX20-016,175.00,176.00,3.745,1.228,23.5,2.830,N
BX20-016,176.00,178.00,3.469,1.289,20.9,2.797,N
BX20-016,178.00,180.00,3.912,1.496,23.7,2.874,N
BX20-016,180.00,181.00,3.334,1.257,19.8,2.774,N
BX20-016,181.00,183.00,4.168,1.492,23.7,2.906,N
BX20-016,183.00,185.00,4.254,1.448,26.0,2.853,N
BX20-016,185.00,186.00,4.112,1.424,19.2,2.845,N
BX20-016,186.00,187.50,3.945,1.429,27.5,2.851,N
BX20-016,187.50,188.50,4.119,1.454,22.5,2.888,N
BX20-016,188.50,189.50,4.284,1.643,26.1,2.961,N
BX20-016,189.50,191.50,4.366,1.514,27.8,2.876,N
BX20-016,191.50,192.50,4.426,1.494,24.7,2.902,N
BX20-016,192.50,194.50,3.510,1.338,24.0,2.854,N
BX20-016,194.50,196.50,3.930,1.519,26.1,2.823,Y
BX20-016,196.50,197.50,4.990,1.809,33.1,2.915,N
BX20-016,197.50,198.50,4.518,1.497,26.9,2.844,N
BX20-016,198.50,199.50,4.887,1.722,29.2,2.976,N
BX20-016,199.50,201.00,5.010,1.817,28.1,2.963,N
BX20-017,0.00,1.00,0.336,0.081,1.4,2.633,N
BX20-017,1.00,3.00,0.717,0.285,6.3,2.654,N
BX20-017,3.00,4.50,0.455,0.270,2.1,2.658,N
BX20-017,4.50,6.50,0.020,0.010,0.5,2.627,N
BX20-017,6.50,7.50,0.339,0.221,2.5,2.647,N
BX20-017,7.50,9.00,0.020,0.010,1.9,2.582,N
BX20-017,9.00,10.00,0.316,0.023,0.8,2.666,N
BX20-017,10.00,11.50,0.020,0.010,1.8,2.612,N
BX20-017,11.50,12.50,0.134,0.236,0.5,2.593,N
BX20-017,12.50,13.50,0.823,0.219,2.4,2.667,N
BX20-017,13.50,15.50,0.020,0.027,0.5,2.624,N
BX20-017,15.50,17.50,0.268,0.014,0.5,2.647,N
BX20-017,17.50,19.00,0.020,0.053,0.5,2.569,N
BX20-017,19.00,20.50,0.083,0.010,1.9,2.613,N
BX20-017,20.50,21.50,0.780,0.286,6.2,2.705,N
BX20-017,21.50,23.00,0.020,0.125,0.5,2.651,N
BX20-017,23.00,24.00,0.020,0.010,0.8,2.645,N
BX20-017,24.00,25.50,0.020,0.010,0.5,2.615,N
BX20-017,25.50,26.50,0.853,0.225,6.9,2.695,N
BX20-017,26.50,27.50,0.020,0.070,0.5,2.649,N
BX20-017,27.50,28.50,0.072,0.010,0.5,2.629,N
BX20-017,28.50,30.50,0.020,0.010,2.7,2.650,N
BX20-017,30.50,32.00,0.164,0.284,0.5,2.626,N
BX20-017,32.00,33.50,0.020,0.119,2.8,2.599,N
BX20-017,33.50,34.50,0.020,0.044,2.2,2.662,N
BX20-017,34.50,36.00,0.020,0.010,0.6,2.625,N
BX20-017,36.00,37.00,0.020,0.010,0.5,2.642,N
BX20-017,37.00,38.00,0.271,0.010,0.5,2.618,N
BX20-017,38.00,39.00,0.441,0.075,3.8,2.600,N
BX20-017,39.00,40.00,0.623,0.384,4.8,2.641,N
BX20-017,40.00,41.50,0.020,0.021,4.0,2.630,N
BX20-017,41.50,43.50,0.020,0.065,0.5,2.623,N
BX20-017,43.50,44.50,0.020,0.010,0.5,2.617,N
BX20-017,44.50,46.50,0.446,0.033,0.5,2.627,N
BX20-017,46.50,48.00,0.300,0.211,2.6,2.612,N
BX20-017,48.00,50.00,0.407,0.219,2.2,2.695,N
BX20-017,50.00,51.00,0.226,0.256,1.9,2.594,N
BX20-017,51.00,52.50,0.440,0.189,2.3,2.625,N
BX20-017,52.50,53.50,0.020,0.034,0.5,2.623,N
BX20-017,53.50,55.50,0.507,0.273,5.7,2.636,N
BX20-017,55.50,56.50,0.064,0.065,1.0,2.640,N
BX20-017,56.50,57.50,0.048,0.132,2.1,2.580,N
BX20-017,57.50,59.50,0.020,0.010,0.5,2.657,N
BX20-017,59.50,61.00,0.020,0.010,2.5,2.609,N
BX20-017,61.00,63.00,0.301,0.197,3.8,2.642,N
BX20-017,63.00,65.00,0.552,0.086,0.5,2.649,Y
BX20-017,65.00,66.00,0.170,0.214,3.2,2.654,N
BX20-017,66.00,67.00,0.254,0.140,0.5,2.635,N
BX20-017,67.00,69.00,0.695,0.084,4.9,2.674,N
BX20-017,69.00,71.00,0.602,0.276,6.7,2.653,N
BX20-017,71.00,72.00,0.102,0.010,0.5,2.559,N
BX20-017,72.00,73.00,0.102,0.010,0.5,2.608,N
BX20-017,73.00,74.00,0.020,0.010,0.5,2.680,N
BX20-017,74.00,75.00,0.020,0.010,1.6,2.592,N
BX20-017,75.00,76.00,0.413,0.193,0.7,2.618,N
BX20-017,76.00,78.00,0.125,0.010,0.5,2.616,N
BX20-017,78.00,80.00,0.020,0.010,3.6,2.607,N
BX20-017,80.00,82.00,1.084,0.502,6.9,2.694,N
BX20-017,82.00,83.00,0.133,0.038,1.0,2.637,N
BX20-017,83.00,85.00,0.065,0.010,3.7,2.612,N
BX20-017,85.00,86.50,0.158,0.152,2.0,2.717,N
BX20-017,86.50,88.00,0.429,0.205,1.7,2.641,N
BX20-017,88.00,89.50,0.148,0.010,2.6,2.681,N
BX20-017,89.50,90.50,0.020,0.010,0.5,2.666,N
BX20-017,90.50,91.50,0.775,0.351,10.8,2.630,N
BX20-017,91.50,92.50,0.651,0.418,5.8,2.677,N
BX20-017,92.50,93.50,0.020,0.035,0.5,2.626,N
BX20-017,93.50,94.50,0.020,0.054,0.5,2.587,N
BX20-017,94.50,96.00,0.238,0.020,1.5,2.629,N
BX20-017,96.00,98.00,0.020,0.010,0.5,2.672,N
BX20-017,98.00,99.50,0.345,0.258,3.8,2.616,N
BX20-017,99.50,101.00,0.611,0.363,4.0,2.679,N
BX20-017,101.00,102.00,0.377,0.036,4.0,2.638,N
BX20-017,102.00,103.00,0.648,0.328,1.8,2.717,N
BX20-017,103.00,105.00,0.131,0.126,0.5,2.693,N
BX20-017,105.00,106.50,0.379,0.108,1.7,2.651,N
BX20-017,106.50,107.50,0.378,0.010,1.2,2.658,N
BX20-017,107.50,109.50,0.149,0.071,3.2,2.648,N
BX20-017,109.50,111.00,0.681,0.505,7.1,2.712,N
BX20-017,111.00,112.50,0.208,0.010,1.5,2.725,N
BX20-017,112.50,114.00,0.374,0.131,4.8,2.650,N
BX20-017,114.00,115.00,0.334,0.252,2.4,2.620,N
BX20-017,115.00,116.50,0.634,0.249,5.9,2.699,N
BX20-017,116.50,118.50,0.573,0.010,4.2,2.627,N
BX20-017,118.50,119.50,0.364,0.185,0.5,2.681,N
BX20-017,119.50,121.50,0.602,0.081,4.0,2.621,N
BX20-017,121.50,122.50,0.619,0.326,3.8,2.620,N
BX20-017,122.50,123.50,0.296,0.059,6.2,2.640,N
BX20-017,123.50,124.50,0.505,0.294,1.1,2.665,N
BX20-017,124.50,126.50,0.291,0.030,0.5,2.623,N
BX20-017,126.50,128.00,0.611,0.397,3.3,2.711,N
BX20-017,128.00,129.00,0.924,0.382,2.9,2.669,N
BX20-017,129.00,130.50,0.064,0.094,2.5,2.611,N
BX20-017,130.50,132.50,0.404,0.088,3.3,2.662,N
BX20-017,132.50,134.50,0.501,0.225,3.4,2.623,N
BX20-017,134.50,136.00,0.895,0.495,5.9,2.672,N
BX20-017,136.00,137.00,0.450,0.167,6.7,2.674,N
BX20-017,137.00,138.00,1.071,0.257,6.2,2.695,N
BX20-017,138.00,139.00,0.394,0.285,4.5,2.680,N
BX20-017,139.00,141.00,0.458,0.083,1.7,2.617,N
BX20-017,141.00,142.50,0.733,0.221,6.3,2.747,N
BX20-017,142.50,144.00,1.045,0.406,6.0,2.734,N
BX20-017,144.00,145.00,0.344,0.223,6.6,2.661,N
BX20-017,145.00,147.00,1.174,0.497,7.1,2.722,N
BX20-017,147.00,148.00,0.465,0.092,8.0,2.654,N
BX20-017,148.00,149.50,0.020,0.010,0.5,2.572,N
BX20-017,149.50,151.00,0.555,0.301,6.5,2.657,N
BX20-017,151.00,152.00,0.988,0.340,4.8,2.632,N
BX20-017,152.00,153.00,1.091,0.288,10.0,2.699,N
BX20-017,153.00,155.00,0.708,0.396,5.6,2.672,Y
BX20-017,155.00,156.00,0.439,0.050,7.3,2.632,N
BX20-017,156.00,157.00,0.898,0.390,0.5,2.699,N
BX20-017,157.00,158.00,0.924,0.296,5.5,2.665,Y
BX20-017,158.00,160.00,0.917,0.202,4.4,2.677,N
BX20-017,160.00,162.00,1.160,0.361,4.0,2.671,N
BX20-017,162.00,163.00,1.087,0.466,2.7,2.671,N
BX20-017,163.00,164.00,1.326,0.467,5.3,2.693,N
BX20-017,164.00,165.00,0.706,0.165,6.4,2.686,N
BX20-017,165.00,166.00,1.205,0.388,10.9,2.684,N
BX20-017,166.00,168.00,1.421,0.479,9.6,2.716,N
BX20-017,168.00,169.00,0.824,0.344,3.4,2.675,N
BX20-017,169.00,171.00,1.504,0.435,8.0,2.679,N
BX20-017,171.00,172.50,1.220,0.435,8.3,2.662,N
BX20-017,172.50,173.50,1.299,0.411,3.7,2.813,N
BX20-017,173.50,175.00,1.029,0.151,7.9,2.691,N
BX20-017,175.00,176.00,1.187,0.361,5.2,2.684,N
BX20-017,176.00,177.00,0.773,0.396,4.8,2.680,N
BX20-017,177.00,179.00,1.420,0.651,9.4,2.693,N
BX20-017,179.00,180.00,1.236,0.455,9.3,2.715,N
BX20-017,180.00,181.00,1.071,0.392,4.9,2.677,N
BX20-017,181.00,183.00,1.464,0.513,8.6,2.697,N
BX20-017,183.00,184.00,0.953,0.435,4.5,2.763,N
BX20-017,184.00,185.50,1.286,0.338,8.5,2.725,N
BX20-017,185.50,187.00,1.364,0.390,5.9,2.714,N
BX20-017,187.00,189.00,1.536,0.434,9.2,2.671,N
BX20-017,189.00,191.00,2.066,0.777,11.6,2.750,N
BX20-017,191.00,192.00,2.038,0.793,10.8,2.729,N
BX20-017,192.00,193.00,1.513,0.505,6.7,2.712,N
BX20-017,193.00,194.00,1.703,0.595,9.4,2.735,N
BX20-017,194.00,195.50,1.488,0.501,7.9,2.758,N
BX20-017,195.50,197.00,1.414,0.586,8.5,2.715,N
BX20-018,0.00,1.00,0.020,0.010,1.1,2.626,N
BX20-018,1.00,2.00,0.020,0.058,1.4,2.539,N
BX20-018,2.00,3.00,0.020,0.010,0.5,2.670,N
BX20-018,3.00,5.00,0.020,0.104,0.5,2.661,N
BX20-018,5.00,6.00,0.020,0.010,0.7,2.573,N
BX20-018,6.00,7.00,0.020,0.010,3.7,2.649,N
BX20-018,7.00,8.00,0.070,0.201,0.5,2.622,N
BX20-018,8.00,9.00,0.333,0.144,2.7,2.617,N
BX20-018,9.00,11.00,0.020,0.026,0.5,2.593,N
BX20-018,11.00,12.50,0.020,0.010,4.0,2.668,N
BX20-018,12.50,14.00,0.364,0.139,0.5,2.691,N
BX20-018,14.00,15.00,0.134,0.010,1.2,2.607,N
BX20-018,15.00,16.00,0.294,0.010,0.5,2.624,N
BX20-018,16.00,18.00,0.020,0.038,1.9,2.642,N
BX20-018,18.00,20.00,0.079,0.010,0.5,2.578,N
BX20-018,20.00,21.50,0.141,0.127,2.0,2.636,N
BX20-018,21.50,23.50,0.020,0.010,0.5,2.681,N
BX20-018,23.50,24.50,0.066,0.095,0.5,2.607,N
BX20-018,24.50,25.50,0.020,0.047,0.5,2.594,N
BX20-018,25.50,27.50,0.020,0.140,5.3,2.603,N
BX20-018,27.50,28.50,0.755,0.288,4.8,2.658,N
BX20-018,28.50,30.00,0.137,0.067,0.5,2.622,Y
BX20-018,30.00,31.00,0.020,0.085,4.4,2.582,N
BX20-018,31.00,32.50,0.020,0.023,1.4,2.651,N
BX20-018,32.50,34.50,0.289,0.052,0.9,2.691,N
BX20-018,34.50,35.50,0.127,0.124,1.4,2.661,N
BX20-018,35.50,37.50,0.020,0.215,2.1,2.624,N
BX20-018,37.50,38.50,0.020,0.022,0.8,2.583,N
BX20-018,38.50,39.50,0.206,0.084,4.7,2.597,N
BX20-018,39.50,40.50,0.020,0.112,0.5,2.576,N
BX20-018,40.50,41.50,0.040,0.010,0.8,2.611,N
BX20-018,41.50,43.00,0.027,0.010,3.8,2.671,N
BX20-018,43.00,44.00,0.020,0.010,0.5,2.608,N
BX20-018,44.00,45.50,0.407,0.198,5.7,2.670,N
BX20-018,45.50,46.50,0.020,0.114,0.5,2.606,N
BX20-018,46.50,47.50,0.020,0.010,0.7,2.567,N
BX20-018,47.50,49.00,0.020,0.010,0.5,2.573,N
BX20-018,49.00,50.00,0.020,0.010,2.3,2.633,N
BX20-018,50.00,51.00,0.020,0.010,0.5,2.600,N
BX20-018,51.00,53.00,0.020,0.010,0.6,2.610,N
BX20-018,53.00,54.50,0.740,0.338,4.1,2.623,N
BX20-018,54.50,56.00,0.704,0.238,1.6,2.642,N
BX20-018,56.00,57.00,0.020,0.010,1.6,2.582,N
BX20-018,57.00,58.00,0.224,0.141,3.7,2.616,N
BX20-018,58.00,59.00,0.020,0.010,0.5,2.627,N
BX20-018,59.00,60.00,0.020,0.010,2.3,2.629,N
BX20-018,60.00,61.00,0.020,0.010,1.8,2.673,N
BX20-018,61.00,62.00,0.080,0.119,2.0,2.659,N
BX20-018,62.00,64.00,0.140,0.106,2.3,2.679,N
BX20-018,64.00,65.00,0.021,0.010,0.5,2.611,N
BX20-018,65.00,66.00,0.120,0.131,1.1,2.621,N
BX20-018,66.00,67.00,0.165,0.062,6.8,2.611,N
BX20-018,67.00,69.00,0.292,0.267,1.9,2.635,N
BX20-018,69.00,70.50,0.020,0.010,0.5,2.623,N
BX20-018,70.50,71.50,0.813,0.222,1.2,2.633,N
BX20-018,71.50,73.50,0.117,0.145,2.5,2.646,N
BX20-018,73.50,75.50,0.020,0.014,0.5,2.606,N
BX20-018,75.50,77.50,0.406,0.352,1.6,2.603,N
BX20-018,77.50,78.50,0.152,0.054,0.5,2.619,N
BX20-018,78.50,80.50,0.020,0.063,0.5,2.583,N
BX20-018,80.50,81.50,0.020,0.010,1.0,2.611,N
BX20-018,81.50,83.00,0.020,0.140,0.5,2.623,N
BX20-018,83.00,85.00,0.020,0.010,0.5,2.612,N
BX20-018,85.00,87.00,0.020,0.010,0.5,2.624,N
BX20-018,87.00,89.00,0.020,0.035,0.5,2.592,N
BX20-018,89.00,90.00,0.020,0.021,0.5,2.637,N
BX20-018,90.00,91.00,0.313,0.237,3.2,2.610,N
BX20-018,91.00,92.50,1.104,0.298,6.2,2.694,N
BX20-018,92.50,93.50,0.337,0.121,3.1,2.660,N
BX20-018,93.50,95.00,0.020,0.141,1.8,2.632,N
BX20-018,95.00,96.00,0.981,0.379,8.5,2.648,N
BX20-018,96.00,97.00,0.208,0.092,2.4,2.633,N
BX20-018,97.00,99.00,0.020,0.010,0.5,2.641,N
BX20-018,99.00,101.00,0.020,0.182,0.5,2.583,N
BX20-018,101.00,102.00,0.133,0.010,0.5,2.623,N
BX20-018,102.00,103.50,0.020,0.092,0.5,2.677,N
BX20-018,103.50,104.50,0.020,0.010,0.5,2.628,N
BX20-018,104.50,106.50,0.772,0.350,3.8,2.651,N
BX20-018,106.50,108.50,0.020,0.010,0.5,2.618,N
BX20-018,108.50,109.50,1.262,0.386,7.0,2.723,N
BX20-018,109.50,111.00,0.136,0.064,1.4,2.608,N
BX20-018,111.00,113.00,0.049,0.174,4.5,2.641,N
BX20-018,113.00,114.00,0.331,0.046,0.5,2.622,N
BX20-018,114.00,115.50,0.441,0.337,3.5,2.644,N
BX20-018,115.50,116.50,0.020,0.031,0.7,2.623,N
BX20-018,116.50,117.50,0.020,0.010,0.5,2.603,N
BX20-018,117.50,118.50,0.020,0.010,0.5,2.667,N
BX20-018,118.50,120.50,0.048,0.145,1.5,2.617,N
BX20-018,120.50,121.50,0.589,0.231,5.7,2.620,N
BX20-018,121.50,122.50,0.767,0.208,9.5,2.623,N
BX20-018,122.50,123.50,0.020,0.010,0.5,2.567,N
BX20-018,123.50,124.50,0.020,0.111,1.2,2.668,N
BX20-018,124.50,125.50,0.020,0.010,1.0,2.623,N
BX20-018,125.50,127.50,0.020,0.010,0.5,2.630,N
BX20-018,127.50,128.50,0.020,0.048,0.5,2.618,N
BX20-018,128.50,129.50,0.020,0.060,0.5,2.595,N
BX20-018,129.50,131.50,0.020,0.052,0.5,2.580,N
BX20-018,131.50,133.00,0.020,0.116,1.6,2.579,N
BX20-018,133.00,135.00,0.020,0.092,0.5,2.588,N
BX20-018,135.00,136.00,0.020,0.010,0.9,2.589,N
BX20-018,136.00,137.00,0.020,0.080,1.7,2.617,N
BX20-018,137.00,138.00,0.210,0.144,3.2,2.661,N
BX20-018,138.00,139.50,0.020,0.161,1.6,2.614,N
BX20-018,139.50,141.50,0.020,0.114,0.5,2.602,N
BX20-018,141.50,143.50,0.020,0.030,0.5,2.665,N
BX20-018,143.50,145.50,0.281,0.118,0.5,2.614,N
BX20-018,145.50,146.50,0.020,0.010,0.5,2.734,N
BX20-018,146.50,148.50,0.227,0.214,0.5,2.627,N
BX20-018,148.50,150.00,0.020,0.010,0.5,2.612,N
BX20-018,150.00,151.00,0.020,0.010,1.7,2.679,N
BX20-018,151.00,152.00,0.088,0.185,3.7,2.661,N
BX20-018,152.00,153.50,0.020,0.135,0.5,2.652,N
BX20-018,153.50,155.50,0.026,0.010,1.1,2.663,N
BX20-018,155.50,156.50,0.317,0.173,5.1,2.679,N
BX20-018,156.50,158.50,0.132,0.343,0.7,2.606,N
BX20-018,158.50,159.50,0.020,0.038,1.7,2.609,N
BX20-018,159.50,161.50,0.020,0.010,0.5,2.598,N
BX20-018,161.50,163.00,0.417,0.169,4.4,2.655,N
BX20-018,163.00,164.00,0.650,0.194,3.1,2.656,N
BX20-018,164.00,166.00,0.020,0.252,0.5,2.621,N
BX20-018,166.00,168.00,0.114,0.018,1.4,2.603,N
BX20-018,168.00,170.00,0.067,0.010,0.5,2.609,N
BX20-018,170.00,171.00,0.020,0.010,0.5,2.585,N
BX20-018,171.00,173.00,0.020,0.024,0.8,2.633,N
BX20-018,173.00,174.50,0.020,0.100,0.5,2.650,N
BX20-018,174.50,176.00,0.020,0.039,0.5,2.634,N
BX20-018,176.00,177.50,0.699,0.312,9.8,2.639,N
BX20-018,177.50,178.50,0.424,0.297,4.8,2.604,N
BX20-018,178.50,179.50,0.716,0.270,1.7,2.627,N
BX20-018,179.50,180.50,0.020,0.095,0.5,2.657,N
BX20-018,180.50,182.50,0.323,0.195,3.8,2.627,N
BX20-018,182.50,184.00,0.020,0.099,2.0,2.661,Y
BX20-018,184.00,185.50,0.020,0.140,1.3,2.571,N
BX20-018,185.50,186.50,0.020,0.154,2.8,2.636,N
BX20-018,186.50,187.50,0.020,0.095,0.5,2.617,N
BX20-018,187.50,189.00,0.200,0.010,0.5,2.678,N
BX20-018,189.00,190.50,0.020,0.087,1.1,2.601,N
BX20-018,190.50,191.50,0.020,0.062,0.5,2.606,N
BX20-018,191.50,193.50,0.189,0.213,3.0,2.625,N
BX20-018,193.50,194.50,0.020,0.022,0.5,2.603,N
BX20-018,194.50,195.50,0.020,0.065,0.5,2.590,N
BX20-018,195.50,197.50,0.514,0.309,5.3,2.668,N
BX20-018,197.50,198.50,0.463,0.209,4.6,2.638,N
BX20-018,198.50,200.50,0.020,0.085,0.5,2.601,N
BX20-018,200.50,202.50,0.020,0.010,2.5,2.615,N
BX20-018,202.50,204.50,0.020,0.064,0.5,2.639,N
BX20-018,204.50,206.50,0.020,0.010,0.5,2.606,N
BX20-018,206.50,207.50,0.092,0.010,1.5,2.612,N
BX20-018,207.50,208.50,0.056,0.080,0.5,2.661,N
BX20-018,208.50,209.50,0.020,0.010,0.5,2.618,N
BX20-018,209.50,211.50,0.020,0.010,0.5,2.635,N
BX20-018,211.50,212.50,0.075,0.024,0.5,2.643,N
BX20-018,212.50,214.00,0.206,0.019,0.5,2.635,N
BX20-018,214.00,216.00,0.284,0.209,0.5,2.644,N
BX20-018,216.00,217.50,0.020,0.010,2.6,2.601,N
BX20-018,217.50,219.50,0.020,0.039,0.5,2.602,N
BX20-018,219.50,220.50,0.020,0.085,0.5,2.603,N
BX20-018,220.50,221.50,0.020,0.227,1.3,2.616,N
BX20-018,221.50,223.50,0.020,0.010,0.5,2.637,N
BX20-018,223.50,224.50,0.288,0.020,0.5,2.650,N
BX20-018,224.50,225.50,0.020,0.010,0.5,2.617,N
BX20-018,225.50,227.50,0.247,0.034,0.5,2.655,N
BX20-018,227.50,229.00,0.550,0.376,4.7,2.638,N
BX20-018,229.00,230.00,0.020,0.010,0.5,2.582,N
BX20-018,230.00,231.00,0.496,0.251,1.1,2.659,N
BX20-018,231.00,232.00,0.020,0.029,1.2,2.662,N
BX20-018,232.00,233.50,0.293,0.113,2.6,2.620,N
BX20-018,233.50,235.00,0.020,0.087,0.8,2.672,N
BX20-018,235.00,237.00,0.550,0.010,2.1,2.673,N
BX20-018,237.00,238.00,0.086,0.056,5.3,2.645,N
BX20-018,238.00,239.00,0.020,0.010,0.5,2.627,N
BX20-018,239.00,241.00,0.046,0.010,2.4,2.652,N
BX20-018,241.00,242.50,0.020,0.083,2.0,2.626,N
BX20-018,242.50,243.50,0.447,0.032,6.1,2.589,N
BX20-018,243.50,245.00,0.020,0.206,0.5,2.608,N
BX20-018,245.00,247.00,0.265,0.154,3.8,2.646,N
BX20-018,247.00,248.00,0.020,0.028,0.8,2.614,N
BX20-018,248.00,249.00,0.135,0.010,0.5,2.646,N
BX20-018,249.00,250.00,0.020,0.010,0.5,2.619,N
BX20-018,250.00,251.50,0.020,0.082,0.5,2.551,N
BX20-018,251.50,253.00,0.020,0.140,0.5,2.586,N
BX20-018,253.00,254.00,0.020,0.118,0.5,2.592,N
BX20-018,254.00,255.50,0.020,0.010,4.6,2.649,N
BX20-018,255.50,257.50,0.316,0.021,1.0,2.653,N
BX20-018,257.50,258.50,0.020,0.010,0.5,2.623,N
BX20-018,258.50,259.50,0.020,0.010,0.5,2.626,N
BX20-018,259.50,261.50,0.334,0.010,1.7,2.651,N
BX20-018,261.50,262.50,0.405,0.210,3.1,2.677,Y
BX20-018,262.50,264.00,0.323,0.129,6.0,2.633,N
BX20-018,264.00,265.50,0.418,0.215,3.8,2.672,N
BX20-018,265.50,266.50,0.020,0.069,0.5,2.583,N
BX20-018,266.50,267.50,0.091,0.079,2.6,2.644,N
BX20-018,267.50,268.00,0.020,0.010,0.5,2.633,N
BX20-019,0.00,1.00,0.020,0.010,0.5,2.598,N
BX20-019,1.00,2.50,0.020,0.010,0.5,2.572,N
BX20-019,2.50,3.50,0.203,0.191,0.5,2.627,N
BX20-019,3.50,5.50,0.020,0.010,2.5,2.603,N
BX20-019,5.50,7.50,0.094,0.010,0.5,2.616,N
BX20-019,7.50,9.00,0.020,0.024,0.5,2.643,N
BX20-019,9.00,11.00,0.204,0.110,2.0,2.604,N
BX20-019,11.00,13.00,0.292,0.028,0.5,2.647,N
BX20-019,13.00,14.00,0.020,0.010,0.5,2.646,N
BX20-019,14.00,15.00,0.682,0.207,4.4,2.660,N
BX20-019,15.00,16.00,0.020,0.162,0.5,2.580,N
BX20-019,16.00,18.00,0.308,0.216,3.3,2.590,N
BX20-019,18.00,19.00,0.714,0.225,3.0,2.709,N
BX20-019,19.00,20.50,0.125,0.065,0.5,2.627,N
BX20-019,20.50,22.00,0.020,0.050,1.3,2.587,N
BX20-019,22.00,23.00,0.078,0.044,4.1,2.581,N
BX20-019,23.00,24.00,0.020,0.010,0.5,2.598,N
BX20-019,24.00,25.50,0.020,0.010,0.5,2.604,N
BX20-019,25.50,26.50,0.020,0.010,0.5,2.614,N
BX20-019,26.50,27.50,0.020,0.010,0.5,2.608,N
BX20-019,27.50,29.00,0.033,0.091,0.6,2.655,N
BX20-019,29.00,31.00,0.151,0.181,4.5,2.636,N
BX20-019,31.00,32.50,0.442,0.057,10.6,2.641,N
BX20-019,32.50,33.50,0.020,0.043,1.9,2.623,N
BX20-019,33.50,34.50,0.020,0.010,0.5,2.588,N
BX20-019,34.50,35.50,0.020,0.018,5.0,2.635,N
BX20-019,35.50,36.50,0.220,0.010,3.6,2.635,N
BX20-019,36.50,38.00,0.020,0.010,1.6,2.625,N
BX20-019,38.00,40.00,0.025,0.010,1.9,2.615,N
BX20-019,40.00,41.00,0.020,0.010,2.7,2.667,N
BX20-019,41.00,43.00,0.020,0.175,0.5,2.629,N
BX20-019,43.00,44.00,0.650,0.123,7.4,2.653,N
BX20-019,44.00,45.00,0.441,0.013,4.8,2.620,N
BX20-019,45.00,46.00,0.020,0.010,0.8,2.593,N
BX20-019,46.00,47.00,0.020,0.077,0.5,2.670,N
BX20-019,47.00,48.00,0.020,0.010,0.5,2.623,N
BX20-019,48.00,49.50,0.573,0.065,1.8,2.681,N
BX20-019,49.50,50.50,0.020,0.064,1.2,2.591,N
BX20-019,50.50,52.50,0.100,0.036,3.7,2.614,N
BX20-019,52.50,53.50,0.444,0.180,3.9,2.644,N
BX20-019,53.50,55.00,0.199,0.036,0.5,2.625,N
BX20-019,55.00,56.00,0.088,0.010,0.5,2.667,N
BX20-019,56.00,57.50,0.055,0.038,0.6,2.613,N
BX20-019,57.50,58.50,0.020,0.010,1.5,2.591,N
BX20-019,58.50,60.50,0.261,0.053,2.0,2.649,N
BX20-019,60.50,61.50,0.020,0.010,0.5,2.634,N
BX20-019,61.50,62.50,0.369,0.010,1.3,2.662,N
BX20-019,62.50,64.50,0.020,0.010,4.0,2.613,N
BX20-019,64.50,66.00,0.141,0.124,2.9,2.563,N
BX20-019,66.00,67.00,0.020,0.131,0.5,2.632,N
BX20-019,67.00,68.00,0.340,0.010,4.6,2.638,N
BX20-019,68.00,69.00,0.254,0.010,0.5,2.623,N
BX20-019,69.00,70.50,0.123,0.034,0.5,2.653,N
BX20-019,70.50,72.50,0.457,0.150,6.0,2.622,N
BX20-019,72.50,73.50,0.407,0.184,0.5,2.665,N
BX20-019,73.50,74.50,0.021,0.058,0.5,2.646,N
BX20-019,74.50,75.50,0.020,0.033,1.9,2.643,N
BX20-019,75.50,76.50,0.275,0.150,3.1,2.640,N
BX20-019,76.50,78.50,0.232,0.219,2.4,2.638,N
BX20-019,78.50,80.00,0.020,0.010,0.5,2.600,N
BX20-019,80.00,82.00,0.109,0.170,2.7,2.630,N
BX20-019,82.00,83.00,0.155,0.010,3.4,2.625,N
BX20-019,83.00,84.00,0.020,0.145,0.5,2.620,N
BX20-019,84.00,85.50,0.252,0.181,0.6,2.632,N
BX20-019,85.50,87.50,0.548,0.105,6.2,2.642,N
BX20-019,87.50,89.00,0.245,0.139,0.5,2.642,N
BX20-019,89.00,90.50,0.020,0.170,1.6,2.630,N
BX20-019,90.50,92.00,0.020,0.156,0.7,2.599,N
BX20-019,92.00,94.00,0.046,0.025,0.5,2.634,N
BX20-019,94.00,95.00,0.455,0.021,0.5,2.627,N
BX20-019,95.00,96.00,0.045,0.010,0.5,2.638,N
BX20-019,96.00,98.00,0.020,0.077,0.5,2.672,N
BX20-019,98.00,99.00,0.075,0.010,2.5,2.571,N
BX20-019,99.00,100.50,0.020,0.112,1.1,2.646,N
BX20-019,100.50,101.50,0.093,0.010,0.5,2.659,N
BX20-019,101.50,102.50,0.197,0.010,2.7,2.663,N
BX20-019,102.50,103.50,0.498,0.093,0.9,2.621,N
BX20-019,103.50,104.50,0.020,0.010,0.7,2.604,N
BX20-019,104.50,106.50,0.397,0.071,2.8,2.569,N
BX20-019,106.50,107.50,0.349,0.255,3.5,2.631,N
BX20-019,107.50,109.00,0.020,0.145,2.3,2.663,N
BX20-019,109.00,110.00,0.107,0.238,0.5,2.683,N
BX20-019,110.00,111.50,0.020,0.010,2.8,2.613,N
BX20-019,111.50,113.50,0.020,0.010,0.5,2.604,N
BX20-019,113.50,115.00,0.020,0.010,0.5,2.601,N
BX20-019,115.00,116.50,0.020,0.086,0.5,2.623,N
BX20-019,116.50,117.50,0.020,0.011,0.5,2.651,N
BX20-019,117.50,119.50,0.149,0.073,4.4,2.629,N
BX20-019,119.50,121.00,0.347,0.301,0.7,2.638,N
BX20-019,121.00,122.00,0.269,0.119,6.0,2.595,N
BX20-019,122.00,123.00,0.275,0.010,3.0,2.609,N
BX20-019,123.00,124.00,0.020,0.146,0.5,2.655,N
BX20-019,124.00,125.00,0.020,0.010,0.5,2.580,N
BX20-019,125.00,126.00,0.020,0.032,0.5,2.612,N
BX20-019,126.00,127.00,0.020,0.141,2.1,2.534,N
BX20-019,127.00,128.00,0.020,0.010,0.5,2.653,N
BX20-019,128.00,129.00,0.020,0.010,0.5,2.640,N
BX20-019,129.00,131.00,0.326,0.121,0.7,2.690,N
BX20-019,131.00,132.50,0.020,0.010,0.5,2.594,N
BX20-019,132.50,134.00,0.748,0.210,4.3,2.661,N
BX20-019,134.00,136.00,0.922,0.428,4.0,2.656,N
BX20-019,136.00,137.50,0.020,0.010,4.0,2.623,N
BX20-019,137.50,139.00,0.020,0.010,1.8,2.603,N
BX20-019,139.00,140.50,0.020,0.226,0.5,2.641,N
BX20-019,140.50,141.50,0.371,0.125,2.1,2.622,N
BX20-019,141.50,143.00,0.060,0.010,2.2,2.640,N
BX20-019,143.00,145.00,0.279,0.010,2.2,2.631,N
BX20-019,145.00,146.00,0.020,0.010,0.9,2.596,N
BX20-019,146.00,147.50,0.020,0.040,1.2,2.658,N
BX20-019,147.50,149.00,0.633,0.264,7.3,2.636,N
BX20-019,149.00,150.50,0.020,0.121,0.6,2.625,N
BX20-019,150.50,152.00,0.020,0.017,0.9,2.679,N
BX20-019,152.00,153.00,0.114,0.045,1.3,2.661,Y
BX20-019,153.00,154.50,0.439,0.157,3.8,2.658,N
BX20-019,154.50,156.50,0.530,0.254,2.6,2.609,N
BX20-019,156.50,157.50,0.020,0.010,1.6,2.606,N
BX20-019,157.50,158.50,0.248,0.023,1.3,2.626,N
BX20-019,158.50,159.50,0.020,0.062,0.5,2.649,N
BX20-019,159.50,160.50,0.294,0.199,1.5,2.655,N
BX20-019,160.50,161.50,0.020,0.064,1.7,2.640,N
BX20-019,161.50,163.50,0.075,0.120,2.7,2.638,N
BX20-019,163.50,165.50,0.427,0.010,4.1,2.675,N
BX20-019,165.50,167.50,0.020,0.010,0.5,2.653,N
BX20-019,167.50,169.00,0.449,0.041,4.9,2.666,N
BX20-019,169.00,170.50,0.020,0.010,1.0,2.618,N
BX20-019,170.50,172.00,0.020,0.010,3.8,2.608,N
BX20-019,172.00,173.50,0.213,0.088,3.5,2.596,N
BX20-019,173.50,174.00,0.618,0.129,2.9,2.662,N
BX20-020,0.00,2.00,0.522,0.133,7.5,2.647,N
BX20-020,2.00,3.00,0.268,0.054,0.5,2.638,N
BX20-020,3.00,4.00,0.020,0.217,0.5,2.621,N
BX20-020,4.00,5.50,0.326,0.077,3.4,2.650,N
BX20-020,5.50,7.00,0.020,0.010,0.5,2.621,N
BX20-020,7.00,9.00,0.020,0.010,1.1,2.630,N
BX20-020,9.00,10.50,0.219,0.010,3.5,2.655,Y
BX20-020,10.50,11.50,0.020,0.113,0.5,2.588,N
BX20-020,11.50,13.00,0.020,0.019,2.7,2.613,N
BX20-020,13.00,14.50,0.020,0.042,0.5,2.642,N
BX20-020,14.50,16.50,0.020,0.069,5.7,2.640,N
BX20-020,16.50,18.00,0.020,0.113,0.5,2.567,N
BX20-020,18.00,19.50,0.147,0.029,0.5,2.584,N
BX20-020,19.50,21.00,0.020,0.032,4.2,2.592,N
BX20-020,21.00,22.00,0.020,0.010,0.6,2.643,N
BX20-020,22.00,23.50,0.208,0.027,3.5,2.632,N
BX20-020,23.50,25.00,0.575,0.228,1.2,2.630,N
BX20-020,25.00,27.00,0.282,0.039,1.9,2.624,N
BX20-020,27.00,29.00,0.020,0.010,1.3,2.597,N
BX20-020,29.00,31.00,0.419,0.179,0.5,2.659,N
BX20-020,31.00,32.50,0.020,0.010,2.0,2.648,N
BX20-020,32.50,34.00,0.020,0.010,0.5,2.621,N
BX20-020,34.00,35.00,0.100,0.010,0.7,2.608,N
BX20-020,35.00,36.00,0.020,0.093,0.5,2.604,N
BX20-020,36.00,37.00,0.020,0.010,0.5,2.558,N
BX20-020,37.00,38.00,0.020,0.126,0.5,2.595,N
BX20-020,38.00,39.00,0.242,0.075,1.5,2.585,N
BX20-020,39.00,40.00,0.020,0.162,0.5,2.582,N
BX20-020,40.00,42.00,0.146,0.010,0.5,2.655,N
BX20-020,42.00,43.00,0.255,0.146,3.8,2.606,N
BX20-020,43.00,44.00,0.020,0.010,0.5,2.527,N
BX20-020,44.00,45.00,0.020,0.091,0.5,2.628,N
BX20-020,45.00,46.00,0.081,0.086,1.5,2.641,N
BX20-020,46.00,48.00,0.020,0.010,0.5,2.609,N
BX20-020,48.00,49.00,0.020,0.073,0.5,2.620,N
BX20-020,49.00,50.00,0.631,0.418,7.2,2.673,N
BX20-020,50.00,51.00,0.485,0.250,1.6,2.654,N
BX20-020,51.00,52.00,0.020,0.010,0.5,2.626,N
BX20-020,52.00,53.00,0.654,0.184,0.6,2.611,N
BX20-020,53.00,54.00,0.315,0.195,0.9,2.634,N
BX20-020,54.00,55.50,0.020,0.010,0.5,2.635,N
BX20-020,55.50,57.00,0.228,0.170,0.5,2.613,N
BX20-020,57.00,58.00,0.294,0.150,0.5,2.658,N
BX20-020,58.00,59.00,0.201,0.039,0.5,2.613,N
BX20-020,59.00,60.50,0.190,0.076,0.5,2.679,N
BX20-020,60.50,62.50,0.372,0.185,5.3,2.599,N
BX20-020,62.50,64.50,0.020,0.097,0.5,2.617,Y
BX20-020,64.50,65.50,0.020,0.187,0.5,2.635,N
BX20-020,65.50,66.50,0.444,0.101,2.2,2.682,N
BX20-020,66.50,68.50,0.020,0.022,2.0,2.633,N
BX20-020,68.50,69.50,0.020,0.261,0.5,2.636,N
BX20-020,69.50,71.50,0.020,0.214,0.5,2.650,N
BX20-020,71.50,73.50,0.020,0.010,3.5,2.674,N
BX20-020,73.50,74.50,0.020,0.010,0.5,2.562,N
BX20-020,74.50,75.50,0.020,0.125,6.3,2.647,N
BX20-020,75.50,76.50,0.215,0.025,1.3,2.584,N
BX20-020,76.50,77.50,0.374,0.068,0.5,2.655,N
BX20-020,77.50,78.50,0.020,0.033,0.5,2.646,Y
BX20-020,78.50,79.50,0.668,0.146,4.4,2.646,N
BX20-020,79.50,81.00,0.020,0.085,0.5,2.587,N
BX20-020,81.00,82.00,0.020,0.051,0.5,2.600,N
BX20-020,82.00,83.00,0.139,0.051,3.1,2.667,N
BX20-020,83.00,84.00,0.020,0.108,1.4,2.608,N
BX20-020,84.00,85.50,0.236,0.012,2.6,2.580,N
BX20-020,85.50,86.50,0.020,0.010,0.5,2.643,N
BX20-020,86.50,87.50,0.020,0.064,0.5,2.595,N
BX20-020,87.50,89.50,0.020,0.010,1.5,2.592,N
BX20-020,89.50,90.50,0.141,0.080,0.5,2.660,N
BX20-020,90.50,92.00,0.020,0.073,0.5,2.643,N
BX20-020,92.00,93.50,0.020,0.010,0.5,2.655,N
BX20-020,93.50,95.00,0.020,0.016,1.0,2.640,N
BX20-020,95.00,97.00,0.020,0.143,0.9,2.611,N
BX20-020,97.00,98.00,0.020,0.010,0.5,2.623,N
BX20-020,98.00,99.00,0.020,0.010,2.8,2.675,N
BX20-020,99.00,100.00,0.020,0.026,0.5,2.648,N
BX20-020,100.00,101.00,0.356,0.054,2.0,2.601,N
BX20-020,101.00,102.50,0.020,0.010,0.5,2.625,N
BX20-020,102.50,104.50,0.020,0.010,0.5,2.656,N
BX20-020,104.50,105.50,0.053,0.010,0.5,2.610,N
BX20-020,105.50,106.50,0.034,0.103,0.5,2.622,N
BX20-020,106.50,107.50,0.020,0.010,0.5,2.617,N
BX20-020,107.50,109.00,0.060,0.010,0.5,2.680,N
BX20-020,109.00,110.50,0.020,0.010,1.9,2.659,N
BX20-020,110.50,111.50,0.020,0.131,1.1,2.664,N
BX20-020,111.50,113.00,0.303,0.010,0.5,2.626,N
BX20-020,113.00,114.00,0.347,0.323,3.6,2.591,N
BX20-020,114.00,115.50,0.020,0.010,3.4,2.609,N
BX20-020,115.50,116.50,0.058,0.138,2.0,2.644,N
BX20-020,116.50,118.00,0.020,0.175,1.6,2.636,N
BX20-020,118.00,120.00,0.020,0.010,2.6,2.631,N
BX20-020,120.00,121.50,0.670,0.362,4.1,2.706,N
BX20-020,121.50,123.50,0.314,0.092,5.7,2.610,N
BX20-020,123.50,124.50,0.020,0.010,0.5,2.589,N
BX20-020,124.50,125.50,0.020,0.010,0.5,2.605,N
BX20-020,125.50,127.00,0.537,0.171,0.5,2.626,N
BX20-020,127.00,128.50,0.065,0.010,5.5,2.634,N
BX20-020,128.50,129.50,0.020,0.010,0.5,2.609,N
BX20-020,129.50,130.50,0.487,0.302,4.6,2.694,N
BX20-020,130.50,132.50,0.427,0.082,0.6,2.628,N
BX20-020,132.50,134.00,0.020,0.036,0.5,2.592,N
BX20-020,134.00,135.50,0.020,0.010,0.5,2.625,N
BX20-020,135.50,137.00,0.470,0.284,6.8,2.617,N
BX20-020,137.00,138.00,0.020,0.216,0.5,2.629,N
BX20-020,138.00,139.50,0.020,0.010,0.5,2.618,N
BX20-020,139.50,140.50,0.258,0.198,0.5,2.639,N
BX20-020,140.50,142.50,0.575,0.087,1.2,2.680,N
BX20-020,142.50,144.00,0.406,0.181,5.3,2.659,N
BX20-020,144.00,145.00,0.263,0.164,2.5,2.616,N
BX20-020,145.00,146.00,0.815,0.247,3.1,2.643,Y
BX20-020,146.00,148.00,0.020,0.010,0.5,2.659,N
BX20-020,148.00,149.00,0.020,0.113,0.5,2.610,N
BX20-020,149.00,151.00,0.553,0.111,6.0,2.661,N
BX20-020,151.00,152.50,0.391,0.195,0.7,2.672,N
BX20-020,152.50,153.50,0.020,0.172,0.5,2.645,N
BX20-020,153.50,154.50,0.020,0.010,0.5,2.617,N
BX20-020,154.50,156.00,0.020,0.010,0.9,2.600,N
BX21-021,0.00,2.00,1.041,0.427,7.3,2.687,N
BX21-021,2.00,4.00,1.382,0.558,8.8,2.715,N
BX21-021,4.00,5.50,1.891,0.717,11.6,2.734,N
BX21-021,5.50,6.50,0.892,0.250,7.5,2.681,N
BX21-021,6.50,7.50,1.132,0.373,7.3,2.674,N
BX21-021,7.50,9.50,1.673,0.714,7.1,2.733,N
BX21-021,9.50,10.50,1.953,0.703,13.0,2.681,N
BX21-021,10.50,12.50,1.663,0.545,9.1,2.673,N
BX21-021,12.50,14.00,1.189,0.419,6.2,2.725,N
BX21-021,14.00,16.00,1.076,0.440,5.7,2.602,N
BX21-021,16.00,17.00,1.226,0.239,5.8,2.707,N
BX21-021,17.00,18.00,1.610,0.659,12.1,2.736,N
BX21-021,18.00,19.00,1.405,0.480,6.2,2.637,N
BX21-021,19.00,20.50,1.663,0.395,8.3,2.692,N
BX21-021,20.50,22.50,0.832,0.301,8.4,2.650,N
BX21-021,22.50,23.50,1.415,0.528,5.9,2.652,N
BX21-021,23.50,25.50,0.821,0.303,5.9,2.705,N
BX21-021,25.50,27.00,1.049,0.262,6.4,2.659,N
BX21-021,27.00,28.00,1.218,0.367,9.2,2.703,N
BX21-021,28.00,29.00,0.512,0.131,1.8,2.584,N
BX21-021,29.00,30.00,1.425,0.513,5.4,2.607,N
BX21-021,30.00,31.00,0.223,0.151,0.5,2.646,N
BX21-021,31.00,32.50,0.812,0.244,6.9,2.621,N
BX21-021,32.50,33.50,0.779,0.260,3.6,2.706,N
BX21-021,33.50,34.50,1.080,0.400,6.9,2.663,N
BX21-021,34.50,35.50,0.304,0.010,1.8,2.644,N
BX21-021,35.50,37.50,0.591,0.247,3.6,2.641,N
BX21-021,37.50,38.50,0.532,0.274,0.5,2.668,N
BX21-021,38.50,40.00,0.709,0.255,3.9,2.655,N
BX21-021,40.00,41.00,0.665,0.029,3.7,2.663,N
BX21-021,41.00,42.00,0.748,0.282,6.4,2.669,N
BX21-021,42.00,43.00,0.275,0.010,3.8,2.683,N
BX21-021,43.00,44.00,0.338,0.259,2.0,2.652,N
BX21-021,44.00,45.00,1.235,0.549,7.9,2.676,N
BX21-021,45.00,47.00,0.292,0.247,0.5,2.624,N
BX21-021,47.00,48.00,0.688,0.212,3.1,2.627,N
BX21-021,48.00,50.00,0.500,0.048,2.0,2.678,Y
BX21-021,50.00,52.00,1.053,0.305,7.6,2.697,N
BX21-021,52.00,53.00,0.639,0.304,3.6,2.603,N
BX21-021,53.00,54.00,0.020,0.048,0.5,2.625,N
BX21-021,54.00,55.50,0.724,0.250,5.9,2.672,N
BX21-021,55.50,56.50,0.811,0.638,7.4,2.688,N
BX21-021,56.50,57.50,0.629,0.158,3.8,2.703,N
BX21-021,57.50,59.50,0.477,0.095,3.9,2.709,N
BX21-021,59.50,61.50,0.769,0.232,4.4,2.641,N
BX21-021,61.50,63.00,0.259,0.047,0.5,2.649,N
BX21-021,63.00,64.00,0.130,0.134,0.5,2.620,N
BX21-021,64.00,66.00,0.842,0.010,5.2,2.711,N
BX21-021,66.00,67.00,0.427,0.010,0.5,2.697,N
BX21-021,67.00,69.00,0.566,0.064,4.2,2.700,N
BX21-021,69.00,71.00,0.020,0.029,1.0,2.635,N
BX21-021,71.00,72.00,0.186,0.010,1.9,2.607,N
BX21-021,72.00,73.00,0.673,0.292,6.3,2.666,N
BX21-021,73.00,75.00,0.048,0.010,3.2,2.646,N
BX21-021,75.00,76.50,0.367,0.299,2.3,2.608,N
BX21-021,76.50,78.00,0.443,0.130,2.9,2.716,N
BX21-021,78.00,79.00,0.107,0.010,0.7,2.655,N
BX21-021,79.00,80.00,0.547,0.456,1.5,2.644,N
BX21-021,80.00,81.50,0.073,0.010,1.4,2.637,N
BX21-021,81.50,82.50,0.020,0.139,3.0,2.654,N
BX21-021,82.50,83.50,0.223,0.069,4.5,2.636,N
BX21-021,83.50,84.50,0.421,0.239,0.5,2.644,N
BX21-021,84.50,86.50,0.020,0.010,0.5,2.620,N
BX21-021,86.50,87.50,0.684,0.365,4.8,2.694,N
BX21-021,87.50,88.50,0.020,0.010,1.0,2.618,N
BX21-021,88.50,89.50,0.020,0.010,1.1,2.596,N
BX21-021,89.50,91.00,0.373,0.159,0.5,2.700,N
BX21-021,91.00,92.50,0.128,0.110,0.5,2.604,N
BX21-021,92.50,94.50,0.020,0.010,0.5,2.665,N
BX21-021,94.50,95.50,0.330,0.129,0.5,2.726,N
BX21-021,95.50,97.00,0.040,0.010,1.8,2.583,N
BX21-021,97.00,98.50,0.782,0.304,4.7,2.657,N
BX21-021,98.50,99.50,0.324,0.128,4.9,2.645,N
BX21-021,99.50,100.50,0.606,0.235,4.4,2.621,N
BX21-021,100.50,101.50,0.475,0.175,2.3,2.700,N
BX21-021,101.50,102.50,0.576,0.252,3.0,2.672,N
BX21-021,102.50,104.00,0.374,0.084,1.1,2.626,N
BX21-021,104.00,106.00,0.409,0.090,0.5,2.632,N
BX21-021,106.00,107.00,0.020,0.010,0.5,2.655,N
BX21-021,107.00,109.00,0.760,0.357,3.5,2.662,N
BX21-021,109.00,111.00,0.321,0.010,0.9,2.618,N
BX21-021,111.00,112.00,0.020,0.171,2.4,2.664,N
BX21-021,112.00,113.00,0.020,0.010,1.4,2.614,N
BX21-021,113.00,114.00,0.022,0.073,1.0,2.567,N
BX21-021,114.00,115.50,0.020,0.010,0.5,2.612,N
BX21-021,115.50,117.00,0.020,0.010,0.5,2.634,N
BX21-021,117.00,119.00,0.020,0.054,0.5,2.599,N
BX21-021,119.00,121.00,0.020,0.010,3.6,2.653,N
BX21-021,121.00,122.50,0.047,0.021,0.9,2.614,N
BX21-021,122.50,124.00,0.020,0.010,1.4,2.631,N
BX21-021,124.00,125.50,0.020,0.010,0.5,2.599,N
BX21-021,125.50,126.50,0.311,0.056,1.7,2.630,N
BX21-021,126.50,128.00,0.020,0.074,1.1,2.645,N
BX21-021,128.00,129.00,0.488,0.115,2.6,2.687,N
BX21-021,129.00,130.50,0.254,0.107,0.5,2.662,N
BX21-021,130.50,131.50,0.028,0.010,0.5,2.573,N
BX21-021,131.50,132.50,0.020,0.010,0.5,2.612,N
BX21-021,132.50,133.50,0.240,0.039,0.9,2.619,N
BX21-021,133.50,134.50,0.020,0.052,0.5,2.620,N
BX21-021,134.50,136.00,0.056,0.059,1.0,2.643,N
BX21-021,136.00,137.00,0.115,0.033,0.5,2.629,N
BX21-021,137.00,138.50,0.318,0.154,2.9,2.670,N
BX21-021,138.50,139.50,0.143,0.010,4.7,2.623,N
BX21-021,139.50,141.50,0.690,0.040,3.1,2.637,Y
BX21-021,141.50,142.50,0.125,0.213,0.7,2.581,N
BX21-021,142.50,143.50,0.139,0.202,0.5,2.647,N
BX21-021,143.50,145.00,0.020,0.247,0.9,2.644,N
BX21-021,145.00,147.00,0.348,0.155,3.4,2.634,N
BX21-021,147.00,149.00,0.020,0.077,0.5,2.658,N
BX21-021,149.00,150.50,0.319,0.164,3.8,2.651,N
BX21-021,150.50,151.50,0.020,0.010,0.5,2.620,N
BX21-021,151.50,153.50,0.020,0.083,4.0,2.646,N
BX21-021,153.50,155.50,0.860,0.396,4.2,2.662,N
BX21-021,155.50,156.50,0.020,0.010,0.5,2.613,N
BX21-021,156.50,158.00,0.020,0.010,0.5,2.650,N
BX21-021,158.00,160.00,0.054,0.010,0.5,2.642,N
BX21-021,160.00,161.00,0.118,0.010,1.9,2.571,N
BX21-021,161.00,162.00,0.305,0.261,1.8,2.625,N
BX21-021,162.00,164.00,0.020,0.152,0.5,2.629,N
BX21-021,164.00,165.50,0.296,0.211,4.8,2.652,N
BX21-021,165.50,167.50,0.020,0.113,3.4,2.595,N
BX21-021,167.50,169.00,0.430,0.263,3.0,2.630,N
BX21-021,169.00,170.50,0.028,0.050,0.5,2.650,N
BX21-021,170.50,171.50,0.020,0.121,0.5,2.634,N
BX21-021,171.50,173.00,0.020,0.010,5.3,2.623,N
BX21-021,173.00,174.50,0.020,0.041,0.5,2.590,N
BX21-021,174.50,176.00,0.020,0.010,4.9,2.646,N
BX21-021,176.00,178.00,0.277,0.091,4.8,2.713,N
BX21-021,178.00,179.00,0.457,0.250,2.3,2.600,Y
BX21-021,179.00,180.00,0.318,0.315,0.6,2.614,N
BX21-021,180.00,181.00,0.073,0.071,2.0,2.593,N
BX21-021,181.00,182.00,0.655,0.292,2.9,2.667,N
BX21-021,182.00,184.00,0.180,0.025,1.4,2.642,N
BX21-021,184.00,185.00,0.203,0.094,0.8,2.599,N
BX21-021,185.00,186.00,0.020,0.010,0.5,2.577,N
BX21-021,186.00,187.00,0.547,0.219,5.8,2.637,N
BX21-021,187.00,188.50,0.471,0.136,4.4,2.627,N
BX21-021,188.50,190.00,0.020,0.010,1.5,2.657,N
BX21-021,190.00,191.00,0.157,0.010,0.5,2.634,N
BX21-021,191.00,193.00,0.400,0.065,3.1,2.597,N
BX21-021,193.00,195.00,0.184,0.010,2.5,2.577,N
BX21-021,195.00,196.00,0.354,0.155,2.4,2.636,N
BX21-021,196.00,197.50,0.020,0.165,0.5,2.615,N
BX21-021,197.50,199.00,0.020,0.054,0.5,2.643,N
BX21-021,199.00,200.00,0.020,0.010,0.5,2.679,N
BX21-021,200.00,201.00,0.020,0.195,0.5,2.637,N
BX21-021,201.00,202.00,0.171,0.057,1.6,2.607,N
BX21-021,202.00,203.00,0.020,0.010,0.5,2.671,N
BX21-021,203.00,204.00,0.695,0.029,1.9,2.674,N
BX21-021,204.00,205.00,0.020,0.010,0.5,2.637,N
BX21-021,205.00,206.00,0.393,0.235,4.3,2.586,N
BX21-021,206.00,207.00,0.241,0.010,2.0,2.602,N
BX21-021,207.00,208.50,0.020,0.125,0.5,2.660,N
BX21-021,208.50,210.50,0.182,0.015,0.5,2.596,N
BX21-021,210.50,211.50,0.131,0.029,1.1,2.651,N
BX21-021,211.50,212.50,0.020,0.010,0.5,2.615,N
BX21-021,212.50,213.50,0.020,0.095,0.5,2.651,Y
BX21-021,213.50,214.50,0.020,0.010,0.5,2.618,N
BX21-021,214.50,215.50,0.051,0.010,0.5,2.615,N
BX21-021,215.50,217.00,0.020,0.010,1.4,2.612,N
BX21-021,217.00,218.50,0.063,0.010,0.7,2.599,N
BX21-021,218.50,219.50,0.020,0.010,0.5,2.628,Y
BX21-021,219.50,220.50,0.020,0.010,0.5,2.560,N
BX21-021,220.50,222.50,0.100,0.088,3.0,2.647,N
BX21-021,222.50,223.50,0.472,0.393,2.8,2.628,N
BX21-021,223.50,225.50,0.020,0.049,1.2,2.580,N
BX21-021,225.50,226.50,0.175,0.217,0.7,2.633,N
BX21-021,226.50,227.50,0.209,0.041,0.5,2.594,N
BX21-021,227.50,229.50,0.020,0.014,1.9,2.613,N
BX21-021,229.50,231.50,0.243,0.010,2.2,2.641,N
BX21-021,231.50,232.50,0.054,0.010,0.5,2.606,N
BX21-021,232.50,234.50,0.161,0.010,3.7,2.642,N
BX21-021,234.50,235.50,0.275,0.093,0.5,2.623,N
BX21-021,235.50,236.50,0.020,0.029,0.5,2.592,N
BX21-021,236.50,237.50,0.020,0.010,0.5,2.666,N
BX21-021,237.50,239.00,0.434,0.102,1.7,2.619,N
BX21-021,239.00,240.00,0.500,0.090,1.5,2.623,N
BX21-021,240.00,242.00,0.030,0.010,0.5,2.607,N
BX21-021,242.00,244.00,0.217,0.210,1.5,2.662,N
BX21-021,244.00,245.00,0.020,0.031,0.5,2.631,N
BX21-021,245.00,246.00,0.478,0.406,2.5,2.674,N
BX21-021,246.00,247.50,0.020,0.010,0.5,2.668,N
BX21-021,247.50,248.50,0.174,0.126,2.3,2.701,N
BX21-021,248.50,249.50,0.213,0.103,0.5,2.598,N
BX21-021,249.50,250.50,0.020,0.238,0.5,2.579,N
BX21-021,250.50,251.50,0.020,0.014,0.5,2.613,N
BX21-021,251.50,253.00,0.332,0.010,2.2,2.635,N
BX21-021,253.00,255.00,0.117,0.010,1.3,2.590,N
BX21-021,255.00,257.00,0.372,0.084,1.3,2.652,N
BX21-021,257.00,258.50,0.311,0.140,0.5,2.603,N
BX21-021,258.50,260.00,0.484,0.025,0.5,2.614,N
BX21-021,260.00,261.00,0.020,0.010,1.9,2.612,N
BX21-021,261.00,263.00,0.407,0.171,1.3,2.645,N
BX21-021,263.00,264.00,0.020,0.010,4.1,2.631,N
BX21-021,264.00,265.50,0.020,0.080,0.5,2.679,N
BX21-021,265.50,267.50,0.020,0.010,0.5,2.616,N
BX21-021,267.50,268.50,0.020,0.010,1.3,2.603,N
BX21-021,268.50,270.50,0.023,0.023,0.5,2.639,N
BX21-021,270.50,272.00,0.111,0.015,0.5,2.611,N
BX21-021,272.00,273.00,0.020,0.061,3.6,2.596,N
BX21-021,273.00,274.50,0.217,0.058,3.7,2.633,N
BX21-021,274.50,275.50,0.020,0.163,0.5,2.627,N
BX21-021,275.50,276.50,0.247,0.149,1.2,2.584,N
BX21-021,276.50,278.50,0.020,0.010,2.8,2.623,N
BX21-021,278.50,280.00,0.020,0.152,0.5,2.638,N
BX21-021,280.00,281.00,0.424,0.101,3.2,2.644,N
BX21-021,281.00,282.00,0.231,0.134,2.1,2.638,N
BX21-021,282.00,283.50,0.020,0.055,0.5,2.628,N
BX21-021,283.50,285.00,0.421,0.129,1.4,2.636,N
BX21-021,285.00,286.50,0.020,0.010,0.5,2.605,N
BX21-021,286.50,288.50,0.047,0.092,1.3,2.586,N
BX21-021,288.50,290.50,0.020,0.074,0.5,2.631,N
BX21-021,290.50,292.00,0.210,0.155,0.5,2.635,N
BX21-021,292.00,294.00,0.020,0.182,0.5,2.624,N
BX21-021,294.00,295.00,0.192,0.183,2.1,2.628,N
BX21-021,295.00,297.00,0.607,0.183,4.6,2.686,N
BX21-021,297.00,298.00,0.020,0.010,0.5,2.629,N
BX21-021,298.00,299.00,0.020,0.010,3.4,2.638,N
BX21-021,299.00,300.00,0.020,0.103,0.5,2.610,N
BX21-021,300.00,302.00,0.120,0.075,0.5,2.641,N
BX21-021,302.00,304.00,0.492,0.057,1.3,2.674,N
BX21-021,304.00,305.00,0.245,0.010,0.7,2.662,N
BX21-021,305.00,307.00,0.020,0.010,2.3,2.593,N
BX21-021,307.00,308.00,0.020,0.205,0.5,2.620,N
BX21-021,308.00,310.00,0.020,0.020,0.5,2.644,N
BX21-021,310.00,312.00,0.020,0.010,2.6,2.625,N
BX21-022,0.00,1.00,4.666,1.606,24.2,2.899,N
BX21-022,1.00,2.50,4.059,1.352,27.2,2.931,N
BX21-022,2.50,4.50,4.390,1.444,25.8,2.897,N
BX21-022,4.50,5.50,3.911,1.186,25.7,2.904,N
BX21-022,5.50,7.50,5.276,1.949,30.6,2.937,N
BX21-022,7.50,8.50,4.553,1.562,27.8,2.892,N
BX21-022,8.50,9.50,3.701,1.423,18.4,2.865,N
BX21-022,9.50,11.50,4.598,1.517,30.4,2.891,N
BX21-022,11.50,12.50,3.337,1.033,21.6,2.809,N
BX21-022,12.50,13.50,3.469,1.235,18.6,2.848,N
BX21-022,13.50,15.50,3.065,1.168,19.7,2.760,N
BX21-022,15.50,16.50,2.695,0.928,19.0,2.768,N
BX21-022,16.50,18.50,2.867,0.979,16.5,2.843,N
BX21-022,18.50,19.50,2.942,1.023,16.6,2.797,N
BX21-022,19.50,21.00,3.025,1.103,17.7,2.761,N
BX21-022,21.00,23.00,2.160,0.857,12.7,2.751,N
BX21-022,23.00,24.00,2.831,1.108,20.2,2.814,N
BX21-022,24.00,25.50,2.856,0.933,16.3,2.766,Y
BX21-022,25.50,26.50,2.533,0.838,13.7,2.743,N
BX21-022,26.50,27.50,2.422,0.782,15.4,2.778,N
BX21-022,27.50,29.00,2.813,1.038,16.0,2.828,N
BX21-022,29.00,30.00,2.457,0.865,15.4,2.763,Y
BX21-022,30.00,32.00,2.072,0.704,10.9,2.742,N
BX21-022,32.00,33.00,2.171,0.802,8.4,2.699,N
BX21-022,33.00,34.00,1.744,0.645,8.6,2.717,Y
BX21-022,34.00,35.50,0.995,0.603,4.8,2.692,N
BX21-022,35.50,37.50,1.133,0.549,4.5,2.722,N
BX21-022,37.50,38.50,1.362,0.430,5.3,2.769,N
BX21-022,38.50,40.50,1.669,0.781,9.2,2.693,N
BX21-022,40.50,41.50,1.134,0.509,2.6,2.672,N
BX21-022,41.50,43.00,1.402,0.503,7.0,2.641,N
BX21-022,43.00,44.00,1.238,0.595,5.2,2.694,N
BX21-022,44.00,46.00,0.954,0.158,5.9,2.727,N
BX21-022,46.00,48.00,0.193,0.188,0.9,2.594,N
BX21-022,48.00,49.50,1.809,0.808,9.9,2.723,N
BX21-022,49.50,51.00,1.670,0.585,10.6,2.715,N
BX21-022,51.00,52.50,0.888,0.324,5.4,2.736,N
BX21-022,52.50,54.00,1.389,0.513,5.5,2.664,N
BX21-022,54.00,55.00,0.811,0.439,6.7,2.699,N
BX21-022,55.00,57.00,0.712,0.291,4.2,2.672,N
BX21-022,57.00,58.00,0.794,0.239,4.3,2.684,N
BX21-022,58.00,59.00,0.419,0.297,1.9,2.648,N
BX21-022,59.00,60.50,0.170,0.010,0.5,2.619,N
BX21-022,60.50,62.00,0.157,0.010,1.5,2.619,N
BX21-022,62.00,63.00,0.020,0.010,3.1,2.560,N
BX21-022,63.00,64.00,0.332,0.010,0.5,2.641,N
BX21-022,64.00,65.00,0.788,0.325,3.0,2.698,N
BX21-022,65.00,66.00,0.808,0.406,7.4,2.677,N
BX21-022,66.00,67.50,0.223,0.040,0.5,2.631,N
BX21-022,67.50,68.50,0.020,0.010,0.5,2.600,N
BX21-022,68.50,69.50,0.967,0.311,8.8,2.625,N
BX21-022,69.50,71.00,0.449,0.243,2.0,2.662,N
BX21-022,71.00,73.00,0.521,0.047,0.5,2.650,N
BX21-022,73.00,74.00,0.220,0.171,3.3,2.630,N
BX21-022,74.00,75.50,0.941,0.402,4.5,2.699,N
BX21-022,75.50,76.50,0.020,0.010,0.5,2.608,N
BX21-022,76.50,77.50,0.020,0.058,1.0,2.587,N
BX21-022,77.50,78.50,0.426,0.085,2.0,2.618,N
BX21-022,78.50,80.50,0.634,0.242,4.8,2.669,N
BX21-022,80.50,81.50,0.144,0.010,1.7,2.613,N
BX21-022,81.50,82.50,0.020,0.066,0.5,2.609,N
BX21-022,82.50,83.50,0.020,0.010,0.7,2.622,N
BX21-022,83.50,84.50,0.220,0.116,0.5,2.649,N
BX21-022,84.50,86.00,0.886,0.358,6.3,2.658,N
BX21-022,86.00,87.00,0.020,0.010,0.5,2.665,N
BX21-022,87.00,88.00,0.222,0.223,3.6,2.644,Y
BX21-022,88.00,89.00,0.020,0.010,2.4,2.564,N
BX21-022,89.00,91.00,0.042,0.010,0.5,2.610,N
BX21-022,91.00,92.00,0.020,0.010,0.9,2.625,N
BX21-022,92.00,93.50,0.171,0.027,2.8,2.593,N
BX21-022,93.50,94.50,0.020,0.010,2.0,2.665,N
BX21-022,94.50,96.00,0.126,0.069,0.5,2.627,N
BX21-022,96.00,97.00,0.020,0.080,1.3,2.596,N
BX21-022,97.00,98.50,0.173,0.010,0.5,2.619,N
BX21-022,98.50,100.50,0.588,0.240,5.9,2.651,N
BX21-022,100.50,101.50,0.020,0.158,0.5,2.608,N
BX21-022,101.50,103.50,0.338,0.216,0.5,2.660,N
BX21-022,103.50,104.50,0.054,0.146,1.4,2.689,N
BX21-022,104.50,105.50,0.214,0.182,3.9,2.676,N
BX21-022,105.50,107.50,0.567,0.199,2.8,2.724,N
BX21-022,107.50,108.50,0.020,0.010,1.2,2.628,N
BX21-022,108.50,109.50,0.020,0.010,0.5,2.605,N
BX21-022,109.50,111.00,0.618,0.032,3.0,2.651,N
BX21-022,111.00,113.00,0.020,0.010,2.5,2.603,N
BX21-022,113.00,114.50,0.020,0.017,0.5,2.636,N
BX21-022,114.50,115.50,0.020,0.010,1.1,2.614,N
BX21-022,115.50,117.50,0.020,0.177,0.5,2.599,N
BX21-022,117.50,119.50,0.040,0.022,2.3,2.659,N
BX21-022,119.50,120.50,0.020,0.010,0.5,2.632,N
BX21-022,120.50,121.50,0.020,0.026,0.5,2.619,N
BX21-022,121.50,123.50,0.648,0.097,2.7,2.676,N
BX21-022,123.50,125.50,0.020,0.010,2.7,2.628,N
BX21-022,125.50,126.50,0.020,0.154,0.5,2.629,N
BX21-022,126.50,128.50,0.020,0.010,0.5,2.620,N
BX21-022,128.50,130.00,0.644,0.335,2.9,2.674,N
BX21-022,130.00,131.00,0.880,0.433,2.6,2.675,N
BX21-022,131.00,133.00,0.020,0.035,1.8,2.580,N
BX21-022,133.00,134.00,0.020,0.080,0.5,2.622,N
BX21-022,134.00,135.00,0.477,0.311,3.8,2.649,N
BX21-022,135.00,136.00,0.020,0.010,0.5,2.576,N
BX21-022,136.00,138.00,0.204,0.066,1.4,2.578,N
BX21-022,138.00,140.00,0.026,0.011,0.5,2.557,N
BX21-022,140.00,141.00,0.020,0.019,0.5,2.714,N
BX21-022,141.00,142.00,0.020,0.058,1.7,2.668,Y
BX21-024,0.00,1.50,4.974,1.819,28.5,2.865,N
BX21-024,1.50,3.50,5.431,1.738,33.8,2.926,N
BX21-024,3.50,5.50,5.061,1.773,31.9,2.887,N
BX21-024,5.50,6.50,4.331,1.402,24.6,2.891,N
BX21-024,6.50,7.50,5.256,1.831,33.5,2.901,N
BX21-024,7.50,8.50,5.096,1.876,33.8,2.921,N
BX21-024,8.50,9.50,5.717,1.911,32.8,2.957,N
BX21-024,9.50,11.50,5.184,1.914,30.7,2.930,N
BX21-024,11.50,13.00,5.329,1.691,29.4,2.943,N
BX21-024,13.00,14.00,5.794,1.933,33.8,2.979,N
BX21-024,14.00,15.50,5.489,1.960,32.6,2.980,N
BX21-024,15.50,17.50,5.202,1.823,32.3,2.970,N
BX21-024,17.50,18.50,5.820,1.946,37.9,2.955,N
BX21-024,18.50,19.50,5.578,2.259,38.3,2.927,N
BX21-024,19.50,21.50,4.899,1.827,29.4,2.938,N
BX21-024,21.50,23.00,5.394,1.759,34.6,3.007,N
BX21-024,23.00,24.00,5.517,1.910,32.7,2.998,N
BX21-024,24.00,25.50,5.584,2.192,33.5,2.943,N
BX21-024,25.50,26.50,6.118,2.203,37.2,2.912,N
BX21-024,26.50,27.50,6.749,2.367,40.0,3.034,N
BX21-024,27.50,29.00,6.267,2.293,37.0,2.994,N
BX21-024,29.00,30.00,6.312,2.177,36.4,2.992,N
BX21-024,30.00,31.00,6.365,2.233,37.0,3.011,N
BX21-024,31.00,32.00,5.987,2.202,35.4,2.896,N
BX21-024,32.00,33.00,5.880,2.148,37.3,2.944,N
BX21-024,33.00,34.00,6.333,2.305,36.8,3.008,N
BX21-024,34.00,35.00,5.859,2.187,35.2,2.958,N
BX21-024,35.00,36.50,6.319,2.098,35.1,2.969,N
BX21-024,36.50,37.50,6.756,2.477,42.7,2.971,N
BX21-024,37.50,39.50,6.536,2.319,38.9,2.985,N
BX21-024,39.50,40.50,6.550,2.302,38.4,3.044,N
BX21-024,40.50,41.50,6.747,2.466,38.0,3.021,N
BX21-024,41.50,42.50,6.487,2.326,37.7,2.999,N
BX21-024,42.50,44.50,7.165,2.504,44.0,3.078,N
BX21-024,44.50,46.50,6.924,2.400,43.1,3.034,N
BX21-024,46.50,47.50,7.595,2.760,42.3,3.012,N
BX21-024,47.50,48.50,6.764,2.469,42.5,3.009,N
BX21-024,48.50,50.50,6.860,2.469,41.5,2.989,N
BX21-024,50.50,51.50,6.885,2.587,36.8,3.070,N
BX21-024,51.50,53.00,7.451,2.628,43.7,3.076,N
BX21-024,53.00,54.00,7.280,2.492,46.6,3.020,N
BX21-024,54.00,56.00,7.322,2.633,45.4,3.028,N
BX21-024,56.00,57.50,7.362,2.764,43.6,3.063,N
BX21-024,57.50,59.50,7.460,2.578,42.4,3.072,N
BX21-024,59.50,60.50,7.275,2.636,39.7,3.024,Y
BX21-024,60.50,62.50,7.529,2.637,45.4,3.064,Y
BX21-024,62.50,63.50,7.004,2.331,40.2,2.991,N
BX21-024,63.50,65.50,7.574,2.910,43.1,3.095,N
BX21-024,65.50,66.50,7.897,2.909,47.3,3.065,N
BX21-024,66.50,68.50,8.898,3.092,55.1,3.075,N
BX21-024,68.50,70.00,7.764,2.668,44.7,3.038,N
BX21-024,70.00,71.00,8.056,3.002,44.7,3.100,N
BX21-024,71.00,72.00,7.903,2.731,48.6,3.064,N
BX21-024,72.00,73.00,8.201,2.661,50.6,3.075,N
BX21-024,73.00,74.50,8.018,2.846,46.5,3.103,N
BX21-024,74.50,75.50,8.339,2.731,45.9,3.079,N
BX21-024,75.50,76.50,8.211,2.851,49.2,3.086,N
BX21-024,76.50,77.50,7.086,2.660,43.7,2.998,N
BX21-024,77.50,78.50,7.871,2.574,45.4,3.121,N
BX21-024,78.50,80.50,7.746,2.668,46.5,3.118,N
BX21-024,80.50,82.00,8.108,3.039,45.5,3.094,N
BX21-024,82.00,83.50,8.584,2.833,51.0,3.129,N
BX21-024,83.50,85.00,8.346,2.891,50.0,3.130,N
BX21-024,85.00,86.50,8.623,3.110,53.5,3.118,N
BX21-024,86.50,87.50,8.767,3.042,50.0,3.071,N
BX21-024,87.50,88.50,8.591,3.063,50.2,3.130,N
BX21-024,88.50,90.50,8.505,3.134,56.2,3.097,N
BX21-024,90.50,91.50,8.719,3.183,49.9,3.073,N
BX21-024,91.50,92.50,7.410,2.561,41.1,3.059,N
BX21-024,92.50,93.50,8.925,2.964,53.6,3.069,N
BX21-024,93.50,95.50,8.283,3.058,50.0,3.119,N
BX21-024,95.50,97.50,8.871,2.883,57.0,3.167,N
BX21-024,97.50,98.50,8.519,3.019,48.6,3.115,N
BX21-024,98.50,99.50,8.676,3.033,51.0,3.057,N
BX21-024,99.50,101.50,9.159,3.258,56.4,3.081,N
BX21-024,101.50,103.50,8.727,2.903,50.3,3.077,N
BX21-024,103.50,104.50,8.692,2.820,47.0,3.114,N
BX21-024,104.50,106.00,8.962,2.986,51.2,3.097,N
BX21-024,106.00,107.00,8.358,2.893,52.2,3.075,N
BX21-024,107.00,108.00,8.152,2.868,47.7,3.150,N
BX21-024,108.00,110.00,8.358,2.960,51.3,3.123,N
BX21-024,110.00,111.50,9.117,3.164,53.9,3.037,N
BX21-024,111.50,113.50,8.213,2.803,50.7,3.142,N
BX21-024,113.50,115.00,9.047,3.204,54.2,3.125,Y
BX21-024,115.00,116.50,8.863,3.188,55.1,3.120,N
BX21-024,116.50,118.50,9.273,3.258,56.1,3.092,N
BX21-024,118.50,120.50,8.980,3.116,53.5,3.134,N
BX21-024,120.50,122.00,9.209,3.275,54.3,3.099,N
BX21-024,122.00,124.00,8.961,3.136,53.4,3.097,N
BX21-024,124.00,125.50,9.044,3.081,55.0,3.078,N
BX21-024,125.50,126.50,9.091,3.275,55.5,3.126,N
BX21-024,126.50,127.50,8.535,3.027,48.6,3.127,N
BX21-024,127.50,129.50,8.812,3.163,51.7,3.122,N
BX21-024,129.50,130.50,8.847,3.126,55.2,3.110,N
BX21-024,130.50,132.00,8.491,2.795,53.2,3.066,N
BX21-024,132.00,133.50,8.777,2.983,54.9,3.101,N
BX21-024,133.50,134.50,8.626,3.152,52.7,3.049,N
BX21-024,134.50,135.50,8.972,3.127,55.5,3.103,N
BX21-024,135.50,137.00,9.352,3.241,57.7,3.068,N
BX21-024,137.00,139.00,9.673,3.391,58.6,3.068,N
BX21-024,139.00,140.00,8.412,2.937,50.2,3.105,N
BX21-024,140.00,141.00,9.063,3.153,55.5,3.092,N
BX21-024,141.00,142.50,8.878,3.205,56.7,3.096,N
BX21-024,142.50,144.50,9.574,3.376,55.8,3.113,N
BX21-024,144.50,146.50,9.061,3.137,54.2,3.098,N
BX21-024,146.50,147.50,9.078,3.279,54.7,3.103,N
BX21-024,147.50,148.50,9.594,3.329,59.1,3.081,N
BX21-024,148.50,150.50,8.466,3.042,51.8,3.051,N
BX21-024,150.50,152.50,9.057,3.245,55.5,3.070,N
BX21-024,152.50,153.50,9.573,3.422,59.9,3.074,N
BX21-024,153.50,155.50,8.651,3.061,50.5,3.096,N
BX21-024,155.50,157.00,8.869,3.186,50.9,3.092,N
BX21-024,157.00,158.00,8.434,3.013,52.0,3.050,N
BX21-024,158.00,159.50,8.489,3.080,51.7,3.106,N
BX21-024,159.50,161.00,9.069,3.117,52.8,3.143,N
BX21-024,161.00,163.00,8.298,2.774,53.3,3.126,N
BX21-024,163.00,164.00,8.112,2.833,50.5,3.094,N
BX21-024,164.00,165.00,8.285,3.085,49.5,3.100,N
BX21-024,165.00,166.00,8.184,2.928,50.5,3.064,Y
BX21-024,166.00,167.00,8.623,3.149,56.6,3.130,N
BX21-024,167.00,168.00,8.136,2.905,49.3,3.095,N
BX21-024,168.00,169.50,8.436,2.917,52.7,3.135,N
BX21-024,169.50,170.50,7.430,2.545,44.7,3.030,N
BX21-024,170.50,172.00,8.219,2.878,48.7,3.073,N
BX21-024,172.00,173.50,8.435,2.916,51.6,3.112,N
BX21-024,173.50,174.50,7.657,2.671,45.2,3.107,N
BX21-024,174.50,176.50,8.246,2.962,50.6,3.101,N
BX21-024,176.50,177.50,7.945,2.780,45.7,3.114,N
BX21-024,177.50,178.50,7.195,2.532,43.4,3.037,N
BX21-024,178.50,180.00,7.738,2.715,47.2,3.061,N
BX21-024,180.00,182.00,7.899,2.964,47.2,3.103,N
BX21-024,182.00,183.50,7.771,2.699,44.3,3.105,N
BX21-024,183.50,185.00,8.342,2.994,52.7,3.178,N
BX21-024,185.00,187.00,7.471,2.611,46.2,3.030,N
BX21-024,187.00,188.50,7.405,2.486,45.3,3.087,N
BX21-024,188.50,189.50,7.375,2.641,44.3,3.116,N
BX21-024,189.50,191.50,7.175,2.709,43.3,3.093,N
BX21-024,191.50,192.50,7.454,2.529,46.7,3.080,N
BX21-024,192.50,193.50,7.695,2.754,46.7,3.103,N
BX21-024,193.50,195.50,6.639,2.437,40.5,2.984,N
BX21-024,195.50,196.50,6.996,2.469,42.4,3.077,N
BX21-024,196.50,197.50,6.904,2.401,40.8,3.085,N
BX21-024,197.50,199.50,7.071,2.762,41.6,2.997,N
BX21-024,199.50,201.00,7.304,2.585,46.5,3.054,N
BX21-024,201.00,202.00,7.353,2.601,43.1,3.078,Y
BX21-024,202.00,204.00,6.867,2.380,35.9,3.004,N
BX21-024,204.00,205.50,7.002,2.403,44.1,3.078,N
BX21-024,205.50,207.00,7.013,2.442,42.2,3.089,N
BX21-024,207.00,208.00,6.901,2.445,40.0,2.996,N
BX21-024,208.00,209.50,6.495,2.298,39.0,2.981,N
BX21-024,209.50,210.50,7.002,2.296,40.6,3.034,N
BX21-024,210.50,211.50,6.446,2.135,40.5,3.009,N
BX21-024,211.50,212.50,6.169,2.168,37.0,3.009,N
BX21-024,212.50,213.50,7.206,2.519,48.1,3.069,N
BX21-024,213.50,214.50,6.094,2.114,39.8,2.945,N
BX21-024,214.50,216.50,6.595,2.336,37.6,3.004,N
BX21-024,216.50,217.50,6.751,2.274,40.6,3.039,N
BX21-024,217.50,219.00,7.129,2.424,40.5,3.037,N
BX21-024,219.00,220.50,6.610,2.456,38.6,3.081,N
BX21-024,220.50,221.50,6.151,2.147,37.6,2.973,N
BX21-024,221.50,223.50,6.471,2.185,36.9,2.955,N
BX21-024,223.50,225.00,6.179,2.186,32.9,3.011,N
BX21-024,225.00,227.00,6.158,2.236,36.3,2.989,N
BX21-024,227.00,228.00,5.678,1.777,30.8,3.009,N
BX21-025,0.00,1.00,2.486,0.889,15.2,2.795,N
BX21-025,1.00,3.00,2.540,0.794,15.5,2.770,N
BX21-025,3.00,4.00,2.722,0.839,17.2,2.788,N
BX21-025,4.00,5.00,2.495,0.903,17.9,2.798,N
BX21-025,5.00,6.00,3.195,1.227,18.3,2.826,N
BX21-025,6.00,7.00,2.185,0.771,14.7,2.723,N
BX21-025,7.00,9.00,2.970,1.106,19.8,2.781,N
BX21-025,9.00,10.00,2.899,1.024,16.2,2.762,N
BX21-025,10.00,12.00,3.325,1.210,18.6,2.819,N
BX21-025,12.00,13.00,2.673,1.004,20.1,2.784,Y
BX21-025,13.00,14.50,3.176,1.056,16.0,2.801,N
BX21-025,14.50,15.50,3.852,1.328,23.2,2.853,N
BX21-025,15.50,16.50,3.243,1.220,18.6,2.828,N
BX21-025,16.50,17.50,2.987,1.084,15.5,2.794,N
BX21-025,17.50,18.50,3.935,1.414,19.3,2.898,N
BX21-025,18.50,20.00,3.271,0.968,18.7,2.802,N
BX21-025,20.00,21.00,3.284,1.299,19.3,2.827,N
BX21-025,21.00,22.00,3.184,0.889,17.3,2.850,N
BX21-025,22.00,24.00,3.499,1.185,26.5,2.826,N
BX21-025,24.00,25.00,2.923,1.256,17.0,2.782,N
BX21-025,25.00,27.00,3.817,1.337,24.6,2.834,N
BX21-025,27.00,28.50,3.145,0.963,18.5,2.760,N
BX21-025,28.50,29.50,3.129,1.053,19.3,2.784,N
BX21-025,29.50,31.50,3.507,1.253,24.8,2.790,N
BX21-025,31.50,32.50,3.394,1.124,20.6,2.828,N
BX21-025,32.50,34.00,3.396,1.370,22.8,2.872,N
BX21-025,34.00,35.00,3.665,1.261,25.0,2.850,N
BX21-025,35.00,36.00,3.593,1.356,20.6,2.864,N
BX21-025,36.00,37.00,3.457,1.047,19.3,2.781,N
BX21-025,37.00,38.50,4.263,1.526,25.0,2.883,N
BX21-025,38.50,39.50,4.147,1.407,22.8,2.884,N
BX21-025,39.50,41.00,3.646,1.263,24.9,2.832,N
BX21-025,41.00,42.00,4.493,1.654,27.3,2.877,Y
BX21-025,42.00,43.00,4.323,1.570,24.5,2.856,N
BX21-025,43.00,44.00,4.540,1.384,25.0,2.902,Y
BX21-025,44.00,46.00,4.485,1.563,31.3,2.881,N
BX21-025,46.00,47.00,4.820,1.622,30.8,2.893,N
BX21-025,47.00,48.50,4.354,1.524,28.9,2.873,N
BX21-025,48.50,50.00,4.301,1.533,26.5,2.868,N
BX21-025,50.00,51.00,4.127,1.486,22.6,2.825,N
BX21-025,51.00,52.50,3.790,1.298,19.0,2.853,N
BX21-025,52.50,53.50,4.849,1.640,30.7,2.884,N
BX21-025,53.50,54.50,5.162,1.887,30.8,2.935,N
BX21-025,54.50,55.50,5.455,2.025,30.7,2.916,N
BX21-025,55.50,57.50,4.703,1.624,30.2,2.881,N
BX21-025,57.50,58.50,4.472,1.476,26.7,2.882,N
BX21-025,58.50,59.50,5.772,1.957,35.3,2.960,N
BX21-025,59.50,61.00,5.199,1.902,32.8,2.960,N
BX21-025,61.00,62.00,5.490,1.877,36.5,2.938,N
BX21-025,62.00,63.00,5.016,1.712,30.7,2.913,N
BX21-025,63.00,64.00,5.257,1.740,30.2,2.888,N
BX21-025,64.00,66.00,4.372,1.637,30.1,2.882,N
BX21-025,66.00,68.00,4.948,1.529,30.8,2.934,N
BX21-025,68.00,69.00,5.457,1.901,32.3,2.995,N
BX21-025,69.00,70.00,5.754,1.770,37.4,2.984,N
BX21-025,70.00,71.00,5.590,2.057,33.5,2.925,N
BX21-025,71.00,72.50,5.473,1.988,32.7,2.936,N
BX21-025,72.50,74.50,5.484,2.094,32.9,2.980,N
BX21-025,74.50,76.00,5.853,2.040,38.0,2.979,N
BX21-025,76.00,77.00,5.744,2.027,34.6,2.926,N
BX21-025,77.00,78.50,6.289,2.137,34.8,2.980,N
BX21-025,78.50,80.00,6.095,1.963,34.0,2.978,N
BX21-025,80.00,81.00,5.909,2.146,36.4,2.952,N
BX21-025,81.00,82.00,5.528,1.775,32.7,2.925,N
BX21-025,82.00,84.00,6.596,2.283,38.8,3.081,N
BX21-025,84.00,85.50,5.786,2.040,35.6,2.976,N
BX21-025,85.50,86.50,6.083,2.172,36.0,2.935,N
BX21-025,86.50,87.50,6.303,2.160,38.3,2.969,N
BX21-025,87.50,89.00,6.316,2.260,34.8,2.986,N
BX21-025,89.00,90.00,6.190,2.134,36.6,2.966,N
BX21-025,90.00,92.00,6.543,2.346,41.4,3.042,N
BX21-025,92.00,93.50,5.817,2.086,37.3,2.991,N
BX21-025,93.50,94.50,6.696,2.358,40.2,3.034,N
BX21-025,94.50,95.50,6.067,2.092,34.5,2.942,N
BX21-025,95.50,97.00,6.066,2.288,36.1,3.004,N
BX21-025,97.00,98.50,6.968,2.388,39.6,3.085,N
BX21-025,98.50,99.50,6.575,2.339,35.9,2.987,N
BX21-025,99.50,100.50,6.808,2.401,37.7,3.035,N
BX21-025,100.50,101.50,6.974,2.353,41.7,3.113,N
BX21-025,101.50,102.50,7.115,2.525,45.4,3.078,N
BX21-025,102.50,104.00,7.092,2.511,44.0,3.059,N
BX21-025,104.00,106.00,6.674,2.325,43.8,3.059,N
BX21-025,106.00,107.00,7.370,2.424,46.1,3.096,N
BX21-025,107.00,108.00,6.675,2.328,39.3,3.042,N
BX21-025,108.00,109.00,7.679,2.667,42.5,3.105,N
BX21-025,109.00,110.00,6.958,2.412,37.5,3.057,N
BX21-025,110.00,112.00,7.541,2.627,46.0,3.102,N
BX21-025,112.00,114.00,7.446,2.627,46.3,3.032,N
BX21-025,114.00,115.50,7.063,2.307,42.0,3.010,N
BX21-025,115.50,116.50,7.731,2.470,46.4,3.071,Y
BX21-025,116.50,118.00,8.165,2.639,49.7,3.122,N
BX21-025,118.00,119.00,7.892,2.837,46.3,3.096,N
BX21-025,119.00,121.00,7.862,2.676,49.7,3.115,N
BX21-025,121.00,122.00,7.495,2.597,45.6,3.061,N
BX21-025,122.00,123.00,7.542,2.658,45.7,3.093,N
BX21-025,123.00,124.50,7.856,2.778,50.2,3.051,N
BX21-025,124.50,125.50,8.031,2.849,48.6,3.118,N
BX21-025,125.50,127.00,7.734,2.623,46.8,3.062,N
BX21-025,127.00,129.00,8.365,2.913,50.5,3.082,N
BX21-026,0.00,1.00,0.020,0.010,0.5,2.649,N
BX21-026,1.00,2.50,0.020,0.122,0.5,2.677,N
BX21-026,2.50,3.50,0.235,0.202,2.6,2.633,N
BX21-026,3.50,4.50,0.367,0.140,3.0,2.641,N
BX21-026,4.50,5.50,0.103,0.028,0.5,2.598,N
BX21-026,5.50,7.50,0.235,0.216,1.8,2.581,N
BX21-026,7.50,9.00,0.091,0.017,0.6,2.632,N
BX21-026,9.00,11.00,0.251,0.096,2.5,2.635,N
BX21-026,11.00,12.50,0.487,0.323,4.2,2.669,N
BX21-026,12.50,14.00,0.229,0.414,1.9,2.659,N
BX21-026,14.00,15.50,0.559,0.145,8.6,2.668,N
BX21-026,15.50,16.50,0.807,0.330,2.4,2.641,N
BX21-026,16.50,18.50,0.610,0.259,0.6,2.667,N
BX21-026,18.50,19.50,0.456,0.194,1.7,2.692,N
BX21-026,19.50,20.50,0.020,0.013,0.5,2.623,N
BX21-026,20.50,22.00,0.548,0.090,4.3,2.651,Y
BX21-026,22.00,23.00,0.400,0.139,1.0,2.641,N
BX21-026,23.00,25.00,0.269,0.135,2.9,2.626,N
BX21-026,25.00,26.00,0.600,0.123,5.4,2.625,N
BX21-026,26.00,27.00,0.020,0.010,0.7,2.661,N
BX21-026,27.00,28.50,0.290,0.045,4.7,2.620,N
BX21-026,28.50,29.50,0.086,0.010,4.1,2.627,N
BX21-026,29.50,31.00,0.623,0.178,2.1,2.695,N
BX21-026,31.00,32.50,0.365,0.055,0.5,2.668,N
BX21-026,32.50,33.50,0.405,0.068,5.0,2.647,N
BX21-026,33.50,35.50,0.794,0.282,6.8,2.666,N
BX21-026,35.50,36.50,0.787,0.427,1.4,2.648,N
BX21-026,36.50,38.50,0.340,0.169,0.7,2.670,N
BX21-026,38.50,40.00,1.202,0.412,6.1,2.672,N
BX21-026,40.00,41.00,1.118,0.454,6.3,2.629,N
BX21-026,41.00,43.00,0.456,0.192,1.8,2.612,Y
BX21-026,43.00,44.00,0.680,0.186,3.4,2.610,N
BX21-026,44.00,46.00,0.417,0.128,3.0,2.638,N
BX21-026,46.00,47.50,1.297,0.402,7.9,2.722,N
BX21-026,47.50,48.50,0.200,0.074,0.5,2.658,N
BX21-026,48.50,50.00,0.700,0.206,6.2,2.666,N
BX21-026,50.00,52.00,0.473,0.132,0.8,2.699,N
BX21-026,52.00,54.00,1.102,0.505,8.3,2.654,N
BX21-026,54.00,55.50,1.242,0.339,8.7,2.709,N
BX21-026,55.50,56.50,1.011,0.325,7.9,2.698,N
BX21-026,56.50,57.50,1.557,0.526,11.5,2.661,N
BX21-026,57.50,59.50,0.894,0.379,2.8,2.701,N
BX21-026,59.50,60.50,1.198,0.203,8.1,2.653,N
BX21-026,60.50,61.50,1.456,0.639,9.3,2.668,N
BX21-026,61.50,62.50,1.291,0.472,6.3,2.693,N
BX21-026,62.50,64.00,0.866,0.403,7.8,2.675,Y
BX21-026,64.00,65.00,1.312,0.453,5.3,2.612,N
BX21-026,65.00,66.00,1.816,0.700,13.4,2.688,N
BX21-026,66.00,67.00,1.218,0.475,5.4,2.661,Y
BX21-026,67.00,69.00,1.884,0.739,10.6,2.712,N
BX21-026,69.00,71.00,1.753,0.658,12.5,2.714,N
BX21-026,71.00,73.00,2.205,0.769,11.0,2.835,N
BX21-026,73.00,74.00,1.537,0.653,11.3,2.692,N
BX21-026,74.00,75.00,1.683,0.522,8.7,2.754,N
BX21-026,75.00,76.00,1.184,0.577,5.9,2.719,N
BX21-026,76.00,77.00,2.296,0.901,11.0,2.771,N
BX21-026,77.00,78.00,1.895,0.769,6.9,2.782,N
BX21-026,78.00,80.00,2.058,0.623,10.7,2.726,N
BX21-026,80.00,81.50,1.629,0.335,11.9,2.734,N
BX21-026,81.50,82.50,2.113,0.592,10.4,2.736,N
BX21-026,82.50,84.00,2.346,0.927,12.9,2.766,N
BX21-026,84.00,86.00,2.488,0.824,13.5,2.754,N
BX21-026,86.00,87.50,2.228,0.609,12.9,2.769,N
BX21-026,87.50,88.50,2.463,0.902,16.4,2.790,N
BX21-026,88.50,89.50,2.080,0.676,8.3,2.719,N
BX21-026,89.50,90.50,2.514,0.857,15.6,2.762,N
BX21-026,90.50,91.50,2.581,0.936,15.0,2.773,Y
BX21-026,91.50,92.50,3.008,1.026,20.2,2.800,N
BX21-026,92.50,94.50,3.782,1.164,25.1,2.838,N
BX21-026,94.50,96.00,3.151,1.092,23.0,2.825,N
BX21-026,96.00,98.00,3.528,1.289,23.0,2.851,N
BX21-026,98.00,99.50,3.897,1.384,23.3,2.858,N
BX21-026,99.50,100.50,3.032,1.030,15.4,2.818,N
BX21-026,100.50,102.00,4.015,1.333,23.2,2.838,N
BX21-026,102.00,103.00,3.429,1.185,22.1,2.820,N
BX21-026,103.00,104.00,3.928,1.408,23.2,2.869,N
BX21-026,104.00,105.00,3.414,1.014,18.6,2.790,N
BX21-026,105.00,106.00,3.330,0.984,19.6,2.844,N
BX21-026,106.00,107.50,3.905,1.398,21.1,2.793,N
BX21-026,107.50,109.50,4.161,1.508,26.2,2.833,N
BX21-026,109.50,110.50,4.169,1.601,22.5,2.882,N
BX21-026,110.50,111.50,3.872,1.244,24.3,2.858,N
BX21-026,111.50,112.50,4.242,1.380,24.1,2.853,N
BX21-026,112.50,113.50,4.742,1.590,26.8,2.876,N
BX21-026,113.50,115.00,3.493,1.270,21.3,2.832,N
BX21-026,115.00,116.00,3.853,1.237,23.4,2.910,N
BX21-026,116.00,117.50,4.643,1.517,32.5,2.885,N
BX21-026,117.50,118.50,4.846,1.632,26.7,2.869,N
BX21-026,118.50,119.50,4.535,1.533,30.5,2.923,N
BX21-026,119.50,121.00,4.992,1.833,30.4,2.949,N
BX21-026,121.00,122.50,5.063,1.839,32.2,2.905,N
BX21-026,122.50,124.00,5.282,1.962,30.9,2.995,N
BX21-026,124.00,125.50,5.176,1.761,32.2,2.951,N
BX21-026,125.50,127.50,5.094,1.636,28.8,2.968,N
BX21-026,127.50,129.00,5.314,1.876,28.6,2.918,N
BX21-026,129.00,130.00,5.554,1.933,36.0,2.933,N
BX21-026,130.00,131.00,5.283,1.744,29.3,2.929,N
BX21-026,131.00,133.00,5.828,2.058,32.5,2.949,N
BX21-026,133.00,134.00,5.478,2.024,32.5,2.929,N
BX21-026,134.00,135.50,5.544,1.962,32.7,2.957,N
BX21-026,135.50,136.50,6.030,2.115,34.0,2.972,N
BX21-026,136.50,137.50,5.650,1.987,35.3,2.950,N
BX21-026,137.50,138.50,5.478,1.970,32.6,2.943,N
BX21-026,138.50,140.50,6.183,2.135,38.5,3.015,N
BX21-026,140.50,142.50,6.484,2.179,41.6,3.057,N
BX21-026,142.50,144.00,6.340,2.305,36.4,3.015,N
BX21-026,144.00,145.00,6.575,2.205,39.3,3.061,N
BX21-026,145.00,146.50,7.116,2.239,43.4,3.083,N
BX21-026,146.50,148.50,6.967,2.379,43.3,2.984,N
BX21-026,148.50,150.50,6.990,2.358,42.3,3.050,N
BX21-026,150.50,152.50,7.333,2.652,44.7,3.023,N
BX21-026,152.50,154.50,6.867,2.357,43.8,3.040,N
BX21-026,154.50,155.50,7.447,2.638,44.7,3.097,N
BX21-026,155.50,156.50,7.733,2.880,50.4,3.110,N
BX21-026,156.50,157.50,7.816,2.787,47.7,3.045,N
BX21-026,157.50,158.50,7.266,2.585,43.4,3.035,N
BX21-026,158.50,160.50,8.134,2.712,47.2,3.089,N
BX21-026,160.50,162.50,8.043,2.859,47.9,3.108,N
BX21-026,162.50,164.00,7.580,2.647,46.2,3.050,N
BX21-026,164.00,165.50,8.227,2.824,51.8,3.072,N
BX21-026,165.50,167.00,7.944,2.720,48.6,3.067,N
BX21-026,167.00,168.00,8.397,2.805,47.1,3.100,N
BX21-026,168.00,169.00,8.442,3.135,53.7,3.118,N
BX21-026,169.00,170.00,8.468,2.968,52.3,3.091,N
BX21-026,170.00,171.50,8.619,2.865,51.8,3.057,N
BX21-026,171.50,173.50,7.948,2.841,41.7,3.102,N
BX21-026,173.50,175.50,8.498,2.885,52.9,3.049,N
BX21-026,175.50,176.50,8.716,3.205,52.9,3.061,N
BX21-026,176.50,177.50,8.706,3.244,52.0,3.099,N
BX21-026,177.50,178.50,9.106,3.149,59.8,3.096,N
BX21-026,178.50,179.50,8.582,3.050,52.4,3.107,N
BX21-026,179.50,180.50,8.618,3.084,52.2,3.129,N
BX21-026,180.50,181.50,9.648,3.340,55.6,3.115,N
BX21-026,181.50,183.00,8.470,3.017,50.6,3.060,N
BX21-026,183.00,184.00,8.405,2.865,53.7,3.056,N
BX21-026,184.00,185.00,9.299,3.091,59.0,3.074,N
BX21-026,185.00,186.00,8.834,3.104,51.3,3.081,N
BX21-026,186.00,187.50,8.713,3.042,50.8,3.118,N
BX21-026,187.50,188.50,8.710,3.124,52.2,3.135,N
BX21-026,188.50,189.50,9.006,3.158,49.1,3.067,N
BX21-026,189.50,191.00,9.124,3.185,56.0,3.119,N
BX21-026,191.00,193.00,8.848,3.182,52.7,3.085,N
BX21-026,193.00,194.00,8.487,2.953,53.9,3.144,N
BX21-027,0.00,2.00,0.020,0.103,0.9,2.621,N
BX21-027,2.00,3.00,0.020,0.073,1.6,2.622,N
BX21-027,3.00,4.50,0.267,0.131,0.5,2.636,N
BX21-027,4.50,5.50,0.219,0.010,3.2,2.668,Y
BX21-027,5.50,7.50,0.217,0.070,0.8,2.623,N
BX21-027,7.50,9.00,0.020,0.010,0.5,2.625,N
BX21-027,9.00,10.00,0.133,0.343,0.5,2.605,N
BX21-027,10.00,11.00,0.020,0.058,0.5,2.601,N
BX21-027,11.00,13.00,0.020,0.010,1.1,2.599,N
BX21-027,13.00,14.00,0.020,0.010,0.5,2.627,N
BX21-027,14.00,15.00,0.020,0.010,0.5,2.658,N
BX21-027,15.00,16.00,0.037,0.265,3.7,2.638,N
BX21-027,16.00,17.00,0.020,0.082,0.5,2.637,N
BX21-027,17.00,19.00,0.020,0.010,0.5,2.575,N
BX21-027,19.00,20.00,0.020,0.010,0.5,2.641,N
BX21-027,20.00,21.00,0.161,0.116,0.5,2.621,N
BX21-027,21.00,22.00,0.280,0.010,0.5,2.586,N
BX21-027,22.00,24.00,0.861,0.356,3.8,2.703,N
BX21-027,24.00,25.00,0.270,0.010,0.5,2.643,N
BX21-027,25.00,27.00,0.276,0.026,1.2,2.644,N
BX21-027,27.00,28.00,0.314,0.293,4.0,2.609,N
BX21-027,28.00,30.00,0.020,0.010,0.5,2.644,N
BX21-027,30.00,31.50,0.020,0.128,2.2,2.638,N
BX21-027,31.50,33.00,0.020,0.010,2.5,2.624,N
BX21-027,33.00,34.00,0.020,0.010,0.5,2.590,N
BX21-027,34.00,36.00,0.020,0.057,0.5,2.612,N
BX21-027,36.00,37.00,0.260,0.209,1.0,2.597,N
BX21-027,37.00,38.50,0.682,0.108,6.3,2.652,N
BX21-027,38.50,39.50,0.020,0.055,0.5,2.659,N
BX21-027,39.50,40.50,0.020,0.206,0.5,2.663,N
BX21-027,40.50,41.50,0.101,0.104,1.5,2.673,N
BX21-027,41.50,42.50,0.020,0.010,1.5,2.582,N
BX21-027,42.50,43.50,0.020,0.010,1.1,2.569,N
BX21-027,43.50,44.50,0.453,0.265,2.3,2.637,N
BX21-027,44.50,45.50,0.359,0.115,3.1,2.684,N
BX21-027,45.50,47.50,0.285,0.227,3.9,2.636,N
BX21-027,47.50,49.00,0.020,0.059,0.5,2.613,N
BX21-027,49.00,50.00,0.020,0.058,1.4,2.653,N
BX21-027,50.00,51.00,0.020,0.010,0.5,2.651,N
BX21-027,51.00,52.50,0.020,0.010,0.5,2.646,N
BX21-027,52.50,54.00,0.348,0.223,2.2,2.620,N
BX21-027,54.00,55.50,0.443,0.183,6.1,2.716,N
BX21-027,55.50,57.50,0.020,0.010,0.5,2.594,N
BX21-027,57.50,58.50,0.126,0.118,0.5,2.649,N
BX21-027,58.50,59.50,0.449,0.067,5.3,2.632,N
BX21-027,59.50,60.50,0.462,0.184,2.4,2.678,Y
BX21-027,60.50,61.50,0.248,0.247,0.5,2.600,N
BX21-027,61.50,62.50,0.020,0.021,2.7,2.565,N
BX21-027,62.50,63.50,0.504,0.263,4.4,2.589,N
BX21-027,63.50,65.50,0.264,0.036,0.5,2.620,N
BX21-027,65.50,66.50,0.020,0.036,0.5,2.558,Y
BX21-027,66.50,68.00,0.422,0.168,2.7,2.642,N
BX21-027,68.00,69.00,0.946,0.318,6.2,2.679,N
BX21-027,69.00,70.50,0.636,0.278,2.1,2.650,N
BX21-027,70.50,72.50,0.422,0.243,6.3,2.614,N
BX21-027,72.50,74.00,0.287,0.012,0.5,2.653,N
BX21-027,74.00,75.00,0.020,0.010,1.0,2.628,N
BX21-027,75.00,76.50,0.114,0.010,0.5,2.620,N
BX21-027,76.50,77.50,0.101,0.198,0.5,2.668,N
BX21-027,77.50,79.00,0.020,0.075,0.5,2.690,N
BX21-027,79.00,81.00,0.710,0.069,2.9,2.664,N
BX21-027,81.00,83.00,0.020,0.061,0.9,2.641,N
BX21-027,83.00,85.00,0.020,0.010,0.5,2.628,N
BX21-027,85.00,86.50,0.020,0.010,0.5,2.635,N
BX21-027,86.50,88.50,0.020,0.010,0.5,2.606,N
BX21-027,88.50,89.50,0.020,0.024,0.5,2.597,N
BX21-027,89.50,90.50,0.456,0.234,3.6,2.670,N
BX21-027,90.50,92.50,0.020,0.010,2.1,2.637,N
BX21-027,92.50,94.50,0.020,0.010,0.5,2.657,N
BX21-027,94.50,95.50,0.560,0.202,1.5,2.697,N
BX21-027,95.50,96.50,0.581,0.286,1.6,2.645,N
BX21-027,96.50,97.50,0.020,0.047,0.5,2.622,Y
BX21-027,97.50,99.50,0.020,0.010,0.5,2.608,Y
BX21-027,99.50,100.50,0.020,0.011,1.0,2.646,N
BX21-027,100.50,102.00,0.020,0.010,2.1,2.624,N
BX21-027,102.00,103.00,0.096,0.010,0.5,2.640,N
BX21-027,103.00,105.00,0.323,0.028,1.5,2.582,N
BX21-027,105.00,106.00,0.214,0.124,1.7,2.648,N
BX21-027,106.00,107.00,0.020,0.087,0.5,2.632,N
BX21-027,107.00,108.50,0.020,0.010,3.7,2.624,N
BX21-027,108.50,109.50,0.020,0.120,2.9,2.656,N
BX21-027,109.50,110.50,0.576,0.229,4.9,2.615,N
BX21-027,110.50,112.00,0.357,0.057,0.5,2.618,N
BX21-027,112.00,113.00,0.301,0.010,2.0,2.639,N
BX21-027,113.00,115.00,0.680,0.262,3.2,2.647,Y
BX21-027,115.00,116.00,0.020,0.112,0.5,2.534,N
BX21-027,116.00,117.00,0.281,0.209,1.6,2.666,N
BX21-027,117.00,119.00,0.265,0.157,0.5,2.650,N
BX21-027,119.00,120.50,0.020,0.010,0.5,2.669,N
BX21-027,120.50,121.50,0.020,0.010,0.5,2.654,N
BX21-027,121.50,123.50,0.657,0.316,4.7,2.648,N
BX21-027,123.50,124.50,0.020,0.010,0.5,2.686,N
BX21-027,124.50,126.00,0.028,0.261,0.5,2.655,N
BX21-027,126.00,127.50,0.244,0.080,0.5,2.583,N
BX21-027,127.50,129.50,0.503,0.264,5.4,2.644,N
BX21-027,129.50,131.00,0.265,0.119,0.5,2.547,N
BX21-027,131.00,132.50,0.327,0.010,0.5,2.585,N
BX21-027,132.50,134.50,0.243,0.086,1.4,2.714,N
BX21-027,134.50,136.50,0.020,0.010,1.7,2.631,N
BX21-027,136.50,137.50,1.171,0.386,7.0,2.677,N
BX21-027,137.50,138.50,0.654,0.122,4.6,2.665,N
BX21-027,138.50,140.50,0.813,0.164,6.4,2.651,N
BX21-027,140.50,141.50,0.094,0.010,0.5,2.638,N
BX21-027,141.50,142.50,0.786,0.224,3.6,2.655,N
BX21-027,142.50,143.50,0.831,0.307,3.6,2.643,N
BX21-027,143.50,144.50,0.640,0.421,5.9,2.705,N
BX21-027,144.50,146.50,0.142,0.063,1.0,2.659,N
BX21-027,146.50,148.50,0.020,0.010,2.0,2.644,N
BX21-027,148.50,149.50,0.339,0.010,4.9,2.651,N
BX21-027,149.50,150.50,0.020,0.040,0.5,2.577,N
BX21-027,150.50,151.50,0.020,0.261,0.5,2.615,N
BX21-027,151.50,152.50,0.485,0.323,5.5,2.639,N
BX21-027,152.50,154.50,0.386,0.299,3.1,2.638,N
BX21-027,154.50,156.50,0.724,0.276,6.0,2.645,N
BX21-027,156.50,157.50,0.372,0.216,0.5,2.699,N
BX21-027,157.50,158.50,0.701,0.223,4.0,2.671,N
BX21-027,158.50,159.50,0.020,0.010,3.4,2.613,N
BX21-027,159.50,160.50,0.372,0.018,4.2,2.677,N
BX21-027,160.50,161.50,0.357,0.092,2.8,2.613,N
BX21-027,161.50,162.50,0.020,0.092,1.2,2.656,Y
BX21-027,162.50,163.50,0.259,0.166,1.0,2.608,N
BX21-027,163.50,164.50,0.805,0.232,0.8,2.671,N
BX21-027,164.50,166.00,0.380,0.156,5.0,2.662,N
BX21-027,166.00,167.00,0.838,0.279,6.9,2.687,N
BX21-027,167.00,168.50,0.559,0.256,3.6,2.597,N
BX21-027,168.50,169.50,0.597,0.207,2.9,2.634,N
BX21-027,169.50,171.00,0.193,0.043,3.9,2.632,N
BX21-027,171.00,173.00,0.511,0.237,4.6,2.639,N
BX21-027,173.00,174.00,0.020,0.193,0.5,2.654,N
BX21-027,174.00,175.50,0.674,0.289,0.5,2.650,N
BX21-027,175.50,177.50,0.513,0.330,6.7,2.583,N
BX21-027,177.50,179.50,1.104,0.436,9.4,2.662,N
BX21-027,179.50,180.50,0.193,0.039,0.5,2.641,Y
BX21-027,180.50,182.50,0.560,0.321,5.9,2.695,N
BX21-027,182.50,184.00,0.639,0.264,3.2,2.647,N
BX21-027,184.00,185.50,0.702,0.191,3.3,2.660,N
BX21-027,185.50,187.00,0.612,0.193,0.5,2.709,Y
BX21-027,187.00,188.50,1.187,0.274,5.0,2.724,N
BX21-027,188.50,189.50,0.184,0.033,0.7,2.611,N
BX21-027,189.50,190.50,1.002,0.363,5.9,2.676,N
BX21-027,190.50,192.50,0.474,0.183,2.3,2.660,N
BX21-027,192.50,193.50,0.856,0.285,3.8,2.685,N
BX21-027,193.50,194.50,0.899,0.296,6.6,2.693,N
BX21-027,194.50,196.00,0.020,0.010,2.4,2.573,N
BX21-027,196.00,197.00,0.605,0.299,3.2,2.649,N
BX21-027,197.00,198.50,0.295,0.098,3.0,2.659,N
BX21-027,198.50,200.00,0.559,0.148,3.4,2.654,N
BX21-027,200.00,202.00,1.380,0.477,7.7,2.724,N
BX21-027,202.00,204.00,0.327,0.132,2.4,2.642,N
BX21-027,204.00,205.00,0.780,0.385,1.9,2.650,N
BX21-027,205.00,206.00,0.729,0.303,6.3,2.657,N
BX21-027,206.00,207.50,0.722,0.315,8.0,2.643,N
BX21-027,207.50,209.00,0.904,0.162,6.9,2.656,N
BX21-027,209.00,210.00,0.547,0.171,2.2,2.606,N
BX21-027,210.00,211.00,0.512,0.242,0.5,2.653,N
BX21-027,211.00,212.00,0.745,0.289,3.6,2.664,N
BX21-027,212.00,213.00,0.604,0.249,7.4,2.625,N
BX21-027,213.00,215.00,1.042,0.377,3.0,2.694,N
BX21-027,215.00,216.00,0.990,0.414,7.8,2.688,N
BX21-027,216.00,217.00,0.357,0.010,4.1,2.652,N
BX21-027,217.00,219.00,0.987,0.453,4.5,2.640,N
BX21-027,219.00,221.00,0.867,0.287,3.2,2.601,N
BX21-027,221.00,222.50,1.240,0.214,3.5,2.675,N
BX21-027,222.50,224.00,0.435,0.163,1.1,2.612,N
BX21-027,224.00,226.00,0.778,0.306,0.8,2.695,N
BX21-027,226.00,227.00,0.990,0.154,7.1,2.706,N
BX21-027,227.00,229.00,0.771,0.133,6.2,2.687,N
BX21-027,229.00,230.00,1.364,0.405,6.0,2.684,N
BX21-027,230.00,231.00,1.385,0.514,7.4,2.695,N
BX21-027,231.00,232.50,0.900,0.499,5.1,2.689,N
BX21-027,232.50,233.50,1.204,0.304,9.1,2.676,N
BX21-027,233.50,234.50,0.968,0.408,6.9,2.705,N
BX21-027,234.50,235.50,0.936,0.261,7.0,2.687,N
BX21-027,235.50,237.50,1.790,0.650,13.9,2.753,N
BX21-027,237.50,239.50,1.558,0.409,10.1,2.715,N
BX21-027,239.50,240.50,0.742,0.341,6.9,2.634,N
BX21-027,240.50,241.50,0.861,0.268,1.9,2.710,N
BX21-027,241.50,242.50,0.920,0.401,7.8,2.694,N
BX21-027,242.50,244.00,0.615,0.010,1.0,2.703,N
BX21-027,244.00,245.00,0.984,0.550,9.5,2.711,N
BX21-027,245.00,246.00,1.143,0.559,7.5,2.660,N
BX21-027,246.00,247.00,0.573,0.229,2.5,2.666,N
BX21-027,247.00,248.50,1.250,0.390,14.2,2.691,N
BX21-027,248.50,249.50,1.773,0.448,10.0,2.711,N
BX21-027,249.50,250.50,1.475,0.612,10.4,2.693,N
BX21-027,250.50,251.50,1.643,0.531,12.9,2.721,N
BX21-027,251.50,253.50,1.262,0.380,6.6,2.714,N
BX21-027,253.50,254.50,1.288,0.432,6.9,2.701,N
BX21-027,254.50,256.00,1.262,0.339,6.1,2.663,N
BX21-027,256.00,258.00,1.546,0.453,1.7,2.727,N
BX21-027,258.00,259.50,0.991,0.540,6.9,2.669,N
BX21-027,259.50,260.50,1.127,0.424,8.2,2.714,N
BX21-027,260.50,261.50,0.893,0.345,4.3,2.600,N
BX21-027,261.50,262.50,1.223,0.520,8.4,2.702,N
BX21-027,262.50,264.00,1.049,0.183,6.4,2.685,N
BX21-027,264.00,265.00,1.645,0.575,10.7,2.742,N
BX21-027,265.00,267.00,1.387,0.625,7.3,2.701,N
BX21-027,267.00,268.00,1.477,0.419,8.0,2.660,N
BX21-027,268.00,269.00,0.849,0.010,6.0,2.634,N
BX21-027,269.00,271.00,2.084,0.928,12.2,2.716,N
BX21-027,271.00,272.50,1.321,0.645,5.8,2.679,N
BX21-027,272.50,273.50,1.260,0.286,8.0,2.715,N
BX21-027,273.50,275.50,1.395,0.550,8.3,2.705,N
BX21-027,275.50,276.50,1.687,0.512,12.1,2.762,N
BX21-027,276.50,278.00,1.746,0.774,9.1,2.659,N
BX21-027,278.00,279.00,1.821,0.521,10.2,2.794,N
BX21-027,279.00,280.00,1.499,0.457,11.5,2.697,N
BX21-027,280.00,281.00,1.067,0.410,5.6,2.674,N
BX21-027,281.00,282.00,1.311,0.519,11.9,2.753,N
BX21-027,282.00,284.00,1.411,0.400,5.2,2.726,N
BX21-027,284.00,285.00,1.844,0.710,8.5,2.740,N
BX21-027,285.00,286.00,1.876,0.631,12.5,2.723,N
BX21-027,286.00,288.00,2.527,0.831,15.8,2.718,N
BX21-027,288.00,289.00,1.621,0.656,8.8,2.744,N
BX21-027,289.00,290.00,1.878,0.695,14.7,2.718,N
BX21-027,290.00,291.00,1.550,0.616,7.0,2.689,N
BX21-027,291.00,292.50,1.607,0.487,8.1,2.718,N
BX21-027,292.50,293.50,1.555,0.389,8.6,2.703,N
BX21-027,293.50,294.50,2.327,0.746,12.5,2.809,N
BX21-027,294.50,295.00,1.977,0.675,11.9,2.802,N
BX21-028,0.00,1.50,0.020,0.010,0.5,2.622,N
BX21-028,1.50,2.50,0.165,0.060,2.8,2.638,N
BX21-028,2.50,4.50,0.450,0.094,0.5,2.639,Y
BX21-028,4.50,5.50,0.020,0.037,0.5,2.585,N
BX21-028,5.50,7.00,0.020,0.092,0.5,2.601,N
BX21-028,7.00,9.00,0.020,0.010,1.7,2.599,N
BX21-028,9.00,10.00,0.238,0.104,0.5,2.663,N
BX21-028,10.00,11.50,0.020,0.062,1.1,2.640,N
BX21-028,11.50,13.50,0.020,0.078,0.5,2.615,N
BX21-028,13.50,14.50,0.228,0.010,1.1,2.642,N
BX21-028,14.50,16.50,0.020,0.013,1.9,2.619,N
BX21-028,16.50,18.00,0.288,0.116,3.8,2.649,N
BX21-028,18.00,19.00,0.020,0.121,0.5,2.590,N
BX21-028,19.00,20.00,0.020,0.010,0.5,2.623,N
BX21-028,20.00,21.00,0.020,0.010,0.5,2.589,N
BX21-028,21.00,22.50,0.020,0.026,0.5,2.615,N
BX21-028,22.50,23.50,0.167,0.099,0.5,2.546,N
BX21-028,23.50,25.50,0.156,0.093,0.5,2.584,N
BX21-028,25.50,27.00,0.020,0.024,0.5,2.616,N
BX21-028,27.00,29.00,0.020,0.080,0.5,2.633,N
BX21-028,29.00,30.50,0.191,0.050,0.5,2.645,N
BX21-028,30.50,31.50,0.026,0.218,1.8,2.637,N
BX21-028,31.50,33.50,0.020,0.042,0.5,2.643,Y
BX21-028,33.50,35.50,0.101,0.010,0.5,2.645,Y
BX21-028,35.50,37.00,0.193,0.067,1.1,2.640,N
BX21-028,37.00,38.00,0.022,0.010,0.5,2.608,N
BX21-028,38.00,39.00,0.130,0.010,3.0,2.610,N
BX21-028,39.00,41.00,0.164,0.185,1.2,2.602,N
BX21-028,41.00,42.50,0.020,0.010,0.5,2.614,N
BX21-028,42.50,43.50,0.020,0.010,0.5,2.592,N
BX21-028,43.50,44.50,0.020,0.159,1.6,2.664,N
BX21-028,44.50,45.50,0.020,0.010,4.5,2.590,N
BX21-028,45.50,47.00,0.291,0.050,0.5,2.636,N
BX21-028,47.00,48.00,0.020,0.010,0.5,2.605,N
BX21-028,48.00,49.00,0.020,0.231,1.3,2.662,N
BX21-028,49.00,50.50,0.020,0.071,1.1,2.577,N
BX21-028,50.50,51.50,0.149,0.216,0.5,2.581,N
BX21-028,51.50,53.00,0.020,0.067,0.5,2.663,N
BX21-028,53.00,54.00,0.020,0.055,0.5,2.680,N
BX21-028,54.00,55.50,0.020,0.076,3.5,2.571,N
BX21-028,55.50,57.50,0.259,0.138,4.4,2.620,N
BX21-028,57.50,59.50,0.020,0.010,0.8,2.625,N
BX21-028,59.50,60.50,0.020,0.010,0.5,2.604,N
BX21-028,60.50,61.50,0.141,0.010,0.5,2.592,N
BX21-028,61.50,62.50,0.020,0.010,2.0,2.641,N
BX21-028,62.50,64.50,0.020,0.010,0.8,2.545,N
BX21-028,64.50,66.50,0.296,0.120,2.3,2.595,N
BX21-028,66.50,68.00,0.330,0.293,0.5,2.686,N
BX21-028,68.00,69.50,0.020,0.045,0.5,2.600,N
BX21-028,69.50,70.50,0.020,0.053,0.5,2.627,N
BX21-028,70.50,71.50,0.311,0.225,0.9,2.602,N
BX21-028,71.50,73.50,0.460,0.132,3.8,2.660,N
BX21-028,73.50,74.50,0.020,0.010,0.5,2.616,N
BX21-028,74.50,75.50,0.020,0.047,1.5,2.657,N
BX21-028,75.50,77.50,0.232,0.010,1.0,2.631,N
BX21-028,77.50,78.50,0.020,0.092,0.5,2.610,N
BX21-028,78.50,80.00,0.020,0.010,0.5,2.627,N
BX21-028,80.00,81.00,0.163,0.217,0.5,2.613,N
BX21-028,81.00,83.00,0.088,0.024,0.5,2.643,N
BX21-028,83.00,84.00,0.020,0.010,0.5,2.617,N
BX21-028,84.00,86.00,0.132,0.010,0.6,2.588,N
BX21-028,86.00,88.00,0.038,0.159,0.5,2.576,N
BX21-028,88.00,90.00,0.344,0.064,3.9,2.582,N
BX21-028,90.00,91.00,0.020,0.010,0.5,2.650,N
BX21-028,91.00,92.50,0.020,0.010,0.5,2.648,N
BX21-028,92.50,94.50,0.076,0.010,0.5,2.680,N
BX21-028,94.50,95.50,0.103,0.093,1.7,2.581,N
BX21-028,95.50,97.00,0.020,0.037,1.4,2.625,N
BX21-028,97.00,98.50,0.020,0.196,2.2,2.659,N
BX21-028,98.50,100.00,0.141,0.010,0.5,2.607,N
BX21-028,100.00,101.50,0.020,0.010,0.5,2.625,N
BX21-028,101.50,103.50,0.213,0.010,4.4,2.599,N
BX21-028,103.50,105.00,0.020,0.010,0.5,2.587,N
BX21-028,105.00,107.00,0.020,0.191,3.4,2.604,N
BX21-028,107.00,108.00,0.020,0.027,0.5,2.611,N
BX21-028,108.00,109.00,0.617,0.146,4.0,2.610,N
BX21-028,109.00,110.00,0.020,0.010,0.5,2.634,N
BX21-028,110.00,111.50,0.395,0.124,0.5,2.653,N
BX21-028,111.50,113.50,0.020,0.048,0.5,2.628,N
BX21-028,113.50,114.50,0.274,0.131,2.0,2.660,N
BX21-028,114.50,115.50,0.355,0.255,3.5,2.624,N
BX21-028,115.50,117.50,0.020,0.010,0.5,2.598,N
BX21-028,117.50,118.50,0.429,0.152,0.8,2.630,N
BX21-028,118.50,119.50,0.020,0.129,0.5,2.637,N
BX21-028,119.50,121.50,0.339,0.384,3.5,2.693,N
BX21-028,121.50,123.00,0.715,0.169,4.9,2.689,N
BX21-028,123.00,124.50,0.174,0.055,0.5,2.663,N
BX21-028,124.50,126.00,0.020,0.031,2.5,2.650,N
BX21-028,126.00,128.00,0.020,0.010,0.5,2.589,N
BX21-028,128.00,129.00,0.288,0.010,1.8,2.686,N
BX21-028,129.00,130.00,0.541,0.173,4.5,2.645,N
BX21-028,130.00,131.50,0.020,0.010,5.8,2.622,N
BX21-028,131.50,133.50,0.210,0.124,0.5,2.619,N
BX21-028,133.50,134.50,0.491,0.105,4.9,2.669,N
BX21-028,134.50,135.50,0.020,0.208,1.1,2.665,N
BX21-028,135.50,137.50,0.020,0.010,1.9,2.625,N
BX21-028,137.50,139.50,0.203,0.151,1.0,2.605,N
BX21-028,139.50,140.50,0.072,0.010,0.8,2.636,N
BX21-028,140.50,141.50,0.020,0.010,0.6,2.613,N
BX21-028,141.50,142.50,0.020,0.103,1.3,2.660,N
BX21-028,142.50,144.50,0.020,0.112,0.5,2.652,N
BX21-028,144.50,146.50,0.020,0.010,0.5,2.628,N
BX21-028,146.50,147.50,0.020,0.131,0.5,2.559,N
BX21-028,147.50,149.00,0.064,0.010,1.8,2.571,N
BX21-028,149.00,150.50,0.020,0.108,0.5,2.621,N
BX21-028,150.50,151.50,0.130,0.115,3.7,2.653,N
BX21-028,151.50,153.00,0.052,0.010,0.5,2.625,N
BX21-028,153.00,154.00,0.020,0.203,1.7,2.629,N
BX21-028,154.00,155.00,0.353,0.055,1.3,2.622,N
BX21-028,155.00,156.00,0.094,0.147,3.5,2.582,N
BX21-028,156.00,158.00,0.020,0.010,0.5,2.621,N
BX21-028,158.00,159.00,0.020,0.049,0.5,2.616,N
BX21-028,159.00,160.50,0.255,0.010,3.7,2.602,N
BX21-028,160.50,161.50,0.066,0.043,0.5,2.684,N
BX21-028,161.50,162.50,0.163,0.062,0.5,2.703,N
BX21-028,162.50,163.50,0.020,0.137,1.4,2.603,N
BX21-028,163.50,164.50,0.256,0.173,3.4,2.609,N
BX21-028,164.50,166.00,0.063,0.167,0.5,2.630,N
BX21-028,166.00,167.00,0.020,0.010,0.5,2.614,N
BX21-028,167.00,169.00,0.281,0.113,2.1,2.639,N
BX21-028,169.00,170.00,0.020,0.106,0.5,2.620,N
BX21-028,170.00,171.00,0.048,0.032,1.7,2.624,N
BX21-028,171.00,172.00,0.137,0.010,0.5,2.565,N
BX21-028,172.00,173.00,0.035,0.047,0.5,2.615,N
BX21-028,173.00,174.00,0.265,0.116,2.8,2.667,N
BX21-028,174.00,175.50,0.020,0.010,2.9,2.584,N
BX21-028,175.50,176.50,0.434,0.308,1.4,2.663,N
BX21-028,176.50,177.50,0.020,0.010,0.9,2.625,N
BX21-028,177.50,179.00,0.020,0.024,0.6,2.635,N
BX21-028,179.00,180.50,0.055,0.061,0.5,2.662,N
BX21-028,180.50,181.50,0.368,0.010,3.9,2.643,N
BX21-028,181.50,183.50,0.105,0.061,1.9,2.615,N
BX21-028,183.50,184.50,0.393,0.196,0.5,2.632,N
BX21-028,184.50,186.00,0.020,0.010,4.5,2.600,N
BX21-028,186.00,188.00,0.990,0.359,6.9,2.711,N
BX21-028,188.00,189.50,0.240,0.010,2.4,2.602,N
BX21-028,189.50,191.50,0.326,0.202,3.2,2.639,N
BX21-028,191.50,192.50,0.281,0.177,0.5,2.657,N
BX21-028,192.50,193.50,0.162,0.010,4.7,2.590,N
BX21-028,193.50,195.50,0.197,0.010,0.5,2.659,N
BX21-028,195.50,197.00,0.020,0.010,0.5,2.687,N
BX21-028,197.00,198.00,0.020,0.010,0.5,2.619,N
BX21-028,198.00,199.00,0.278,0.242,1.9,2.653,N
BX21-028,199.00,200.00,0.052,0.114,0.5,2.601,N
BX21-028,200.00,201.50,0.192,0.167,0.5,2.670,N
BX21-028,201.50,202.50,0.049,0.010,1.4,2.566,N
BX21-028,202.50,203.50,0.020,0.028,0.5,2.637,N
BX21-028,203.50,204.50,0.099,0.027,0.6,2.611,N
BX21-028,204.50,206.00,0.161,0.087,0.5,2.654,N
BX21-028,206.00,208.00,0.020,0.010,0.5,2.636,N
BX21-028,208.00,209.50,0.020,0.090,0.5,2.579,N
BX21-028,209.50,210.50,0.020,0.010,3.4,2.588,N
BX21-028,210.50,212.50,0.020,0.024,3.5,2.645,N
BX21-028,212.50,213.50,0.020,0.010,0.5,2.629,N
BX21-028,213.50,215.00,0.161,0.010,2.5,2.623,N
BX21-028,215.00,216.00,0.020,0.013,0.5,2.568,N
BX21-028,216.00,217.00,0.020,0.102,0.5,2.591,N
BX21-028,217.00,219.00,0.386,0.235,2.1,2.683,N
BX21-028,219.00,220.00,0.459,0.341,4.0,2.625,N
BX21-028,220.00,221.50,0.020,0.010,0.5,2.688,N
BX21-028,221.50,223.00,0.543,0.389,2.9,2.684,N
BX21-028,223.00,224.50,0.052,0.010,0.5,2.627,N
BX21-028,224.50,225.50,0.181,0.010,0.5,2.609,N
BX21-028,225.50,226.50,0.483,0.131,5.3,2.632,N
BX21-028,226.50,228.00,0.020,0.010,0.5,2.612,Y
BX21-028,228.00,229.00,0.020,0.010,0.8,2.598,N
BX21-028,229.00,230.00,0.170,0.191,0.5,2.649,N
BX21-028,230.00,231.00,0.376,0.105,0.9,2.695,N
BX21-028,231.00,233.00,0.020,0.052,3.8,2.575,N
BX21-028,233.00,234.50,0.020,0.064,1.2,2.638,N
BX21-028,234.50,236.00,0.051,0.010,0.5,2.620,N
BX21-028,236.00,238.00,0.020,0.010,0.5,2.611,N
BX21-028,238.00,239.00,0.205,0.183,1.6,2.621,N
BX21-028,239.00,241.00,0.596,0.208,6.3,2.618,N
BX21-028,241.00,242.50,0.020,0.010,0.5,2.636,N
BX21-028,242.50,244.00,0.034,0.072,0.5,2.637,N
BX21-028,244.00,245.50,0.046,0.010,0.5,2.606,N
BX21-028,245.50,247.00,0.275,0.010,2.4,2.625,N
BX21-028,247.00,248.00,0.020,0.077,0.6,2.619,N
BX21-028,248.00,249.00,0.020,0.185,0.8,2.640,N
BX21-028,249.00,250.00,0.270,0.088,1.7,2.624,N
BX21-028,250.00,251.50,0.261,0.013,4.0,2.641,N
BX21-028,251.50,253.50,0.213,0.018,2.8,2.607,N
BX21-028,253.50,255.00,0.020,0.097,2.1,2.610,N
BX21-028,255.00,256.00,0.020,0.010,1.6,2.580,N
BX21-028,256.00,257.00,0.219,0.154,0.5,2.609,N
BX21-028,257.00,258.00,0.594,0.072,3.1,2.632,N
BX21-028,258.00,259.50,0.078,0.087,1.0,2.656,N
BX21-028,259.50,261.00,0.373,0.074,3.7,2.634,N
BX21-028,261.00,262.00,0.393,0.233,5.6,2.656,N
BX21-028,262.00,264.00,0.020,0.010,5.8,2.620,N
BX21-028,264.00,265.00,0.335,0.211,1.5,2.619,N
BX21-029,0.00,1.00,0.020,0.010,0.5,2.672,Y
BX21-029,1.00,2.00,0.221,0.010,0.5,2.599,N
BX21-029,2.00,3.00,0.020,0.010,0.5,2.642,N
BX21-029,3.00,4.50,0.099,0.029,0.5,2.626,N
BX21-029,4.50,6.00,0.043,0.069,0.5,2.622,N
BX21-029,6.00,8.00,0.020,0.010,0.5,2.624,N
BX21-029,8.00,9.50,0.020,0.010,0.5,2.574,N
BX21-029,9.50,11.00,0.020,0.110,0.7,2.604,N
BX21-029,11.00,12.00,0.020,0.045,0.5,2.715,N
BX21-029,12.00,13.00,0.020,0.010,1.4,2.647,N
BX21-029,13.00,15.00,0.020,0.104,0.5,2.602,N
BX21-029,15.00,16.00,0.020,0.010,0.5,2.616,N
BX21-029,16.00,18.00,0.058,0.010,3.7,2.667,N
BX21-029,18.00,19.00,0.452,0.205,3.9,2.614,N
BX21-029,19.00,20.50,0.020,0.010,2.1,2.622,N
BX21-029,20.50,22.50,0.456,0.159,0.5,2.631,N
BX21-029,22.50,23.50,0.146,0.010,3.0,2.663,N
BX21-029,23.50,24.50,0.430,0.172,3.8,2.691,N
BX21-029,24.50,26.00,0.020,0.044,0.5,2.651,N
BX21-029,26.00,28.00,0.020,0.017,0.5,2.668,N
BX21-029,28.00,29.00,0.020,0.010,1.9,2.678,N
BX21-029,29.00,30.50,0.020,0.010,0.5,2.615,N
BX21-029,30.50,31.50,0.046,0.010,0.5,2.621,N
BX21-029,31.50,32.50,0.020,0.128,1.5,2.626,N
BX21-029,32.50,33.50,0.546,0.236,0.5,2.666,N
BX21-029,33.50,34.50,0.020,0.122,2.0,2.597,N
BX21-029,34.50,36.00,0.731,0.331,3.0,2.649,N
BX21-029,36.00,37.50,0.235,0.058,0.5,2.643,N
BX21-029,37.50,38.50,0.020,0.010,0.5,2.626,N
BX21-029,38.50,40.00,0.020,0.017,0.5,2.568,N
BX21-029,40.00,41.00,0.568,0.368,6.8,2.654,N
BX21-029,41.00,42.00,0.254,0.061,4.5,2.640,N
BX21-029,42.00,44.00,0.031,0.010,0.5,2.620,N
BX21-029,44.00,45.00,0.020,0.010,0.9,2.623,N
BX21-029,45.00,46.00,0.020,0.093,0.8,2.616,N
BX21-029,46.00,48.00,0.186,0.010,1.9,2.640,N
BX21-029,48.00,49.00,0.020,0.010,2.7,2.606,N
BX21-029,49.00,50.00,0.318,0.034,0.5,2.632,N
BX21-029,50.00,51.00,0.020,0.010,0.5,2.579,N
BX21-029,51.00,52.00,0.108,0.010,1.3,2.573,N
BX21-029,52.00,53.00,0.170,0.085,1.2,2.564,N
BX21-029,53.00,54.00,0.020,0.038,0.5,2.602,N
BX21-029,54.00,55.00,0.648,0.332,0.9,2.679,N
BX21-029,55.00,56.00,0.020,0.010,0.5,2.606,N
BX21-029,56.00,58.00,0.020,0.010,1.0,2.634,N
BX21-029,58.00,59.50,0.497,0.180,3.8,2.652,N
BX21-029,59.50,60.50,0.020,0.031,1.3,2.724,N
BX21-029,60.50,62.00,0.020,0.010,0.5,2.651,N
BX21-029,62.00,63.00,0.020,0.010,3.5,2.577,N
BX21-029,63.00,64.50,0.038,0.070,2.8,2.619,N
BX21-029,64.50,66.50,0.553,0.223,7.9,2.639,N
BX21-029,66.50,68.00,0.528,0.233,3.7,2.656,N
BX21-029,68.00,69.00,0.020,0.010,0.5,2.665,N
BX21-029,69.00,70.00,0.603,0.104,2.0,2.707,N
BX21-029,70.00,72.00,0.020,0.010,0.5,2.654,N
BX21-029,72.00,73.50,0.400,0.292,3.5,2.651,N
BX21-029,73.50,74.50,0.020,0.012,0.5,2.618,N
BX21-029,74.50,76.50,0.020,0.101,0.5,2.615,N
BX21-029,76.50,78.00,0.072,0.166,3.2,2.644,N
BX21-029,78.00,80.00,0.020,0.010,0.5,2.604,N
BX21-029,80.00,82.00,0.472,0.184,0.5,2.641,N
BX21-029,82.00,83.00,0.020,0.026,0.5,2.622,N
BX21-029,83.00,84.50,0.085,0.010,0.5,2.640,N
BX21-029,84.50,85.50,0.020,0.047,1.8,2.616,N
BX21-029,85.50,86.50,0.020,0.028,0.5,2.613,N
BX21-029,86.50,88.00,0.020,0.010,3.3,2.651,N
BX21-029,88.00,89.00,0.020,0.010,0.5,2.614,N
BX21-029,89.00,90.00,0.020,0.103,0.5,2.652,N
BX21-029,90.00,92.00,0.352,0.089,0.5,2.636,N
BX21-029,92.00,94.00,0.020,0.022,0.5,2.630,N
BX21-029,94.00,96.00,0.020,0.010,2.7,2.624,N
BX21-029,96.00,98.00,0.623,0.252,5.3,2.647,N
BX21-029,98.00,100.00,0.500,0.153,4.0,2.685,N
BX21-029,100.00,101.00,0.143,0.013,0.5,2.609,N
BX21-029,101.00,102.00,0.083,0.029,1.4,2.568,N
BX21-029,102.00,103.00,0.255,0.087,0.5,2.639,N
BX21-029,103.00,105.00,0.295,0.010,0.5,2.635,N
BX21-029,105.00,106.00,0.550,0.237,5.6,2.662,N
BX21-029,106.00,107.50,0.020,0.010,0.5,2.644,N
BX21-029,107.50,108.50,0.020,0.062,3.4,2.654,N
BX21-029,108.50,109.50,0.021,0.206,0.5,2.651,N
BX21-029,109.50,111.00,0.020,0.010,0.9,2.675,Y
BX21-029,111.00,112.00,0.202,0.010,1.5,2.616,N
BX21-029,112.00,113.00,0.020,0.010,0.5,2.641,N
BX21-029,113.00,114.50,0.418,0.219,0.5,2.600,N
BX21-029,114.50,116.50,0.020,0.035,0.9,2.671,N
BX21-029,116.50,117.50,0.500,0.261,2.7,2.674,N
BX21-029,117.50,118.50,0.625,0.275,2.7,2.683,N
BX21-029,118.50,120.50,0.020,0.047,0.6,2.645,N
BX21-029,120.50,121.50,0.359,0.138,4.0,2.663,N
BX21-029,121.50,123.50,0.094,0.010,0.5,2.640,N
BX21-029,123.50,124.50,0.565,0.206,1.4,2.643,N
BX21-029,124.50,125.50,0.020,0.010,1.8,2.629,N
BX21-029,125.50,126.50,0.020,0.170,0.5,2.604,N
BX21-029,126.50,127.50,0.020,0.010,0.5,2.676,N
BX21-029,127.50,129.50,0.333,0.048,0.5,2.622,N
BX21-029,129.50,131.00,0.020,0.010,0.5,2.636,N
BX21-029,131.00,132.50,0.020,0.010,0.5,2.640,N
BX21-029,132.50,134.00,0.043,0.078,0.5,2.617,N
BX21-029,134.00,135.00,0.095,0.040,0.5,2.655,N
BX21-029,135.00,137.00,0.020,0.010,0.5,2.660,N
BX21-029,137.00,138.00,0.089,0.010,0.5,2.609,N
BX21-029,138.00,139.00,0.023,0.010,0.5,2.629,N
BX21-029,139.00,140.50,0.417,0.262,0.5,2.650,N
BX21-029,140.50,142.50,0.020,0.056,1.4,2.628,N
BX21-029,142.50,143.50,0.020,0.242,0.5,2.649,N
BX21-029,143.50,144.50,0.597,0.358,3.9,2.640,N
BX21-029,144.50,146.00,0.020,0.010,0.7,2.644,N
BX21-029,146.00,147.00,0.315,0.247,2.7,2.633,N
BX21-029,147.00,149.00,0.028,0.010,0.5,2.612,Y
BX21-029,149.00,150.00,0.029,0.010,0.7,2.628,N
BX21-029,150.00,151.00,0.360,0.010,2.4,2.591,N
BX21-029,151.00,152.50,0.150,0.119,2.6,2.616,N
BX21-029,152.50,153.50,0.281,0.092,3.5,2.646,Y
BX21-029,153.50,155.50,0.020,0.010,1.8,2.561,N
BX21-029,155.50,157.50,0.708,0.173,6.2,2.666,N
BX21-029,157.50,159.00,0.020,0.010,0.5,2.622,N
BX21-029,159.00,160.00,0.232,0.010,4.4,2.643,N
BX21-029,160.00,161.00,0.655,0.127,3.7,2.655,N
BX21-029,161.00,162.00,0.020,0.010,0.5,2.582,N
BX21-029,162.00,164.00,0.133,0.084,0.8,2.607,N
BX21-029,164.00,166.00,0.125,0.010,0.5,2.653,N
BX21-029,166.00,168.00,0.020,0.196,2.5,2.666,N
BX21-029,168.00,170.00,0.020,0.037,0.5,2.609,N
BX21-029,170.00,171.50,0.020,0.010,0.8,2.669,N
BX21-029,171.50,172.50,0.020,0.047,0.5,2.666,N
BX21-029,172.50,173.50,0.020,0.010,0.7,2.682,N
BX21-029,173.50,175.00,0.020,0.104,0.5,2.637,N
BX21-029,175.00,176.00,0.203,0.014,2.1,2.635,N
BX21-029,176.00,177.00,0.020,0.127,0.5,2.651,N
BX21-029,177.00,178.50,0.158,0.010,1.9,2.698,N
BX21-029,178.50,179.50,0.158,0.010,0.5,2.653,N
BX21-029,179.50,181.00,0.103,0.042,0.5,2.645,Y
BX21-029,181.00,182.00,0.020,0.089,0.9,2.642,N
BX21-029,182.00,183.00,0.221,0.127,0.5,2.624,N
BX21-029,183.00,184.00,0.618,0.224,4.4,2.650,N
BX21-029,184.00,186.00,0.279,0.029,0.5,2.649,N
BX21-029,186.00,187.00,0.269,0.175,0.9,2.639,N
BX21-029,187.00,188.00,0.020,0.010,0.5,2.675,N
BX21-029,188.00,190.00,0.305,0.010,0.7,2.634,N
BX21-029,190.00,191.50,0.020,0.010,2.8,2.607,N
BX21-029,191.50,193.50,0.020,0.093,0.5,2.629,Y
BX21-029,193.50,195.50,0.020,0.010,0.5,2.588,N
BX21-029,195.50,196.50,0.020,0.046,1.3,2.658,N
BX21-029,196.50,198.50,0.020,0.029,2.7,2.624,N
BX21-029,198.50,199.50,0.020,0.102,3.1,2.628,N
BX21-029,199.50,201.00,0.020,0.010,0.5,2.618,N
BX21-029,201.00,202.50,0.236,0.090,0.5,2.597,N
BX21-029,202.50,203.50,0.146,0.147,1.8,2.620,N
BX21-029,203.50,205.00,0.205,0.116,4.5,2.630,N
BX21-029,205.00,207.00,0.020,0.010,0.5,2.682,N
BX21-029,207.00,209.00,0.020,0.010,0.5,2.596,N
BX21-029,209.00,211.00,0.020,0.073,0.5,2.660,N
BX21-029,211.00,212.00,0.066,0.010,2.3,2.667,N
BX21-029,212.00,214.00,0.088,0.010,4.4,2.568,N
BX21-029,214.00,216.00,0.020,0.060,0.8,2.635,N
BX21-029,216.00,218.00,0.020,0.033,0.5,2.645,N
BX21-029,218.00,219.50,0.309,0.237,0.5,2.591,N
BX21-029,219.50,221.50,0.720,0.184,6.0,2.710,N
BX21-029,221.50,222.50,0.218,0.139,0.5,2.608,N
BX21-029,222.50,223.50,0.020,0.103,0.5,2.599,N
BX21-029,223.50,224.50,0.020,0.010,5.1,2.651,N
BX21-029,224.50,226.50,0.020,0.010,0.5,2.628,N
BX21-029,226.50,227.50,0.020,0.010,0.5,2.629,N
BX21-029,227.50,228.50,0.575,0.092,3.2,2.707,N
BX21-029,228.50,229.50,0.020,0.083,0.5,2.589,Y
BX21-029,229.50,231.50,0.020,0.010,0.5,2.655,N
BX21-029,231.50,233.00,0.020,0.010,0.5,2.660,N
BX21-029,233.00,235.00,0.020,0.257,0.5,2.636,N
BX21-029,235.00,236.00,0.378,0.010,2.1,2.601,N
BX21-029,236.00,238.00,0.020,0.010,1.3,2.653,N
BX21-029,238.00,240.00,0.020,0.010,2.9,2.628,N
BX21-029,240.00,241.00,0.020,0.010,0.5,2.669,N
BX21-029,241.00,243.00,0.020,0.204,2.7,2.613,N
BX21-029,243.00,245.00,0.020,0.010,2.0,2.634,N
BX21-029,245.00,247.00,0.020,0.094,0.5,2.633,N
BX21-029,247.00,248.00,0.020,0.010,2.2,2.658,N
BX21-029,248.00,250.00,0.020,0.010,3.9,2.651,N
BX21-029,250.00,251.50,0.020,0.089,0.5,2.638,N
BX21-029,251.50,253.00,0.020,0.118,1.2,2.605,N
BX21-029,253.00,254.00,0.020,0.091,0.7,2.692,N
BX21-029,254.00,255.50,0.821,0.235,6.7,2.642,N
BX21-029,255.50,256.50,0.020,0.010,2.6,2.588,N
BX21-029,256.50,258.50,0.511,0.264,1.2,2.661,N
BX21-029,258.50,259.50,0.020,0.010,3.0,2.660,N
BX21-029,259.50,261.00,0.020,0.033,0.5,2.615,N
BX21-029,261.00,263.00,0.020,0.010,0.5,2.589,Y
BX21-029,263.00,265.00,0.020,0.031,2.9,2.636,N
BX21-029,265.00,266.50,0.257,0.111,2.9,2.620,N
BX21-029,266.50,268.00,0.288,0.164,2.3,2.614,N
BX21-029,268.00,269.00,0.020,0.082,1.3,2.562,N
BX21-029,269.00,270.00,0.020,0.186,0.5,2.645,N
BX21-029,270.00,271.00,0.020,0.023,1.3,2.659,N
BX21-029,271.00,273.00,0.533,0.229,2.2,2.601,Y
BX21-029,273.00,274.00,0.056,0.085,0.5,2.619,N
BX21-029,274.00,276.00,0.020,0.164,1.4,2.644,N
BX21-029,276.00,278.00,0.020,0.010,0.5,2.632,Y
BX21-029,278.00,279.50,0.020,0.063,0.5,2.640,N
BX21-029,279.50,280.50,0.761,0.219,3.6,2.708,N
BX21-029,280.50,281.50,0.020,0.038,1.0,2.640,N
BX21-029,281.50,283.00,0.020,0.010,0.5,2.630,N
BX21-029,283.00,284.00,0.177,0.164,2.5,2.639,N
BX21-029,284.00,285.00,0.268,0.062,2.7,2.636,N
BX21-029,285.00,286.00,0.263,0.210,0.6,2.616,N
BX21-029,286.00,287.50,0.252,0.062,2.8,2.625,N
BX21-029,287.50,288.50,0.020,0.010,1.5,2.643,N
BX21-029,288.50,289.50,0.020,0.010,0.5,2.703,N
BX21-029,289.50,290.50,0.020,0.010,1.4,2.607,N
BX21-029,290.50,291.50,0.082,0.104,0.5,2.637,N
BX21-029,291.50,293.50,0.699,0.185,4.4,2.677,N
BX21-029,293.50,294.00,0.595,0.085,1.3,2.666,N
BX21-030,0.00,1.00,0.020,0.010,0.5,2.615,N
BX21-030,1.00,2.50,0.020,0.202,0.5,2.654,N
BX21-030,2.50,4.00,0.218,0.055,0.5,2.629,N
BX21-030,4.00,5.00,0.020,0.067,0.5,2.635,N
BX21-030,5.00,6.00,0.462,0.061,4.5,2.629,N
BX21-030,6.00,7.50,0.020,0.018,0.5,2.652,Y
BX21-030,7.50,8.50,0.170,0.083,0.9,2.629,N
BX21-030,8.50,9.50,0.020,0.055,0.5,2.596,N
BX21-030,9.50,11.00,0.020,0.010,0.5,2.601,N
BX21-030,11.00,12.50,0.216,0.187,0.5,2.618,N
BX21-030,12.50,14.50,0.132,0.010,0.5,2.597,N
BX21-030,14.50,15.50,0.020,0.010,0.5,2.573,N
BX21-030,15.50,16.50,0.020,0.252,0.5,2.590,N
BX21-030,16.50,17.50,0.020,0.061,0.5,2.587,N
BX21-030,17.50,18.50,0.020,0.010,1.7,2.597,N
BX21-030,18.50,19.50,0.654,0.199,4.0,2.641,N
BX21-030,19.50,20.50,0.046,0.010,1.2,2.647,N
BX21-030,20.50,21.50,0.020,0.095,0.5,2.631,N
BX21-030,21.50,22.50,0.714,0.167,1.1,2.651,N
BX21-030,22.50,24.00,0.020,0.010,0.5,2.628,N
BX21-030,24.00,25.00,0.071,0.038,0.5,2.624,N
BX21-030,25.00,27.00,0.104,0.010,2.0,2.620,N
BX21-030,27.00,28.00,0.020,0.010,3.2,2.571,N
BX21-030,28.00,29.00,0.266,0.166,0.5,2.650,N
BX21-030,29.00,30.00,0.020,0.077,3.1,2.643,N
BX21-030,30.00,31.00,0.115,0.010,3.0,2.636,N
BX21-030,31.00,33.00,0.020,0.010,0.5,2.642,N
BX21-030,33.00,34.00,0.020,0.250,0.5,2.588,N
BX21-030,34.00,35.00,0.020,0.010,1.7,2.591,N
BX21-030,35.00,36.00,0.228,0.074,1.8,2.597,N
BX21-030,36.00,37.50,0.020,0.010,0.5,2.586,N
BX21-030,37.50,39.50,0.104,0.105,0.5,2.665,N
BX21-030,39.50,40.50,0.020,0.010,0.5,2.585,N
BX21-030,40.50,41.50,0.020,0.164,0.5,2.628,N
BX21-030,41.50,42.50,0.020,0.058,0.5,2.642,N
BX21-030,42.50,44.50,0.199,0.148,2.0,2.678,N
BX21-030,44.50,46.50,0.020,0.143,2.6,2.617,N
BX21-030,46.50,48.50,0.020,0.010,0.5,2.618,N
BX21-030,48.50,50.50,0.020,0.010,0.5,2.596,N
BX21-030,50.50,52.00,0.020,0.143,1.6,2.609,N
BX21-030,52.00,54.00,0.090,0.085,2.5,2.616,N
BX21-030,54.00,55.00,0.195,0.085,3.0,2.572,N
BX21-030,55.00,57.00,0.020,0.021,0.5,2.611,N
BX21-030,57.00,59.00,0.323,0.105,0.5,2.630,N
BX21-030,59.00,60.00,0.104,0.010,1.1,2.635,N
BX21-030,60.00,61.00,0.831,0.233,5.7,2.730,N
BX21-030,61.00,62.00,0.552,0.204,3.1,2.672,N
BX21-030,62.00,63.00,0.020,0.107,1.8,2.644,N
BX21-030,63.00,64.00,0.020,0.010,0.5,2.608,N
BX21-030,64.00,65.50,0.020,0.010,0.5,2.654,N
BX21-030,65.50,66.50,0.020,0.010,0.5,2.625,N
BX21-030,66.50,68.00,0.020,0.010,0.5,2.624,N
BX21-030,68.00,70.00,0.375,0.225,3.0,2.638,N
BX21-030,70.00,71.50,0.278,0.112,1.6,2.587,N
BX21-030,71.50,72.50,0.163,0.021,1.3,2.648,N
BX21-030,72.50,73.50,0.870,0.209,6.7,2.700,N
BX21-030,73.50,74.50,0.020,0.037,0.5,2.635,N
BX21-030,74.50,75.50,0.423,0.010,0.5,2.641,N
BX21-030,75.50,77.00,0.173,0.173,0.7,2.640,Y
BX21-030,77.00,78.00,0.325,0.229,2.5,2.624,N
BX21-030,78.00,79.00,0.198,0.010,0.5,2.633,N
BX21-030,79.00,81.00,0.020,0.010,0.5,2.626,N
BX21-030,81.00,82.00,0.332,0.153,3.8,2.604,N
BX21-030,82.00,84.00,0.166,0.010,0.5,2.706,N
BX21-030,84.00,85.50,0.185,0.051,1.0,2.623,N
BX21-030,85.50,86.50,0.020,0.010,0.5,2.638,N
BX21-030,86.50,87.50,0.063,0.019,0.5,2.594,N
BX21-030,87.50,89.50,0.405,0.303,2.4,2.632,N
BX21-030,89.50,90.50,0.020,0.139,1.5,2.615,N
BX21-030,90.50,92.50,0.020,0.121,1.3,2.642,N
BX21-030,92.50,94.50,0.298,0.010,0.5,2.675,N
BX21-030,94.50,95.50,0.148,0.019,1.2,2.610,N
BX21-030,95.50,96.50,0.022,0.010,0.5,2.614,N
BX21-030,96.50,98.50,0.136,0.083,0.5,2.644,N
BX21-030,98.50,99.50,0.020,0.061,0.5,2.607,N
BX21-030,99.50,101.00,0.215,0.010,2.5,2.589,N
BX21-030,101.00,102.00,0.406,0.087,3.1,2.635,N
BX21-030,102.00,103.00,0.332,0.010,6.0,2.607,N
BX21-030,103.00,104.00,0.020,0.010,0.5,2.623,N
BX21-030,104.00,105.00,0.020,0.122,3.1,2.601,N
BX21-030,105.00,106.00,0.020,0.171,0.5,2.592,N
BX21-030,106.00,107.50,0.070,0.010,1.8,2.586,N
BX21-030,107.50,108.50,0.020,0.108,0.5,2.588,N
BX21-030,108.50,109.50,0.020,0.049,0.5,2.604,N
BX21-030,109.50,111.00,0.328,0.232,0.5,2.656,N
BX21-030,111.00,112.00,0.130,0.045,2.5,2.664,N
BX21-030,112.00,113.50,0.020,0.010,4.4,2.611,N
BX21-030,113.50,115.00,0.020,0.010,0.7,2.592,N
BX21-030,115.00,116.00,0.020,0.010,1.4,2.605,N
BX21-030,116.00,117.00,0.655,0.293,5.2,2.652,N
BX21-030,117.00,118.00,0.338,0.172,1.8,2.681,N
BX21-030,118.00,120.00,0.020,0.092,0.5,2.583,N
BX21-030,120.00,122.00,0.020,0.018,0.5,2.618,N
BX21-030,122.00,123.50,0.208,0.060,2.1,2.618,N
BX21-030,123.50,125.50,0.020,0.010,0.5,2.635,N
BX21-030,125.50,127.50,0.405,0.020,7.3,2.643,N
BX21-030,127.50,128.50,0.020,0.010,4.2,2.597,N
BX21-030,128.50,130.50,0.020,0.243,0.5,2.592,N
BX21-030,130.50,131.50,0.182,0.106,0.5,2.617,N
BX21-030,131.50,132.50,0.132,0.087,0.5,2.662,N
BX21-030,132.50,134.50,0.189,0.218,1.4,2.683,N
BX21-030,134.50,135.50,0.251,0.113,4.1,2.647,Y
BX21-030,135.50,137.50,0.340,0.222,0.5,2.661,N
BX21-030,137.50,138.50,0.020,0.072,0.5,2.616,N
BX21-030,138.50,139.50,0.341,0.010,1.0,2.604,N
BX21-030,139.50,141.50,0.020,0.010,0.5,2.582,N
BX21-030,141.50,142.50,0.020,0.010,1.9,2.547,N
BX21-030,142.50,144.50,0.020,0.010,1.9,2.616,N
BX21-030,144.50,145.50,0.020,0.030,0.5,2.659,N
BX21-030,145.50,146.50,0.050,0.010,2.9,2.618,N
BX21-030,146.50,148.50,0.020,0.010,0.5,2.627,N
BX21-030,148.50,149.50,0.501,0.094,7.6,2.668,N
BX21-030,149.50,150.50,0.020,0.010,1.0,2.613,N
BX21-030,150.50,152.50,0.416,0.186,1.8,2.613,N
BX21-030,152.50,154.50,0.020,0.010,0.5,2.599,N
BX21-030,154.50,156.00,0.020,0.010,0.5,2.606,N
BX21-030,156.00,157.50,0.020,0.010,0.5,2.620,N
BX21-030,157.50,159.00,0.020,0.010,0.5,2.620,N
BX21-030,159.00,161.00,0.020,0.010,1.9,2.601,Y
BX21-030,161.00,162.00,0.020,0.078,0.5,2.599,N
BX21-030,162.00,163.50,0.068,0.010,2.2,2.580,N
BX21-030,163.50,164.50,0.269,0.044,2.7,2.638,N
BX21-030,164.50,166.00,0.141,0.109,0.5,2.626,N
BX21-030,166.00,167.50,0.020,0.010,2.3,2.631,N
BX21-030,167.50,169.00,0.020,0.010,0.5,2.564,N
BX21-030,169.00,171.00,0.209,0.094,3.5,2.626,N
BX21-030,171.00,173.00,0.020,0.010,4.6,2.601,N
BX21-030,173.00,174.50,0.052,0.010,0.5,2.639,N
BX21-030,174.50,176.00,0.020,0.010,2.3,2.614,N
BX21-030,176.00,177.50,0.094,0.010,2.9,2.605,N
BX21-030,177.50,178.50,0.085,0.023,1.1,2.592,N
BX21-030,178.50,180.00,0.476,0.137,2.5,2.647,N
BX21-030,180.00,182.00,0.270,0.010,1.3,2.673,N
BX21-030,182.00,183.50,0.501,0.010,2.7,2.646,N
BX21-030,183.50,184.50,0.020,0.016,0.6,2.657,N
BX21-030,184.50,185.50,0.307,0.062,1.7,2.603,N
BX21-030,185.50,187.50,0.102,0.107,0.5,2.546,N
BX21-030,187.50,188.50,0.020,0.124,0.5,2.615,N
BX21-030,188.50,190.00,0.020,0.010,0.5,2.651,N
BX21-030,190.00,191.00,0.020,0.010,4.0,2.602,N
BX21-030,191.00,192.50,0.188,0.010,1.1,2.665,N
BX21-030,192.50,193.50,0.211,0.010,1.4,2.605,N
BX21-030,193.50,195.50,0.595,0.093,4.4,2.645,N
BX21-030,195.50,197.50,0.387,0.244,5.8,2.630,N
BX21-030,197.50,199.50,0.203,0.081,1.7,2.630,N
BX21-030,199.50,200.50,0.254,0.155,4.0,2.623,N
BX21-030,200.50,201.50,0.020,0.010,0.5,2.578,N
BX21-030,201.50,202.50,0.609,0.049,0.5,2.683,N
BX21-030,202.50,203.50,0.020,0.010,2.7,2.618,N
BX21-030,203.50,205.50,0.347,0.072,1.9,2.609,N
BX21-030,205.50,207.50,0.167,0.010,0.8,2.676,N
BX21-030,207.50,208.50,0.145,0.088,0.5,2.621,Y
BX21-030,208.50,210.00,0.020,0.010,0.5,2.627,N
BX21-030,210.00,212.00,0.344,0.192,0.5,2.676,N
BX21-030,212.00,213.50,0.020,0.010,0.5,2.672,N
BX21-030,213.50,215.00,0.020,0.010,0.5,2.574,N
BX21-030,215.00,217.00,0.254,0.157,0.5,2.595,N
BX21-030,217.00,218.00,0.030,0.010,0.5,2.588,N
BX21-030,218.00,219.50,0.020,0.010,0.5,2.648,N
BX21-030,219.50,221.00,0.020,0.069,0.5,2.657,N
BX21-030,221.00,222.00,0.020,0.010,1.3,2.615,N
BX21-030,222.00,223.00,0.408,0.198,2.8,2.633,N
BX21-030,223.00,224.50,0.463,0.175,5.2,2.644,N
BX21-030,224.50,226.00,0.020,0.010,3.8,2.615,N
BX21-030,226.00,228.00,0.020,0.010,0.5,2.658,N
BX21-030,228.00,229.50,0.391,0.152,1.8,2.597,N
BX21-030,229.50,230.50,0.020,0.010,2.9,2.637,N
BX21-030,230.50,231.50,0.129,0.028,1.8,2.666,N
BX21-030,231.50,232.50,0.020,0.097,0.5,2.625,N
BX21-030,232.50,233.50,0.410,0.141,1.7,2.625,N
BX21-030,233.50,235.00,0.020,0.035,0.5,2.646,N
BX21-030,235.00,236.50,0.323,0.076,0.7,2.664,N
BX21-030,236.50,237.50,0.020,0.010,3.2,2.606,N
BX21-030,237.50,239.00,0.020,0.010,1.7,2.644,N
BX21-030,239.00,240.00,0.020,0.158,0.5,2.621,N
BX21-030,240.00,241.00,0.020,0.112,0.5,2.671,N
BX21-030,241.00,242.00,0.451,0.123,4.4,2.666,N
BX21-030,242.00,243.50,0.020,0.059,1.2,2.610,N
BX21-030,243.50,245.00,0.020,0.057,0.8,2.629,N
BX21-030,245.00,246.00,0.254,0.191,0.5,2.638,N
BX21-030,246.00,248.00,0.337,0.152,3.2,2.647,N
BX21-030,248.00,249.50,0.020,0.010,1.3,2.598,N
BX21-030,249.50,250.50,0.152,0.122,0.5,2.565,N
BX21-030,250.50,251.50,0.098,0.010,2.7,2.668,N
BX21-030,251.50,252.50,0.020,0.010,0.5,2.594,N
BX21-030,252.50,253.50,0.721,0.194,8.2,2.721,N
BX21-030,253.50,255.00,0.021,0.108,4.0,2.637,N
BX21-030,255.00,256.50,0.500,0.254,2.1,2.618,N
BX21-030,256.50,257.50,0.020,0.010,0.5,2.600,N
BX21-030,257.50,258.50,0.414,0.235,0.5,2.636,N
BX21-030,258.50,259.50,0.020,0.010,0.5,2.646,N
BX21-030,259.50,261.00,0.368,0.199,0.5,2.643,N
BX21-031,0.00,1.50,0.987,0.373,5.3,2.685,N
BX21-031,1.50,2.50,0.898,0.169,6.1,2.645,N
BX21-031,2.50,3.50,0.296,0.010,2.0,2.670,N
BX21-031,3.50,5.00,0.930,0.253,5.7,2.648,N
BX21-031,5.00,7.00,0.208,0.010,1.5,2.622,N
BX21-031,7.00,8.00,1.441,0.465,9.9,2.692,N
BX21-031,8.00,9.00,0.762,0.351,3.2,2.676,N
BX21-031,9.00,10.00,0.512,0.181,3.0,2.642,N
BX21-031,10.00,11.00,0.540,0.181,3.4,2.580,N
BX21-031,11.00,12.50,0.020,0.059,0.5,2.599,N
BX21-031,12.50,14.00,0.848,0.216,2.2,2.663,N
BX21-031,14.00,15.50,0.294,0.010,0.5,2.633,N
BX21-031,15.50,16.50,0.020,0.010,1.7,2.634,N
BX21-031,16.50,18.00,0.020,0.062,0.5,2.603,N
BX21-031,18.00,19.00,0.346,0.090,3.5,2.631,N
BX21-031,19.00,20.50,0.155,0.010,6.6,2.603,N
BX21-031,20.50,22.00,0.020,0.010,3.9,2.660,N
BX21-031,22.00,23.00,0.270,0.010,0.5,2.635,N
BX21-031,23.00,24.50,0.335,0.105,3.5,2.648,N
BX21-031,24.50,26.50,0.057,0.157,0.5,2.627,N
BX21-031,26.50,27.50,0.342,0.010,5.8,2.623,N
BX21-031,27.50,29.00,0.048,0.053,0.5,2.608,N
BX21-031,29.00,30.50,0.295,0.080,0.5,2.608,N
BX21-031,30.50,31.50,0.254,0.108,0.5,2.627,N
BX21-031,31.50,33.00,0.020,0.082,1.2,2.641,N
BX21-031,33.00,34.50,0.220,0.184,1.1,2.689,N
BX21-031,34.50,36.00,0.626,0.267,6.0,2.628,N
BX21-031,36.00,37.00,0.196,0.145,1.0,2.632,N
BX21-031,37.00,39.00,0.225,0.106,0.8,2.585,N
BX21-031,39.00,41.00,0.046,0.057,2.2,2.591,N
BX21-031,41.00,42.00,0.392,0.097,3.0,2.650,N
BX21-031,42.00,43.50,0.020,0.010,0.5,2.617,N
BX21-031,43.50,44.50,0.020,0.119,1.8,2.642,N
BX21-031,44.50,46.50,0.020,0.024,0.5,2.630,N
BX21-031,46.50,47.50,0.227,0.142,2.1,2.648,N
BX21-031,47.50,48.50,0.186,0.087,0.7,2.675,N
BX21-031,48.50,50.50,0.020,0.010,0.5,2.613,N
BX21-031,50.50,52.00,0.020,0.176,1.2,2.603,N
BX21-031,52.00,53.00,0.537,0.106,6.3,2.666,N
BX21-031,53.00,54.00,0.020,0.010,0.5,2.629,N
BX21-031,54.00,55.00,0.734,0.271,1.8,2.595,N
BX21-031,55.00,56.00,0.733,0.189,1.3,2.687,N
BX21-031,56.00,57.00,0.020,0.069,2.8,2.625,N
BX21-031,57.00,58.50,0.750,0.193,3.9,2.679,N
BX21-031,58.50,60.00,0.201,0.071,0.5,2.638,N
BX21-031,60.00,61.50,0.020,0.010,0.5,2.608,N
BX21-031,61.50,62.50,0.020,0.010,7.4,2.654,N
BX21-031,62.50,64.00,0.020,0.013,1.7,2.620,N
BX21-031,64.00,65.00,0.020,0.010,0.5,2.530,N
BX21-031,65.00,67.00,0.104,0.220,3.4,2.639,N
BX21-031,67.00,68.50,0.020,0.010,0.5,2.602,N
BX21-031,68.50,70.00,0.527,0.268,4.1,2.669,N
BX21-031,70.00,71.50,0.125,0.196,1.5,2.666,N
BX21-031,71.50,73.00,0.020,0.010,0.5,2.600,N
BX21-031,73.00,74.50,0.513,0.250,0.5,2.625,N
BX21-031,74.50,76.00,0.047,0.010,0.5,2.697,N
BX21-031,76.00,78.00,0.020,0.010,1.7,2.612,N
BX21-031,78.00,79.00,0.052,0.029,0.5,2.659,N
BX21-031,79.00,80.50,0.020,0.135,0.5,2.574,N
BX21-031,80.50,81.50,0.020,0.010,1.4,2.659,N
BX21-031,81.50,83.50,0.222,0.012,2.8,2.611,N
BX21-031,83.50,85.00,0.020,0.129,0.5,2.618,N
BX21-031,85.00,87.00,0.020,0.010,0.5,2.620,N
BX21-031,87.00,88.50,0.135,0.010,3.2,2.627,N
BX21-031,88.50,90.50,0.020,0.016,0.5,2.662,N
BX21-031,90.50,92.00,0.020,0.154,3.0,2.590,N
BX21-031,92.00,94.00,0.020,0.125,0.5,2.648,N
BX21-031,94.00,95.00,0.020,0.010,0.5,2.618,N
BX21-031,95.00,97.00,0.020,0.051,0.6,2.651,N
BX21-031,97.00,98.50,0.222,0.134,2.9,2.601,N
BX21-031,98.50,99.50,0.020,0.010,0.5,2.641,Y
BX21-031,99.50,101.00,0.020,0.123,0.5,2.676,N
BX21-031,101.00,103.00,0.020,0.010,0.5,2.640,N
BX21-031,103.00,104.00,0.573,0.319,0.5,2.648,N
BX21-031,104.00,105.50,0.196,0.129,1.3,2.643,N
BX21-031,105.50,107.00,0.020,0.096,0.5,2.611,N
BX21-031,107.00,108.00,0.020,0.223,0.5,2.628,N
BX21-031,108.00,110.00,0.020,0.088,0.5,2.629,N
BX21-031,110.00,112.00,0.020,0.043,0.5,2.619,N
BX21-031,112.00,114.00,0.163,0.199,0.5,2.596,N
BX21-031,114.00,115.00,0.020,0.010,1.9,2.600,N
BX21-031,115.00,117.00,0.147,0.012,0.5,2.671,N
BX21-031,117.00,118.00,0.020,0.010,2.8,2.602,Y
BX21-031,118.00,119.00,0.365,0.092,0.5,2.650,N
BX21-031,119.00,120.00,0.020,0.010,1.4,2.610,N
BX21-031,120.00,121.00,0.020,0.111,0.5,2.653,N
BX21-031,121.00,122.00,0.227,0.084,1.7,2.662,N
BX21-031,122.00,123.00,0.079,0.010,0.5,2.595,N
BX21-031,123.00,125.00,0.020,0.010,0.5,2.613,N
BX21-031,125.00,126.00,0.020,0.010,1.4,2.618,N
BX21-031,126.00,127.00,0.037,0.091,2.5,2.650,N
BX21-031,127.00,128.50,0.020,0.010,0.5,2.612,N
BX21-031,128.50,130.00,0.020,0.010,1.9,2.606,N
BX21-031,130.00,132.00,0.141,0.010,1.0,2.581,Y
BX21-031,132.00,134.00,0.471,0.196,5.8,2.676,N
BX21-031,134.00,135.00,0.514,0.172,1.8,2.663,Y
BX21-031,135.00,136.50,0.020,0.017,0.5,2.591,N
BX21-031,136.50,137.50,0.020,0.089,0.5,2.590,N
BX21-031,137.50,139.00,0.020,0.010,2.5,2.555,N
BX21-031,139.00,140.50,0.195,0.223,0.9,2.629,N
BX21-031,140.50,142.50,0.057,0.010,0.5,2.630,N
BX21-031,142.50,143.50,0.121,0.010,0.5,2.648,N
BX21-031,143.50,144.50,0.020,0.333,5.9,2.651,N
BX21-031,144.50,145.50,0.020,0.010,0.5,2.614,N
BX21-031,145.50,147.00,0.560,0.177,6.7,2.614,N
BX21-031,147.00,148.00,0.639,0.227,5.8,2.649,N
BX21-031,148.00,149.00,0.020,0.010,1.1,2.595,Y
BX21-031,149.00,150.00,0.020,0.010,0.5,2.600,N
BX21-031,150.00,151.50,0.020,0.010,0.5,2.635,N
BX21-031,151.50,153.00,0.020,0.010,0.5,2.574,N
BX21-031,153.00,154.50,0.043,0.098,2.8,2.658,N
BX21-031,154.50,155.50,0.188,0.210,2.8,2.597,N
BX21-031,155.50,156.50,0.908,0.365,4.5,2.729,N
BX21-031,156.50,158.50,0.175,0.030,1.2,2.628,N
BX21-031,158.50,159.50,0.020,0.111,2.5,2.604,Y
BX21-031,159.50,161.50,0.020,0.317,4.9,2.621,N
BX21-031,161.50,163.00,0.345,0.055,2.9,2.700,Y
BX21-031,163.00,165.00,0.316,0.108,4.4,2.619,N
BX21-031,165.00,167.00,0.020,0.249,2.8,2.577,N
BX21-031,167.00,168.00,0.333,0.183,1.7,2.633,N
BX21-031,168.00,169.00,0.374,0.065,1.1,2.606,N
BX21-031,169.00,171.00,0.020,0.010,3.7,2.594,N
BX21-031,171.00,173.00,0.416,0.229,3.6,2.603,N
BX21-031,173.00,174.00,0.020,0.127,0.5,2.651,N
BX21-031,174.00,175.00,0.810,0.297,4.4,2.726,N
BX21-031,175.00,176.50,0.142,0.010,0.5,2.646,N
BX21-031,176.50,178.50,0.714,0.174,4.6,2.683,N
BX21-031,178.50,179.50,0.115,0.022,0.5,2.593,N
BX21-031,179.50,180.50,0.020,0.089,3.1,2.654,N
BX21-031,180.50,181.50,0.020,0.039,0.5,2.589,N
BX21-031,181.50,183.50,0.020,0.010,0.8,2.618,N
BX21-031,183.50,184.00,0.082,0.010,0.5,2.616,N
BX21-032,0.00,2.00,5.795,2.040,38.3,2.965,N
BX21-032,2.00,4.00,4.465,1.578,27.1,2.848,N
BX21-032,4.00,5.00,5.142,1.925,32.6,2.907,N
BX21-032,5.00,6.00,4.718,1.605,26.7,2.953,N
BX21-032,6.00,8.00,4.813,1.648,31.3,2.928,N
BX21-032,8.00,9.00,5.045,1.743,29.5,2.924,N
BX21-032,9.00,10.00,4.593,1.671,26.8,2.881,N
BX21-032,10.00,11.50,3.864,1.457,22.8,2.866,N
BX21-032,11.50,13.00,3.923,1.433,21.2,2.882,N
BX21-032,13.00,14.00,3.948,1.358,22.0,2.864,N
BX21-032,14.00,15.00,3.270,1.176,21.1,2.805,N
BX21-032,15.00,17.00,3.758,1.332,23.2,2.864,N
BX21-032,17.00,18.50,4.246,1.515,23.0,2.938,N
BX21-032,18.50,19.50,3.480,1.149,20.3,2.815,N
BX21-032,19.50,21.50,3.870,1.434,22.0,2.854,N
BX21-032,21.50,23.00,3.668,1.357,19.2,2.873,N
BX21-032,23.00,25.00,3.098,0.997,16.9,2.788,N
BX21-032,25.00,26.50,3.868,1.298,27.6,2.878,N
BX21-032,26.50,27.50,3.656,1.212,18.8,2.858,N
BX21-032,27.50,28.50,2.974,1.129,17.3,2.816,N
BX21-032,28.50,30.00,3.217,1.089,17.3,2.833,N
BX21-032,30.00,31.00,2.904,1.023,19.7,2.856,N
BX21-032,31.00,33.00,2.910,1.060,18.4,2.777,N
BX21-032,33.00,35.00,2.204,0.614,14.1,2.709,N
BX21-032,35.00,36.50,2.229,0.856,13.7,2.786,N
BX21-032,36.50,37.50,3.004,1.026,18.4,2.809,N
BX21-032,37.50,38.50,2.391,0.932,12.4,2.760,N
BX21-032,38.50,39.50,2.644,0.718,16.4,2.775,N
BX21-032,39.50,40.50,2.404,0.822,14.1,2.781,N
BX21-032,40.50,42.50,1.765,0.589,8.5,2.693,N
BX21-032,42.50,44.50,2.646,1.004,18.5,2.795,N
BX21-032,44.50,46.00,2.155,0.756,14.7,2.735,N
BX21-032,46.00,47.00,2.366,0.770,11.1,2.799,N
BX21-032,47.00,49.00,2.158,0.727,14.6,2.741,N
BX21-032,49.00,50.50,2.093,0.788,14.6,2.729,N
BX21-032,50.50,51.50,1.608,0.637,10.0,2.682,N
BX21-032,51.50,52.50,1.513,0.518,10.1,2.684,Y
BX21-032,52.50,54.50,1.475,0.530,8.9,2.720,N
BX21-032,54.50,55.50,2.013,0.839,15.3,2.751,N
BX21-032,55.50,57.00,1.270,0.557,7.9,2.751,N
BX21-032,57.00,59.00,1.003,0.391,10.8,2.678,N
BX21-032,59.00,60.00,0.869,0.258,6.7,2.681,N
BX21-032,60.00,62.00,1.374,0.477,7.4,2.712,N
BX21-032,62.00,64.00,1.388,0.426,10.2,2.676,N
BX21-032,64.00,66.00,1.202,0.333,5.2,2.684,N
BX21-032,66.00,67.00,1.711,0.586,12.2,2.786,N
BX21-032,67.00,68.00,0.770,0.148,5.9,2.688,N
BX21-032,68.00,69.00,1.393,0.490,12.1,2.736,N
BX21-032,69.00,71.00,1.278,0.447,12.1,2.790,N
BX21-032,71.00,72.00,0.874,0.212,5.0,2.647,N
BX21-032,72.00,74.00,1.047,0.387,2.7,2.762,N
BX21-032,74.00,75.50,0.983,0.355,10.8,2.702,N
BX21-032,75.50,77.00,1.063,0.433,8.8,2.672,N
BX21-032,77.00,78.00,0.943,0.474,4.2,2.647,N
BX21-032,78.00,79.00,1.053,0.500,9.3,2.694,N
BX21-032,79.00,80.00,0.290,0.010,2.3,2.664,N
BX21-032,80.00,81.50,0.739,0.390,7.8,2.691,N
BX21-032,81.50,82.50,0.592,0.411,2.0,2.688,N
BX21-032,82.50,84.50,0.606,0.305,3.3,2.661,N
BX21-032,84.50,86.50,1.136,0.450,5.7,2.684,N
BX21-032,86.50,87.50,0.928,0.264,8.2,2.707,N
BX21-032,87.50,88.50,0.142,0.050,0.5,2.671,N
BX21-032,88.50,89.50,0.458,0.080,3.2,2.663,N
BX21-032,89.50,91.00,0.933,0.295,5.4,2.724,N
BX21-032,91.00,93.00,0.836,0.350,9.0,2.643,N
BX21-032,93.00,94.00,0.578,0.202,1.9,2.671,N
BX21-032,94.00,95.00,1.056,0.489,9.1,2.729,N
BX21-032,95.00,96.50,0.514,0.230,5.7,2.614,N
BX21-032,96.50,97.50,0.497,0.192,2.8,2.634,N
BX21-032,97.50,99.50,0.413,0.208,2.8,2.619,N
BX21-032,99.50,101.00,0.369,0.199,4.3,2.613,N
BX21-032,101.00,103.00,0.471,0.010,4.7,2.688,N
BX21-032,103.00,104.00,0.020,0.044,1.8,2.592,N
BX21-032,104.00,105.50,0.529,0.254,2.4,2.616,N
BX21-032,105.50,106.50,0.853,0.352,5.9,2.680,N
BX21-032,106.50,108.00,0.020,0.010,1.9,2.654,N
BX21-032,108.00,109.00,0.020,0.113,0.5,2.609,N
BX21-032,109.00,110.50,0.233,0.010,1.9,2.660,N
BX21-032,110.50,111.50,0.305,0.018,2.8,2.618,N
BX21-032,111.50,112.50,0.020,0.010,1.3,2.550,N
BX21-032,112.50,113.50,0.020,0.096,0.5,2.643,N
BX21-032,113.50,114.50,0.515,0.176,2.3,2.635,N
BX21-032,114.50,116.50,0.517,0.372,2.2,2.642,N
BX21-032,116.50,117.50,0.020,0.044,0.5,2.599,N
BX21-032,117.50,118.50,0.020,0.090,0.5,2.615,N
BX21-032,118.50,119.50,0.020,0.059,2.7,2.595,N
BX21-032,119.50,121.00,0.699,0.392,5.1,2.614,N
BX21-032,121.00,123.00,0.094,0.075,6.0,2.554,N
BX21-032,123.00,124.00,0.148,0.010,0.5,2.601,N
BX21-032,124.00,126.00,0.627,0.259,2.1,2.642,N
BX21-032,126.00,127.00,0.020,0.024,0.5,2.594,N
BX21-032,127.00,129.00,0.662,0.277,6.4,2.666,N
BX21-032,129.00,130.00,0.216,0.010,0.5,2.606,N
BX21-032,130.00,131.00,0.020,0.010,1.2,2.647,N
BX21-032,131.00,132.00,0.229,0.177,1.8,2.648,N
BX21-032,132.00,133.00,0.366,0.160,3.3,2.670,N
BX21-032,133.00,134.50,0.274,0.188,3.7,2.658,N
BX21-032,134.50,136.00,0.482,0.082,3.8,2.667,Y
BX21-032,136.00,138.00,0.129,0.053,1.8,2.610,N
BX21-032,138.00,139.50,0.020,0.010,0.5,2.611,N
BX21-032,139.50,141.00,0.020,0.061,0.5,2.628,N
BX21-032,141.00,143.00,0.020,0.010,5.5,2.630,N
BX21-032,143.00,144.50,0.230,0.143,0.5,2.603,N
BX21-032,144.50,145.50,0.020,0.036,0.5,2.621,N
BX21-032,145.50,146.50,0.651,0.166,1.4,2.713,N
BX21-032,146.50,147.50,0.020,0.030,0.6,2.673,N
BX21-032,147.50,149.00,0.023,0.086,0.5,2.668,N
BX21-032,149.00,150.00,0.235,0.028,0.5,2.616,N
BX21-032,150.00,151.50,0.020,0.010,0.5,2.628,N
BX21-032,151.50,152.50,0.411,0.153,3.6,2.637,N
BX21-032,152.50,153.50,0.148,0.091,0.5,2.612,N
BX21-032,153.50,155.50,0.020,0.238,2.5,2.630,N
BX21-032,155.50,157.00,0.020,0.010,4.5,2.626,N
BX21-032,157.00,158.00,0.559,0.373,3.8,2.657,N
BX21-032,158.00,159.00,0.020,0.063,0.8,2.629,N
BX21-032,159.00,160.00,0.210,0.036,0.5,2.603,N
BX21-032,160.00,161.00,0.193,0.016,0.9,2.656,N
BX21-032,161.00,162.50,0.863,0.164,2.4,2.727,N
BX21-032,162.50,164.50,0.020,0.010,0.5,2.519,N
BX21-032,164.50,165.50,0.097,0.090,0.5,2.680,N
BX21-032,165.50,167.00,0.892,0.287,6.1,2.627,N
BX21-032,167.00,168.00,0.463,0.010,3.1,2.671,N
BX21-032,168.00,170.00,0.481,0.204,4.9,2.639,N
BX21-032,170.00,171.00,0.529,0.340,2.2,2.648,N
BX21-032,171.00,173.00,0.020,0.010,0.5,2.636,N
BX21-032,173.00,175.00,0.478,0.214,3.6,2.642,Y
BX21-032,175.00,176.00,0.020,0.010,0.5,2.567,N
BX21-032,176.00,178.00,0.020,0.010,0.5,2.622,N
BX21-032,178.00,179.00,0.020,0.010,1.8,2.629,N
BX21-032,179.00,180.00,0.020,0.010,0.5,2.669,N
BX21-032,180.00,181.00,0.588,0.192,4.4,2.646,N
BX21-032,181.00,182.00,0.415,0.010,6.0,2.658,N
BX21-032,182.00,183.00,0.267,0.066,0.5,2.661,N
BX21-032,183.00,185.00,0.020,0.010,0.5,2.639,N
BX21-032,185.00,186.00,0.020,0.104,0.6,2.630,N
BX21-032,186.00,188.00,0.020,0.010,0.5,2.635,N
BX21-032,188.00,190.00,0.020,0.131,2.5,2.671,N
BX21-032,190.00,191.00,0.191,0.057,2.8,2.617,N
BX21-032,191.00,193.00,0.020,0.073,0.5,2.662,N
BX21-032,193.00,195.00,0.020,0.180,0.5,2.663,N
BX21-032,195.00,196.00,0.020,0.010,1.5,2.640,N
BX21-032,196.00,198.00,0.020,0.022,0.8,2.612,N
BX21-032,198.00,199.00,0.020,0.133,0.5,2.621,N
BX21-032,199.00,200.50,0.020,0.065,0.5,2.650,N
BX21-032,200.50,202.50,0.020,0.010,0.5,2.656,N
BX21-032,202.50,204.00,0.020,0.010,0.5,2.610,N
BX21-032,204.00,205.00,0.020,0.010,0.5,2.597,N
BX21-032,205.00,206.00,0.390,0.294,0.5,2.642,N
BX21-032,206.00,207.50,0.403,0.010,1.5,2.679,N
BX21-032,207.50,208.50,0.020,0.099,0.5,2.622,N
BX21-032,208.50,209.50,0.471,0.191,1.0,2.617,N
BX21-032,209.50,211.00,0.020,0.100,1.4,2.643,N
BX21-032,211.00,212.00,0.020,0.010,0.5,2.618,N
BX21-032,212.00,214.00,0.606,0.085,2.4,2.724,N
BX21-032,214.00,215.50,0.020,0.208,1.7,2.640,N
BX21-032,215.50,216.50,0.424,0.010,0.6,2.669,N
BX21-032,216.50,218.50,0.722,0.073,7.3,2.649,N
BX21-032,218.50,220.50,0.020,0.104,0.5,2.650,N
BX21-032,220.50,221.50,0.495,0.263,1.4,2.628,N
BX21-032,221.50,222.50,0.020,0.010,0.5,2.637,N
BX21-032,222.50,224.50,0.020,0.010,0.6,2.606,N
BX21-032,224.50,225.50,0.098,0.108,0.5,2.655,N
BX21-032,225.50,226.50,1.234,0.434,9.5,2.721,N
BX21-032,226.50,228.50,0.020,0.010,0.5,2.625,N
BX21-032,228.50,230.00,0.020,0.010,0.5,2.620,N
BX21-032,230.00,231.00,0.020,0.190,0.5,2.591,N
BX21-032,231.00,232.00,0.257,0.090,1.7,2.662,N
BX21-032,232.00,234.00,0.020,0.041,0.5,2.630,N
BX21-032,234.00,236.00,0.168,0.043,0.5,2.624,N
BX21-032,236.00,238.00,0.264,0.092,0.5,2.599,Y
BX21-032,238.00,240.00,0.020,0.010,3.2,2.664,N
BX21-032,240.00,241.00,0.020,0.252,3.5,2.583,N
BX21-032,241.00,243.00,0.310,0.188,4.5,2.651,N
BX21-032,243.00,244.00,0.020,0.050,1.3,2.668,N
BX21-032,244.00,246.00,0.025,0.010,0.5,2.659,N
BX21-032,246.00,247.00,0.167,0.010,0.5,2.614,N
BX21-032,247.00,248.00,0.615,0.132,5.4,2.641,N
BX21-032,248.00,249.00,0.020,0.188,0.5,2.612,N
BX21-032,249.00,251.00,0.020,0.165,0.5,2.569,N
BX21-032,251.00,252.50,0.020,0.027,0.5,2.616,N
BX21-032,252.50,253.50,0.224,0.010,0.8,2.592,N
BX21-032,253.50,255.00,0.020,0.010,1.0,2.596,N
BX21-032,255.00,256.00,0.020,0.010,1.4,2.701,N
BX21-032,256.00,257.00,0.730,0.382,5.4,2.715,N
BX21-032,257.00,258.00,0.347,0.025,1.0,2.628,N
BX21-032,258.00,259.50,0.105,0.010,1.0,2.649,N
BX21-032,259.50,261.50,0.192,0.129,0.5,2.642,N
BX21-032,261.50,263.50,0.020,0.010,0.5,2.586,N
BX21-032,263.50,264.50,0.105,0.188,1.4,2.633,N
BX21-032,264.50,266.50,0.399,0.242,1.2,2.637,Y
BX21-032,266.50,268.00,0.059,0.070,4.5,2.608,N
BX21-032,268.00,269.00,0.086,0.075,0.6,2.674,N
BX21-032,269.00,271.00,0.084,0.010,0.8,2.637,N
BX21-032,271.00,273.00,0.964,0.273,6.2,2.703,N
BX21-032,273.00,274.00,0.444,0.143,0.5,2.640,N
BX21-032,274.00,275.50,0.412,0.238,2.9,2.670,N
BX21-032,275.50,277.00,0.306,0.217,1.6,2.617,N
BX21-032,277.00,278.00,0.020,0.010,0.5,2.608,N
BX21-032,278.00,279.00,0.134,0.010,4.0,2.649,N
BX21-032,279.00,280.00,0.088,0.010,0.5,2.640,N
BX21-032,280.00,281.00,0.445,0.260,1.3,2.651,N
BX21-032,281.00,282.00,0.247,0.029,0.5,2.665,N
BX21-032,282.00,283.00,0.227,0.145,2.0,2.640,N
BX21-032,283.00,285.00,0.020,0.057,0.5,2.643,N
BX21-032,285.00,286.00,0.020,0.081,0.5,2.585,N
BX21-032,286.00,287.50,0.375,0.233,0.5,2.633,N
BX21-032,287.50,289.50,0.020,0.085,0.5,2.657,N
BX21-032,289.50,290.50,0.174,0.010,0.5,2.657,N
BX21-032,290.50,291.50,0.020,0.010,0.5,2.584,N
BX21-032,291.50,293.00,0.792,0.043,5.0,2.706,N
BX21-033,0.00,1.50,7.336,2.509,45.7,2.989,N
BX21-033,1.50,2.50,8.261,2.911,48.6,3.126,N
BX21-033,2.50,3.50,7.565,2.613,47.9,3.045,N
BX21-033,3.50,4.50,7.369,2.508,42.8,3.064,N
BX21-033,4.50,6.00,7.747,2.676,47.4,3.044,N
BX21-033,6.00,7.00,7.127,2.527,42.2,2.997,N
BX21-033,7.00,9.00,7.593,2.631,48.7,3.051,N
BX21-033,9.00,10.00,7.672,2.684,48.4,3.071,N
BX21-033,10.00,12.00,7.546,2.605,46.5,3.039,N
BX21-033,12.00,13.00,7.780,2.730,45.4,3.081,N
BX21-033,13.00,14.50,7.220,2.566,41.5,3.055,N
BX21-033,14.50,15.50,7.705,2.750,42.9,3.076,N
BX21-033,15.50,16.50,7.348,2.587,40.8,3.054,N
BX21-033,16.50,18.50,7.221,2.475,43.5,3.031,N
BX21-033,18.50,20.00,7.445,2.603,48.9,3.095,N
BX21-033,20.00,22.00,7.893,2.918,48.3,3.102,N
BX21-033,22.00,23.50,6.469,2.282,39.7,3.059,N
BX21-033,23.50,25.50,7.428,2.500,43.9,3.056,N
BX21-033,25.50,27.50,7.276,2.683,40.5,3.071,N
BX21-033,27.50,29.50,7.070,2.526,44.7,3.007,N
BX21-033,29.50,31.50,7.796,2.824,49.6,3.066,N
BX21-033,31.50,33.50,7.301,2.372,43.8,3.083,N
BX21-033,33.50,35.50,7.079,2.420,41.7,3.072,N
BX21-033,35.50,37.00,6.350,2.109,40.5,3.007,N
BX21-033,37.00,38.00,6.522,2.313,34.8,3.000,N
BX21-033,38.00,40.00,6.680,2.529,39.8,2.991,N
BX21-033,40.00,42.00,6.651,2.477,42.3,3.035,N
BX21-033,42.00,43.50,6.069,2.196,35.0,2.984,N
BX21-033,43.50,45.50,6.812,2.344,43.2,3.014,N
BX21-033,45.50,46.50,6.356,2.247,36.3,2.972,N
BX21-033,46.50,47.50,6.084,2.179,36.7,2.981,N
BX21-033,47.50,49.50,6.622,2.372,38.1,2.970,N
BX21-033,49.50,50.50,6.262,2.068,40.0,3.061,N
BX21-033,50.50,51.50,5.694,1.915,33.9,2.973,N
BX21-033,51.50,52.50,6.674,2.244,41.2,2.989,N
BX21-033,52.50,54.50,5.223,1.858,31.6,2.935,N
BX21-033,54.50,56.50,6.015,2.183,35.8,2.975,N
BX21-033,56.50,58.50,5.838,1.972,33.6,2.944,N
BX21-033,58.50,59.50,5.905,1.942,38.3,3.024,N
BX21-033,59.50,61.50,5.711,2.131,34.6,2.960,N
BX21-033,61.50,62.50,5.786,2.151,35.1,2.928,N
BX21-033,62.50,63.50,5.768,1.944,36.8,3.017,N
BX21-033,63.50,65.50,6.209,2.173,37.1,3.008,N
BX21-033,65.50,67.00,5.770,2.047,32.5,2.968,N
BX21-033,67.00,68.00,6.181,2.139,33.9,2.975,N
BX21-033,68.00,70.00,4.967,1.980,26.9,2.933,N
BX21-033,70.00,71.00,5.472,2.011,32.6,2.909,N
BX21-033,71.00,72.50,5.209,1.965,30.1,2.915,N
BX21-033,72.50,74.50,5.529,1.805,31.8,2.947,N
BX21-033,74.50,76.50,5.557,1.861,40.3,2.995,N
BX21-033,76.50,77.50,5.400,2.135,30.2,2.982,N
BX21-033,77.50,79.00,3.946,1.185,25.2,2.869,N
BX21-033,79.00,80.00,4.626,1.695,30.1,2.873,N
BX21-033,80.00,82.00,5.312,1.792,32.2,2.966,N
BX21-033,82.00,83.00,5.406,1.880,31.1,2.955,N
BX21-033,83.00,84.00,5.533,1.959,33.5,2.956,N
BX21-033,84.00,85.50,4.767,1.712,28.9,2.912,N
BX21-033,85.50,87.00,4.837,1.563,30.7,2.935,N
BX21-033,87.00,89.00,3.955,1.265,26.3,2.836,N
BX21-033,89.00,90.00,3.883,1.363,25.2,2.818,N
BX21-033,90.00,92.00,4.466,1.351,29.2,2.903,N
BX21-033,92.00,93.50,4.163,1.511,23.9,2.936,N
BX21-033,93.50,94.50,4.125,1.347,27.0,2.877,N
BX21-033,94.50,95.50,4.516,1.522,27.5,2.956,N
BX21-033,95.50,96.50,4.675,1.577,27.7,2.867,N
BX21-033,96.50,97.50,5.201,1.857,33.0,3.000,Y
BX21-033,97.50,99.50,3.761,1.318,22.0,2.802,N
BX21-033,99.50,100.50,3.657,1.417,21.4,2.774,N
BX21-033,100.50,102.00,3.865,1.313,26.4,2.830,N
BX21-033,102.00,103.00,4.591,1.706,28.7,2.894,N
BX21-033,103.00,105.00,4.028,1.255,19.7,2.844,N
BX21-033,105.00,107.00,3.220,1.164,17.5,2.812,N
BX21-033,107.00,108.00,3.778,1.301,23.6,2.845,N
BX21-033,108.00,109.50,3.375,1.020,19.7,2.815,N
BX21-033,109.50,111.00,3.710,1.341,23.5,2.863,N
BX21-033,111.00,112.00,3.759,1.395,20.5,2.832,N
BX21-033,112.00,113.00,2.787,1.049,15.4,2.703,N
BX21-033,113.00,114.00,3.161,0.947,18.0,2.862,N
BX21-033,114.00,115.00,2.654,0.841,17.9,2.814,N
BX21-033,115.00,116.00,3.420,1.195,21.3,2.790,N
BX21-033,116.00,118.00,3.300,1.056,14.8,2.828,N
BX21-033,118.00,119.00,3.164,1.030,20.4,2.825,N
BX21-033,119.00,120.50,3.303,1.045,21.5,2.855,N
BX21-033,120.50,121.50,3.470,1.237,20.8,2.823,N
BX21-033,121.50,123.00,3.390,1.338,20.5,2.814,N
BX21-033,123.00,124.50,3.341,1.097,22.5,2.830,N
BX21-033,124.50,125.50,2.824,0.893,19.4,2.775,N
BX21-033,125.50,127.00,2.625,0.990,14.6,2.788,N
BX21-033,127.00,128.00,2.594,0.722,13.7,2.751,N
BX21-033,128.00,129.50,3.320,1.119,18.8,2.777,N
BX21-033,129.50,131.50,2.671,0.846,15.1,2.745,N
BX21-033,131.50,133.50,3.403,1.245,15.3,2.847,N
BX21-033,133.50,135.50,2.888,0.982,18.4,2.737,N
BX21-033,135.50,137.00,2.956,0.982,16.3,2.798,N
BX21-033,137.00,138.00,3.181,1.086,18.3,2.802,N
BX21-033,138.00,140.00,2.176,0.764,10.8,2.774,N
BX21-033,140.00,141.00,2.371,0.783,15.0,2.708,N
BX21-033,141.00,142.50,1.885,0.649,12.0,2.779,N
BX21-033,142.50,143.50,2.741,0.917,17.2,2.767,N
BX21-033,143.50,144.50,2.611,0.982,12.0,2.776,N
BX21-033,144.50,146.00,2.388,0.898,15.0,2.740,N
BX21-033,146.00,147.00,2.277,0.854,15.3,2.740,N
BX21-033,147.00,148.00,2.706,1.019,15.8,2.775,N
BX21-033,148.00,149.50,2.357,0.639,14.1,2.756,N
BX21-033,149.50,150.50,2.118,0.898,9.7,2.771,N
BX21-033,150.50,151.50,2.053,0.678,12.6,2.736,N
BX21-033,151.50,152.50,2.451,0.823,16.9,2.777,N
BX21-033,152.50,154.00,2.030,0.857,11.8,2.756,N
BX21-033,154.00,155.50,2.887,0.887,16.8,2.808,N
BX21-033,155.50,157.00,1.700,0.399,12.1,2.662,N
BX21-033,157.00,158.00,2.089,0.661,9.8,2.727,N
BX21-033,158.00,160.00,1.320,0.340,7.1,2.705,N
BX21-033,160.00,161.00,2.084,0.661,13.1,2.691,N
BX21-033,161.00,162.00,1.819,0.522,9.8,2.752,N
BX21-033,162.00,163.50,2.163,0.666,11.8,2.748,N
BX21-033,163.50,164.50,1.412,0.642,10.7,2.716,N
BX21-033,164.50,166.00,1.910,0.690,13.4,2.692,N
BX21-033,166.00,167.50,1.742,0.879,10.5,2.704,N
BX21-033,167.50,168.50,1.210,0.564,10.7,2.725,N
BX21-033,168.50,170.50,1.506,0.333,7.8,2.732,Y
BX21-033,170.50,172.50,2.647,0.894,12.0,2.785,N
BX21-033,172.50,173.50,1.654,0.644,10.7,2.758,N
BX21-033,173.50,174.50,1.677,0.573,13.4,2.738,N
BX21-033,174.50,176.00,1.082,0.349,4.9,2.637,N
BX21-033,176.00,177.50,1.591,0.486,11.3,2.765,N
BX21-033,177.50,179.00,1.347,0.358,6.2,2.647,N
BX21-033,179.00,180.50,1.632,0.743,9.2,2.738,N
BX21-033,180.50,182.50,1.573,0.572,9.9,2.690,N
BX21-033,182.50,184.00,1.315,0.472,13.1,2.728,N
BX21-033,184.00,185.50,1.633,0.515,13.5,2.690,N
BX21-033,185.50,187.50,1.700,0.519,12.5,2.732,N
BX21-033,187.50,189.50,1.939,0.784,12.0,2.759,N
BX21-033,189.50,190.50,1.925,0.608,12.4,2.742,N
BX21-033,190.50,191.50,0.775,0.311,4.3,2.625,N
BX21-033,191.50,192.50,1.161,0.590,10.6,2.704,N
BX21-033,192.50,193.50,1.539,0.567,6.1,2.708,N
BX21-033,193.50,195.50,1.498,0.568,7.4,2.744,N
BX21-033,195.50,196.50,1.197,0.357,8.9,2.707,N
BX21-033,196.50,198.00,1.040,0.484,4.2,2.720,N
BX21-033,198.00,200.00,0.859,0.334,4.0,2.683,N
BX21-033,200.00,201.00,1.102,0.518,3.9,2.713,N
BX21-033,201.00,202.00,1.013,0.375,8.2,2.687,N
BX21-033,202.00,203.50,1.127,0.264,8.2,2.704,N
BX21-033,203.50,205.50,0.722,0.370,5.3,2.648,N
BX21-033,205.50,206.50,0.601,0.214,3.3,2.610,N
BX21-033,206.50,208.00,1.104,0.478,5.4,2.734,N
BX21-033,208.00,210.00,1.047,0.483,7.4,2.653,N
BX21-033,210.00,211.50,0.574,0.356,3.7,2.639,N
BX21-033,211.50,213.50,0.580,0.150,5.3,2.713,N
BX21-033,213.50,215.50,0.705,0.247,5.2,2.705,N
BX21-033,215.50,217.00,1.301,0.271,2.6,2.716,N
BX21-033,217.00,218.00,0.337,0.010,1.8,2.673,N
BX21-033,218.00,219.50,0.304,0.159,3.8,2.614,N
BX21-033,219.50,220.50,0.697,0.317,7.1,2.666,N
BX21-033,220.50,222.00,0.020,0.010,0.5,2.659,N
BX21-033,222.00,223.00,0.020,0.024,1.6,2.629,N
BX21-033,223.00,224.00,1.120,0.368,7.7,2.696,N
BX21-033,224.00,225.00,0.853,0.130,0.7,2.689,N
BX21-033,225.00,226.00,0.708,0.132,1.7,2.662,N
BX21-033,226.00,228.00,0.057,0.010,0.7,2.620,N
BX21-034,0.00,2.00,7.484,2.797,46.4,3.099,N
BX21-034,2.00,3.00,8.403,2.973,50.3,3.124,N
BX21-034,3.00,4.00,7.657,2.729,49.3,3.110,N
BX21-034,4.00,6.00,7.509,2.618,44.0,3.084,N
BX21-034,6.00,8.00,7.034,2.366,43.2,3.060,N
BX21-034,8.00,9.50,7.835,2.773,45.8,3.142,Y
BX21-034,9.50,11.50,7.421,2.561,43.4,3.055,N
BX21-034,11.50,12.50,8.215,2.691,51.0,3.118,N
BX21-034,12.50,13.50,7.946,2.784,50.7,3.109,N
BX21-034,13.50,15.00,8.084,2.641,49.4,3.091,N
BX21-034,15.00,17.00,7.496,2.699,43.4,3.059,N
BX21-034,17.00,18.50,7.781,2.670,45.6,3.038,N
BX21-034,18.50,19.50,7.888,2.822,45.3,3.151,N
BX21-034,19.50,21.00,8.345,2.843,52.9,3.094,N
BX21-034,21.00,23.00,7.852,2.577,42.8,3.067,N
BX21-034,23.00,25.00,7.680,2.648,46.4,3.084,N
BX21-034,25.00,27.00,8.349,3.033,45.1,3.082,N
BX21-034,27.00,28.00,7.791,2.797,47.9,3.120,N
BX21-034,28.00,29.50,8.251,2.788,51.9,3.097,N
BX21-034,29.50,30.50,8.282,2.858,49.2,3.110,N
BX21-034,30.50,32.50,8.714,2.916,56.4,3.098,N
BX21-034,32.50,33.50,8.299,2.976,50.4,3.116,N
BX21-034,33.50,34.50,8.767,3.023,52.0,3.125,N
BX21-034,34.50,35.50,7.962,2.818,47.6,3.079,N
BX21-034,35.50,37.00,8.169,2.890,50.0,3.134,N
BX21-034,37.00,38.00,8.930,3.117,53.1,3.097,N
BX21-034,38.00,39.00,8.032,2.714,45.3,3.085,N
BX21-034,39.00,40.00,8.765,2.995,55.7,3.113,N
BX21-034,40.00,42.00,8.838,3.097,56.8,3.030,N
BX21-034,42.00,44.00,8.856,3.109,50.1,3.131,N
BX21-034,44.00,45.50,7.568,2.833,48.0,3.081,N
BX21-034,45.50,47.50,8.540,2.952,52.1,3.115,N
BX21-034,47.50,48.50,7.712,2.669,46.5,3.117,N
BX21-034,48.50,50.50,8.903,3.045,52.9,3.111,N
BX21-034,50.50,52.50,8.380,2.826,48.5,3.143,N
BX21-034,52.50,54.50,8.328,3.026,48.2,3.113,N
BX21-034,54.50,56.50,8.166,2.956,48.4,3.111,N
BX21-034,56.50,58.00,8.080,2.935,47.6,3.094,N
BX21-034,58.00,59.50,8.279,3.038,49.2,3.124,N
BX21-034,59.50,61.00,8.322,2.817,49.6,3.080,N
BX21-034,61.00,63.00,8.055,2.758,47.2,3.094,N
BX21-034,63.00,65.00,8.102,2.759,47.8,3.098,N
BX21-034,65.00,67.00,8.217,2.740,49.3,3.120,N
BX21-034,67.00,68.00,8.003,2.928,48.6,3.001,N
BX21-034,68.00,70.00,7.975,2.937,49.5,3.110,N
BX21-034,70.00,71.50,8.561,3.097,50.8,3.185,N
BX21-034,71.50,72.50,7.731,2.622,47.8,3.070,N
BX21-034,72.50,74.50,7.952,2.743,50.2,3.123,N
BX21-034,74.50,75.50,7.344,2.704,44.7,2.990,N
BX21-034,75.50,77.50,7.698,2.586,48.9,3.043,N
BX21-034,77.50,79.00,8.200,3.025,45.3,3.095,Y
BX21-034,79.00,80.00,7.387,2.669,46.9,3.023,N
BX21-034,80.00,81.00,8.084,2.818,48.7,3.120,N
BX21-034,81.00,82.50,8.012,2.933,47.1,3.086,N
BX21-034,82.50,83.50,7.427,2.730,44.7,3.040,N
BX21-034,83.50,84.50,7.598,2.537,47.4,3.032,N
BX21-034,84.50,85.50,7.703,2.727,45.6,3.142,N
BX21-034,85.50,86.50,7.521,2.567,44.7,3.053,N
BX21-034,86.50,87.50,7.757,2.686,50.5,3.035,N
BX21-034,87.50,88.50,7.711,2.773,44.8,3.120,N
BX21-034,88.50,89.50,8.207,2.910,47.7,3.098,N
BX21-034,89.50,91.50,7.691,2.662,48.9,3.120,N
BX21-034,91.50,93.50,7.486,2.641,48.0,3.149,N
BX21-034,93.50,95.50,7.762,2.846,45.9,3.091,N
BX21-034,95.50,96.50,7.369,2.546,44.6,3.056,N
BX21-034,96.50,97.50,7.851,2.621,46.3,3.138,N
BX21-034,97.50,99.00,7.529,2.598,48.6,3.059,N
BX21-034,99.00,100.50,7.874,2.706,47.1,3.087,N
BX21-034,100.50,101.50,7.440,2.704,40.4,3.046,N
BX21-034,101.50,103.00,7.231,2.562,41.8,3.033,N
BX21-034,103.00,105.00,7.731,2.647,48.2,3.105,N
BX21-034,105.00,106.00,7.381,2.550,46.9,3.083,N
BX21-034,106.00,107.00,7.125,2.542,42.7,3.005,N
BX21-034,107.00,108.50,6.621,2.649,38.8,3.014,N
BX21-034,108.50,109.50,7.808,2.752,47.2,3.044,N
BX21-034,109.50,111.00,6.749,2.302,38.4,3.008,N
BX21-034,111.00,112.00,7.281,2.556,43.3,3.045,N
BX21-034,112.00,113.00,6.743,2.309,39.7,3.045,N
BX21-034,113.00,114.50,7.643,2.779,47.2,3.051,N
BX21-034,114.50,115.50,7.184,2.556,41.1,3.045,N
BX21-034,115.50,116.50,7.024,2.425,37.9,3.011,N
BX21-034,116.50,118.00,6.979,2.518,40.0,3.089,N
BX21-034,118.00,119.50,6.296,2.269,34.4,2.969,N
BX21-034,119.50,120.50,6.906,2.412,43.5,3.008,N
BX21-034,120.50,121.50,7.162,2.451,41.5,3.085,N
BX21-034,121.50,123.00,7.097,2.518,40.0,3.040,N
BX21-034,123.00,124.50,6.935,2.449,41.8,3.055,N
BX21-034,124.50,125.50,6.562,2.423,38.8,2.977,N
BX21-034,125.50,127.50,6.935,2.517,40.2,3.066,N
BX21-034,127.50,129.50,6.914,2.407,43.5,3.028,N
BX21-034,129.50,130.50,6.345,2.346,35.2,3.028,N
BX21-034,130.50,132.00,6.832,2.287,42.6,3.057,N
BX21-034,132.00,133.00,5.999,2.062,36.0,2.985,Y
BX21-034,133.00,134.00,6.105,2.081,36.5,3.008,N
BX21-034,134.00,135.00,6.467,2.350,39.1,2.963,N
BX21-034,135.00,136.00,5.761,2.034,28.3,2.968,N
BX21-034,136.00,137.00,5.736,2.003,33.7,2.937,N
BX21-034,137.00,138.00,5.566,2.073,36.9,2.908,N
BX21-034,138.00,139.50,5.819,2.006,35.4,2.970,N
BX21-034,139.50,140.50,6.050,2.079,37.4,2.992,N
BX21-034,140.50,141.50,6.368,2.161,42.6,2.992,N
BX21-034,141.50,142.50,6.134,2.288,35.0,2.982,N
BX21-034,142.50,143.50,5.966,2.032,34.7,2.993,N
BX21-034,143.50,145.00,6.028,2.002,38.0,2.975,N
BX21-034,145.00,146.00,4.943,1.681,32.2,2.953,N
BX21-034,146.00,148.00,5.845,2.195,36.3,2.956,N
BX21-034,148.00,149.50,5.626,1.901,32.9,2.977,N
BX21-034,149.50,150.50,5.164,1.779,31.4,2.924,N
BX21-034,150.50,152.00,5.453,1.921,34.7,2.926,N
BX21-034,152.00,154.00,4.962,1.770,28.7,2.936,N
BX21-035,0.00,1.00,2.595,0.924,14.2,2.772,N
BX21-035,1.00,2.00,2.801,1.037,15.5,2.783,N
BX21-035,2.00,3.00,2.869,1.177,21.8,2.787,N
BX21-035,3.00,4.50,2.819,0.915,17.5,2.744,N
BX21-035,4.50,5.50,3.217,1.268,18.9,2.859,N
BX21-035,5.50,7.50,3.467,1.269,21.7,2.817,N
BX21-035,7.50,8.50,3.878,1.322,22.4,2.880,N
BX21-035,8.50,9.50,2.921,0.933,17.5,2.827,N
BX21-035,9.50,10.50,3.084,1.029,17.6,2.829,N
BX21-035,10.50,12.00,3.262,1.059,20.2,2.817,N
BX21-035,12.00,14.00,3.293,1.103,18.0,2.839,N
BX21-035,14.00,15.00,3.779,1.384,21.9,2.847,N
BX21-035,15.00,16.50,3.556,1.230,21.8,2.822,N
BX21-035,16.50,18.50,4.250,1.562,24.7,2.850,N
BX21-035,18.50,20.00,4.581,1.621,27.7,2.853,N
BX21-035,20.00,21.00,4.056,1.392,26.1,2.867,N
BX21-035,21.00,22.00,3.962,1.490,22.5,2.876,N
BX21-035,22.00,24.00,4.702,1.654,28.0,2.921,N
BX21-035,24.00,25.00,4.243,1.406,22.2,2.863,N
BX21-035,25.00,26.00,4.750,1.534,27.9,2.924,N
BX21-035,26.00,27.00,5.501,1.973,31.1,2.977,N
BX21-035,27.00,29.00,4.538,1.392,28.2,2.868,N
BX21-035,29.00,30.50,4.609,1.586,27.4,2.871,N
BX21-035,30.50,32.00,5.326,1.858,30.5,2.927,N
BX21-035,32.00,33.50,4.911,1.884,30.2,2.927,N
BX21-035,33.50,34.50,5.235,1.791,30.6,2.878,N
BX21-035,34.50,35.50,5.414,1.930,31.5,2.979,N
BX21-035,35.50,37.50,5.181,1.763,28.6,2.915,N
BX21-035,37.50,38.50,5.925,2.066,33.7,2.987,N
BX21-035,38.50,39.50,5.540,1.935,32.0,2.958,N
BX21-035,39.50,40.50,6.142,2.206,37.2,2.964,N
BX21-035,40.50,42.00,5.396,1.910,34.4,2.933,N
BX21-035,42.00,43.50,5.989,1.932,38.3,2.962,Y
BX21-035,43.50,45.00,5.741,2.118,33.6,3.030,N
BX21-035,45.00,46.00,5.642,1.931,33.2,2.946,N
BX21-035,46.00,47.00,6.307,2.369,39.5,3.018,N
BX21-035,47.00,48.50,6.621,2.181,38.8,3.022,N
BX21-035,48.50,49.50,5.995,2.084,36.3,2.965,N
BX21-035,49.50,51.50,6.639,2.458,35.2,3.048,N
BX21-035,51.50,53.50,6.507,2.362,38.4,2.964,N
BX21-035,53.50,54.50,5.883,1.944,34.4,2.956,N
BX21-035,54.50,56.00,6.215,2.130,35.1,2.973,N
BX21-035,56.00,57.00,7.108,2.489,41.9,3.034,N
BX21-035,57.00,58.00,6.618,2.217,39.1,3.035,N
BX21-035,58.00,59.00,6.523,2.377,38.0,3.044,N
BX21-035,59.00,61.00,6.688,2.369,39.8,3.010,N
BX21-035,61.00,62.00,7.021,2.331,44.3,3.026,N
BX21-035,62.00,63.00,6.867,2.485,39.8,3.062,N
BX21-035,63.00,65.00,7.360,2.476,40.5,3.099,N
BX21-035,65.00,66.50,7.191,2.398,43.2,3.040,N
BX21-035,66.50,68.50,7.298,2.507,44.2,3.031,N
BX21-035,68.50,70.50,7.333,2.600,40.4,3.026,N
BX21-035,70.50,72.50,7.280,2.541,43.1,3.065,N
BX21-035,72.50,73.50,7.050,2.492,39.7,3.005,N
BX21-035,73.50,75.00,7.763,2.613,44.4,3.088,N
BX21-035,75.00,76.50,8.288,2.879,47.4,3.077,N
BX21-035,76.50,77.50,8.073,2.854,47.6,3.100,N
BX21-035,77.50,79.00,7.869,2.662,49.6,3.136,N
BX21-035,79.00,81.00,7.609,2.650,43.6,3.120,N
BX21-035,81.00,82.50,7.569,2.625,45.8,3.081,N
BX21-035,82.50,84.00,8.463,3.014,50.8,3.074,N
BX21-035,84.00,86.00,8.336,2.940,49.0,3.104,N
BX21-035,86.00,88.00,7.865,2.875,47.2,3.132,N
BX21-035,88.00,89.00,7.884,2.655,46.3,3.106,N
BX21-035,89.00,90.00,8.124,2.896,46.8,3.121,N
BX21-035,90.00,92.00,8.345,2.995,49.7,3.085,N
BX21-035,92.00,93.00,8.481,2.821,52.6,3.114,N
BX21-035,93.00,94.50,8.521,2.985,48.2,3.122,N
BX21-035,94.50,95.50,8.299,3.000,52.2,3.070,N
BX21-035,95.50,97.50,8.863,2.997,51.5,3.045,N
BX21-035,97.50,99.00,8.316,2.871,51.4,3.067,N
BX21-035,99.00,100.00,8.348,2.884,49.8,3.112,N
BX21-035,100.00,101.00,8.631,3.132,51.6,3.098,N
BX21-035,101.00,103.00,8.061,2.827,47.0,3.042,N
BX21-035,103.00,105.00,8.353,2.964,48.7,3.139,N
BX21-035,105.00,106.50,8.079,2.650,48.4,3.144,N
BX21-035,106.50,107.50,7.825,2.793,43.6,3.094,N
BX21-035,107.50,109.00,8.239,2.969,48.3,3.141,N
BX21-035,109.00,110.00,8.781,2.990,50.9,3.058,N
BX21-035,110.00,112.00,8.792,3.192,54.0,3.134,N
BX21-035,112.00,113.50,7.865,2.732,47.9,3.039,N
BX21-035,113.50,114.50,8.306,3.008,50.2,3.059,N
BX21-035,114.50,115.50,8.470,3.083,47.7,3.108,N
BX21-035,115.50,116.50,8.379,3.071,48.5,3.123,N
BX21-035,116.50,117.50,7.572,2.746,47.2,3.038,N
BX21-035,117.50,118.50,8.657,3.184,53.8,3.121,N
BX21-035,118.50,119.50,8.622,3.042,48.2,3.060,N
BX21-035,119.50,121.00,7.896,2.702,44.1,3.137,N
BX21-035,121.00,122.00,8.314,2.768,48.0,3.075,N
BX21-035,122.00,123.00,8.353,2.934,47.2,3.092,N
BX21-035,123.00,125.00,8.546,3.077,49.1,3.123,N
BX21-035,125.00,126.00,8.019,2.720,49.6,3.067,N
BX21-035,126.00,127.00,8.250,2.883,50.3,3.139,N
BX21-035,127.00,128.00,8.316,2.898,51.0,3.089,N
BX21-035,128.00,129.00,7.400,2.625,48.6,3.106,N
BX21-035,129.00,130.00,8.130,2.870,48.6,3.087,N
BX21-035,130.00,131.00,7.785,2.620,48.0,3.116,N
BX21-035,131.00,132.00,7.734,2.870,46.2,3.050,N
BX21-035,132.00,133.00,7.834,2.752,44.4,3.104,N
BX21-035,133.00,135.00,8.099,2.874,46.9,3.084,N
BX21-035,135.00,136.00,7.715,2.540,44.6,3.087,N
BX21-035,136.00,137.00,8.033,2.753,48.4,3.112,N
BX21-035,137.00,138.00,6.968,2.484,38.7,3.066,N
BX21-035,138.00,140.00,6.819,2.308,39.5,3.008,N
BX21-035,140.00,141.50,7.683,2.856,51.4,3.146,N
BX21-035,141.50,142.50,7.040,2.530,41.8,3.027,N
BX21-035,142.50,143.50,7.219,2.423,40.1,3.090,N
BX21-035,143.50,145.50,7.069,2.465,45.8,3.045,N
BX21-035,145.50,147.00,6.841,2.388,42.3,3.033,N
BX21-035,147.00,148.00,6.940,2.387,39.5,3.066,N
BX21-035,148.00,150.00,6.576,2.082,38.3,3.036,N
BX21-035,150.00,151.50,6.591,2.483,37.9,3.007,N
BX21-035,151.50,152.50,6.723,2.260,37.6,2.970,N
BX21-035,152.50,153.50,6.304,2.191,36.7,3.018,N
BX21-035,153.50,154.50,6.387,2.191,35.7,2.995,N
BX21-035,154.50,155.50,6.239,2.197,39.4,2.991,N
BX21-035,155.50,157.00,6.002,1.970,35.2,2.963,N
BX21-035,157.00,158.00,5.972,2.064,31.9,3.006,N
BX21-035,158.00,160.00,5.556,2.115,28.0,2.938,N
BX21-035,160.00,162.00,6.070,2.274,38.8,2.954,N
BX21-035,162.00,163.50,6.076,2.132,34.7,2.969,N
BX21-035,163.50,165.00,5.008,1.675,31.5,2.937,N
BX21-035,165.00,166.50,5.090,1.871,29.0,2.934,N
BX21-035,166.50,167.50,4.650,1.504,29.5,2.917,N
BX21-035,167.50,169.50,5.048,1.741,32.3,2.934,N
BX21-035,169.50,171.50,5.183,1.831,28.3,2.889,N
BX21-035,171.50,173.00,4.319,1.475,25.7,2.893,N
BX21-035,173.00,174.00,4.874,1.762,30.7,2.944,N
BX21-035,174.00,175.00,4.690,1.502,27.2,2.913,N
BX21-035,175.00,177.00,5.030,1.723,29.3,2.923,N
BX21-035,177.00,178.00,4.713,1.520,29.8,2.890,N
BX21-035,178.00,180.00,4.475,1.667,21.6,2.877,N
BX21-035,180.00,181.00,4.802,1.654,28.5,2.873,N
BX21-035,181.00,182.50,4.091,1.448,24.8,2.893,N
BX21-035,182.50,183.50,4.113,1.545,21.7,2.850,N
BX21-035,183.50,185.50,4.017,1.508,25.2,2.798,N
BX21-035,185.50,187.50,4.419,1.639,26.4,2.850,N
BX21-035,187.50,188.50,3.871,1.280,24.1,2.901,N
BX21-035,188.50,189.50,3.294,1.266,21.5,2.796,N
BX21-035,189.50,191.50,3.158,1.065,17.9,2.823,N
BX21-035,191.50,192.50,3.205,1.022,18.5,2.823,N
BX21-035,192.50,194.50,2.887,0.904,17.0,2.787,N
BX21-035,194.50,195.50,3.356,1.272,21.6,2.734,N
BX21-035,195.50,196.50,3.393,1.124,19.8,2.843,N
BX21-035,196.50,197.00,2.901,1.030,20.9,2.821,N
BX21-036,0.00,1.00,0.160,0.102,0.5,2.642,N
BX21-036,1.00,2.50,0.420,0.239,0.5,2.662,N
BX21-036,2.50,3.50,0.217,0.160,0.5,2.614,N
BX21-036,3.50,4.50,0.020,0.040,1.1,2.598,N
BX21-036,4.50,6.50,0.020,0.018,0.5,2.608,Y
BX21-036,6.50,7.50,0.332,0.134,5.1,2.723,N
BX21-036,7.50,8.50,0.020,0.010,0.5,2.569,N
BX21-036,8.50,9.50,0.310,0.073,0.5,2.679,N
BX21-036,9.50,10.50,0.055,0.107,0.5,2.587,N
BX21-036,10.50,12.50,0.020,0.198,2.1,2.680,N
BX21-036,12.50,13.50,0.020,0.050,3.7,2.644,N
BX21-036,13.50,15.50,0.332,0.227,4.7,2.605,N
BX21-036,15.50,17.50,0.020,0.020,0.5,2.616,N
BX21-036,17.50,19.50,0.178,0.010,0.5,2.658,Y
BX21-036,19.50,21.50,0.020,0.110,0.5,2.625,N
BX21-036,21.50,22.50,0.208,0.078,3.3,2.644,N
BX21-036,22.50,24.50,0.457,0.010,5.0,2.645,N
BX21-036,24.50,26.50,0.020,0.213,0.8,2.608,N
BX21-036,26.50,28.50,0.306,0.053,4.4,2.641,N
BX21-036,28.50,29.50,0.341,0.072,0.8,2.616,N
BX21-036,29.50,31.50,1.315,0.600,4.7,2.696,N
BX21-036,31.50,33.00,1.294,0.589,11.0,2.706,N
BX21-036,33.00,34.50,0.161,0.010,0.5,2.600,N
BX21-036,34.50,35.50,0.786,0.171,6.5,2.660,N
BX21-036,35.50,37.50,0.159,0.010,3.5,2.626,N
BX21-036,37.50,38.50,0.610,0.297,0.9,2.674,N
BX21-036,38.50,40.50,0.285,0.017,1.0,2.608,N
BX21-036,40.50,41.50,1.112,0.463,5.8,2.677,N
BX21-036,41.50,43.50,0.433,0.150,3.8,2.690,N
BX21-036,43.50,44.50,0.381,0.044,1.4,2.642,N
BX21-036,44.50,46.00,0.827,0.150,8.8,2.708,N
BX21-036,46.00,47.50,0.750,0.229,2.6,2.620,N
BX21-036,47.50,48.50,0.753,0.293,6.1,2.622,N
BX21-036,48.50,50.00,0.532,0.193,5.5,2.669,N
BX21-036,50.00,51.00,0.713,0.356,5.3,2.612,N
BX21-036,51.00,52.50,0.454,0.166,0.5,2.663,N
BX21-036,52.50,54.50,1.319,0.585,6.8,2.689,N
BX21-036,54.50,55.50,0.550,0.297,1.8,2.650,N
BX21-036,55.50,56.50,0.931,0.317,7.0,2.692,N
BX21-036,56.50,58.50,0.427,0.128,2.1,2.666,N
BX21-036,58.50,60.00,0.431,0.282,3.4,2.626,N
BX21-036,60.00,62.00,1.066,0.262,2.3,2.646,N
BX21-036,62.00,63.50,0.441,0.080,5.6,2.617,N
BX21-036,63.50,64.50,0.906,0.432,0.5,2.661,N
BX21-036,64.50,65.50,0.495,0.120,2.2,2.619,N
BX21-036,65.50,66.50,0.786,0.286,4.2,2.686,Y
BX21-036,66.50,67.50,0.868,0.364,6.0,2.655,N
BX21-036,67.50,68.50,0.831,0.287,2.8,2.663,N
BX21-036,68.50,69.50,0.645,0.207,4.4,2.642,N
BX21-036,69.50,71.50,0.404,0.232,0.5,2.656,N
BX21-036,71.50,72.50,1.263,0.486,6.6,2.735,N
BX21-036,72.50,73.50,1.031,0.361,9.1,2.663,N
BX21-036,73.50,75.50,0.960,0.380,6.9,2.703,N
BX21-036,75.50,77.50,0.959,0.365,8.4,2.742,N
BX21-036,77.50,79.50,0.965,0.330,5.4,2.676,N
BX21-036,79.50,81.50,0.990,0.338,7.4,2.706,N
BX21-036,81.50,82.50,0.911,0.318,4.5,2.690,N
BX21-036,82.50,83.50,0.794,0.415,6.3,2.642,N
BX21-036,83.50,84.50,1.274,0.456,11.0,2.693,N
BX21-036,84.50,85.50,1.515,0.642,8.8,2.743,Y
BX21-036,85.50,87.00,0.617,0.274,3.5,2.668,N
BX21-036,87.00,88.00,0.702,0.079,5.9,2.656,N
BX21-036,88.00,89.00,1.502,0.584,8.8,2.710,N
BX21-036,89.00,90.00,0.735,0.284,7.1,2.651,N
BX21-036,90.00,91.50,0.763,0.549,1.2,2.648,N
BX21-036,91.50,93.00,1.384,0.566,7.0,2.703,N
BX21-036,93.00,94.00,0.327,0.240,3.0,2.593,N
BX21-036,94.00,96.00,1.227,0.394,6.3,2.696,N
BX21-036,96.00,97.00,1.086,0.218,6.3,2.651,N
BX21-036,97.00,98.00,1.342,0.586,11.6,2.663,N
BX21-036,98.00,100.00,1.228,0.422,6.1,2.615,N
BX21-036,100.00,101.00,1.221,0.527,6.7,2.656,N
BX21-036,101.00,102.00,1.425,0.467,11.0,2.670,N
BX21-036,102.00,103.00,0.730,0.256,0.9,2.642,N
BX21-036,103.00,104.00,1.158,0.442,6.1,2.649,N
BX21-036,104.00,106.00,1.649,0.613,11.5,2.670,N
BX21-036,106.00,107.00,1.646,0.550,9.4,2.690,N
BX21-036,107.00,108.50,1.411,0.434,8.1,2.721,N
BX21-036,108.50,109.50,1.288,0.391,9.0,2.700,N
BX21-036,109.50,111.00,1.464,0.644,11.5,2.695,N
BX21-036,111.00,113.00,2.034,0.440,12.1,2.743,N
BX21-036,113.00,114.00,1.699,0.692,10.0,2.713,N
BX21-036,114.00,115.00,1.952,0.712,13.1,2.754,N
BX21-036,115.00,116.00,2.419,0.633,13.7,2.781,N
BX21-036,116.00,117.00,1.745,0.580,11.5,2.734,N
BX21-036,117.00,118.00,1.805,0.605,9.0,2.750,N
BX21-036,118.00,119.00,2.114,0.712,13.2,2.754,N
BX21-036,119.00,120.50,1.521,0.640,15.1,2.780,N
BX21-036,120.50,122.00,1.550,0.346,11.2,2.739,N
BX21-036,122.00,123.00,1.843,0.940,7.5,2.735,N
BX21-036,123.00,125.00,1.722,0.562,10.8,2.736,N
BX21-036,125.00,126.00,1.391,0.271,8.5,2.718,N
BX21-036,126.00,127.00,1.403,0.454,10.8,2.699,N
BX21-036,127.00,128.50,1.769,0.629,10.8,2.770,N
BX21-036,128.50,129.50,2.095,0.779,14.3,2.713,N
BX21-036,129.50,131.50,1.962,0.685,11.7,2.769,N
BX21-036,131.50,133.50,2.222,0.654,13.2,2.755,N
BX21-036,133.50,135.00,2.204,0.667,10.8,2.746,N
BX21-036,135.00,137.00,2.534,0.822,14.1,2.771,N
BX21-036,137.00,138.00,2.922,1.068,17.8,2.791,N
BX21-036,138.00,139.00,3.113,1.172,20.7,2.781,Y
BX21-036,139.00,140.00,2.813,1.089,16.9,2.812,N
BX21-036,140.00,141.00,3.002,0.871,17.4,2.803,N
BX21-036,141.00,142.00,2.542,0.898,16.0,2.749,N
BX21-036,142.00,143.50,3.004,1.028,18.9,2.784,N
BX21-036,143.50,145.00,2.591,0.880,20.0,2.806,N
BX21-036,145.00,147.00,2.867,0.907,17.1,2.768,N
BX21-036,147.00,148.50,3.084,1.137,17.6,2.821,Y
BX21-036,148.50,150.00,3.144,1.000,19.5,2.818,N
BX21-036,150.00,151.50,3.157,1.044,17.9,2.795,N
BX21-036,151.50,152.50,3.020,1.086,17.3,2.784,N
BX21-036,152.50,154.00,3.236,1.211,20.6,2.810,N
BX21-036,154.00,156.00,3.032,0.943,20.3,2.808,N
BX21-036,156.00,157.00,3.365,1.179,18.1,2.778,N
BX21-036,157.00,159.00,3.257,1.272,20.6,2.791,Y
BX21-036,159.00,161.00,3.483,1.302,23.0,2.787,N
BX21-036,161.00,163.00,3.691,1.360,25.1,2.898,N
BX21-036,163.00,164.00,3.693,1.425,21.3,2.803,N
BX21-036,164.00,166.00,3.498,1.206,23.0,2.830,N
BX21-036,166.00,167.50,3.511,1.253,19.0,2.822,N
BX21-036,167.50,168.50,3.400,1.191,19.9,2.778,N
BX21-036,168.50,169.50,3.442,1.443,20.0,2.783,N
BX21-036,169.50,170.50,3.534,1.194,18.8,2.886,N
BX21-036,170.50,171.50,3.662,1.025,22.0,2.870,N
BX21-036,171.50,172.50,2.859,1.055,17.0,2.803,N
BX21-036,172.50,174.00,3.500,1.236,22.0,2.819,N
BX21-036,174.00,176.00,4.268,1.436,28.3,2.836,N
BX21-037,0.00,1.00,0.020,0.010,3.1,2.573,N
BX21-037,1.00,2.50,0.060,0.101,0.5,2.631,N
BX21-037,2.50,4.50,0.020,0.144,0.5,2.622,N
BX21-037,4.50,5.50,0.131,0.116,0.7,2.619,N
BX21-037,5.50,6.50,0.020,0.010,0.5,2.627,N
BX21-037,6.50,8.00,0.029,0.159,0.5,2.684,N
BX21-037,8.00,9.00,0.264,0.165,3.4,2.604,N
BX21-037,9.00,10.00,0.020,0.010,0.5,2.606,N
BX21-037,10.00,12.00,0.140,0.021,0.5,2.610,N
BX21-037,12.00,13.00,0.020,0.010,0.5,2.627,N
BX21-037,13.00,14.50,0.020,0.010,1.2,2.620,N
BX21-037,14.50,16.50,0.020,0.010,1.2,2.607,N
BX21-037,16.50,17.50,0.020,0.010,1.7,2.607,N
BX21-037,17.50,18.50,0.632,0.225,3.1,2.626,N
BX21-037,18.50,20.50,0.075,0.010,1.2,2.631,N
BX21-037,20.50,21.50,0.391,0.010,0.5,2.629,N
BX21-037,21.50,22.50,0.089,0.231,0.5,2.654,Y
BX21-037,22.50,23.50,0.381,0.139,2.9,2.627,N
BX21-037,23.50,24.50,0.202,0.116,3.9,2.639,N
BX21-037,24.50,25.50,0.020,0.010,0.5,2.628,N
BX21-037,25.50,26.50,0.020,0.086,1.8,2.660,N
BX21-037,26.50,27.50,0.354,0.076,0.5,2.609,N
BX21-037,27.50,28.50,0.020,0.010,0.5,2.611,N
BX21-037,28.50,29.50,0.199,0.010,0.5,2.616,N
BX21-037,29.50,30.50,0.160,0.010,1.1,2.667,N
BX21-037,30.50,31.50,0.087,0.010,0.5,2.633,Y
BX21-037,31.50,32.50,0.190,0.137,2.7,2.607,N
BX21-037,32.50,34.00,0.032,0.065,0.5,2.621,N
BX21-037,34.00,35.00,0.130,0.283,0.5,2.643,N
BX21-037,35.00,36.00,0.505,0.089,2.5,2.653,N
BX21-037,36.00,37.00,0.262,0.112,1.9,2.663,N
BX21-037,37.00,38.00,0.376,0.187,6.5,2.651,N
BX21-037,38.00,39.00,0.020,0.010,1.0,2.610,N
BX21-037,39.00,40.50,0.535,0.213,1.7,2.641,N
BX21-037,40.50,42.50,1.153,0.529,5.2,2.700,N
BX21-037,42.50,43.50,0.461,0.159,2.8,2.603,N
BX21-037,43.50,44.50,0.627,0.296,1.5,2.693,N
BX21-037,44.50,46.00,0.020,0.126,3.6,2.644,N
BX21-037,46.00,47.00,0.784,0.103,3.2,2.678,N
BX21-037,47.00,48.00,0.571,0.305,4.6,2.693,N
BX21-037,48.00,49.00,0.491,0.158,5.2,2.608,N
BX21-037,49.00,50.50,0.298,0.151,2.5,2.678,N
BX21-037,50.50,52.50,0.817,0.431,0.8,2.707,N
BX21-037,52.50,54.50,0.172,0.010,4.9,2.595,N
BX21-037,54.50,55.50,0.239,0.026,0.5,2.641,N
BX21-037,55.50,56.50,0.713,0.352,5.8,2.681,N
BX21-037,56.50,57.50,0.020,0.093,0.5,2.609,N
BX21-037,57.50,59.50,0.332,0.088,0.8,2.661,N
BX21-037,59.50,60.50,0.418,0.118,3.9,2.658,N
BX21-037,60.50,62.50,0.352,0.068,0.5,2.601,N
BX21-037,62.50,63.50,0.711,0.403,5.1,2.632,N
BX21-037,63.50,65.50,0.498,0.245,3.0,2.681,N
BX21-037,65.50,67.00,0.609,0.126,6.8,2.627,N
BX21-037,67.00,68.00,0.067,0.067,3.1,2.654,N
BX21-037,68.00,69.00,0.226,0.043,1.4,2.666,N
BX21-037,69.00,70.00,0.748,0.527,3.4,2.674,N
BX21-037,70.00,71.00,0.761,0.283,8.4,2.690,N
BX21-037,71.00,72.00,1.012,0.296,10.7,2.699,N
BX21-037,72.00,73.50,0.235,0.297,3.2,2.603,N
BX21-037,73.50,75.50,0.910,0.536,5.7,2.663,N
BX21-037,75.50,76.50,0.652,0.277,3.6,2.671,N
BX21-037,76.50,78.00,0.804,0.143,3.0,2.621,N
BX21-037,78.00,79.00,0.952,0.259,4.1,2.661,N
BX21-037,79.00,80.00,0.213,0.134,2.1,2.648,N
BX21-037,80.00,81.00,1.271,0.444,3.5,2.702,N
BX21-037,81.00,82.00,1.763,0.532,11.1,2.726,N
BX21-037,82.00,84.00,0.607,0.076,2.3,2.700,N
BX21-037,84.00,85.00,1.156,0.501,6.3,2.715,N
BX21-037,85.00,87.00,1.557,0.544,9.8,2.647,Y
BX21-037,87.00,88.00,1.733,0.461,11.2,2.698,N
BX21-037,88.00,90.00,0.820,0.480,6.8,2.691,N
BX21-037,90.00,91.50,1.117,0.333,8.0,2.726,N
BX21-037,91.50,93.50,0.983,0.301,6.0,2.720,N
BX21-037,93.50,95.00,1.480,0.575,4.6,2.708,N
BX21-037,95.00,96.50,1.088,0.332,7.7,2.709,N
BX21-037,96.50,97.50,1.770,0.643,12.2,2.702,N
BX21-037,97.50,98.50,2.080,0.886,12.5,2.770,Y
BX21-037,98.50,99.50,1.964,0.518,12.3,2.776,N
BX21-037,99.50,100.50,1.603,0.349,7.4,2.656,N
BX21-037,100.50,102.00,1.640,0.846,7.8,2.703,N
BX21-037,102.00,103.50,1.933,0.731,8.3,2.739,N
BX21-037,103.50,104.50,2.342,0.880,14.1,2.765,N
BX21-037,104.50,106.50,2.331,0.703,12.9,2.739,N
BX21-037,106.50,108.50,2.428,0.853,16.6,2.786,N
BX21-037,108.50,109.50,2.022,0.757,11.6,2.775,N
BX21-037,109.50,111.50,2.395,0.979,17.3,2.763,N
BX21-037,111.50,112.50,3.059,1.177,16.5,2.797,N
BX21-037,112.50,113.50,2.285,0.743,14.2,2.677,N
BX21-037,113.50,114.50,3.332,1.126,19.4,2.787,N
BX21-037,114.50,115.50,3.290,1.098,17.8,2.809,N
BX21-037,115.50,117.00,3.051,1.139,21.4,2.807,N
BX21-037,117.00,118.50,3.757,1.409,18.8,2.851,N
BX21-037,118.50,119.50,3.113,1.078,16.3,2.789,N
BX21-037,119.50,121.50,2.732,0.883,16.5,2.809,N
BX21-037,121.50,122.50,2.761,1.098,16.2,2.783,N
BX21-037,122.50,124.50,3.435,1.316,21.9,2.823,N
BX21-037,124.50,125.50,3.928,1.334,24.8,2.807,N
BX21-037,125.50,126.50,3.659,1.406,26.3,2.833,N
BX21-037,126.50,128.00,4.097,1.314,24.0,2.896,N
BX21-037,128.00,130.00,3.235,1.107,15.1,2.818,N
BX21-037,130.00,131.00,3.849,1.182,23.3,2.850,N
BX21-037,131.00,133.00,4.675,1.800,25.4,2.859,N
BX21-037,133.00,135.00,4.482,1.421,28.7,2.915,N
BX21-037,135.00,137.00,4.621,1.537,27.9,2.844,N
BX21-037,137.00,138.50,4.855,1.784,30.8,2.978,N
BX21-037,138.50,140.50,5.385,2.056,30.2,2.993,N
BX21-037,140.50,141.50,5.321,1.783,30.5,2.909,N
BX21-037,141.50,143.50,5.585,2.010,32.4,2.931,N
BX21-037,143.50,145.00,5.983,2.044,33.5,2.955,N
BX21-037,145.00,147.00,5.053,1.632,29.7,2.934,N
BX21-037,147.00,148.00,5.723,1.987,35.9,2.930,N
BX21-037,148.00,149.00,5.781,1.941,37.0,2.948,N
BX21-037,149.00,151.00,5.773,2.029,35.6,2.949,N
BX21-037,151.00,152.00,6.588,2.319,39.1,3.034,N
BX21-037,152.00,154.00,6.666,2.243,43.7,2.963,N
BX21-037,154.00,155.00,6.352,2.319,35.4,3.054,N
BX21-037,155.00,156.50,6.458,2.155,39.9,3.020,N
BX21-037,156.50,158.50,6.706,2.398,40.5,2.999,N
BX21-037,158.50,160.50,6.945,2.281,44.5,2.993,N
BX21-037,160.50,161.50,7.470,2.535,40.2,3.020,N
BX21-037,161.50,162.50,6.859,2.389,40.2,3.018,N
BX21-037,162.50,163.50,6.741,2.373,38.0,3.013,N
BX21-037,163.50,164.50,7.102,2.557,42.2,3.026,N
BX21-037,164.50,165.50,6.973,2.564,41.8,3.045,N
BX21-037,165.50,166.50,6.458,2.271,41.5,2.953,N
BX21-037,166.50,168.00,7.718,2.746,49.1,3.080,N
BX21-037,168.00,169.00,7.168,2.580,42.5,3.080,N
BX21-037,169.00,170.00,7.053,2.294,42.4,3.057,N
BX21-037,170.00,171.00,6.805,2.373,41.8,3.028,N
BX21-037,171.00,173.00,7.958,2.758,49.0,3.114,N
BX21-037,173.00,174.50,7.931,2.705,49.5,3.091,N
BX21-037,174.50,176.00,7.660,2.594,45.5,3.093,N
BX21-037,176.00,177.00,7.933,2.796,48.9,3.036,N
BX21-037,177.00,178.00,8.070,2.629,50.9,3.107,N
BX21-037,178.00,179.00,8.381,2.783,49.7,3.114,N
BX21-037,179.00,181.00,8.158,2.910,50.8,3.084,N
BX21-037,181.00,182.00,8.005,2.657,50.1,3.135,N
BX21-037,182.00,183.00,8.262,2.882,45.5,3.175,N
BX21-037,183.00,185.00,8.097,2.787,51.7,3.024,N
BX21-037,185.00,186.50,7.604,2.568,47.2,3.062,N
BX21-037,186.50,187.50,8.032,2.912,50.3,3.067,N
BX21-037,187.50,189.00,8.924,2.953,49.4,3.079,N
BX21-037,189.00,190.50,8.696,3.005,49.3,3.099,N
BX21-037,190.50,191.50,8.705,3.081,53.0,3.148,N
BX21-037,191.50,192.50,8.533,3.147,50.4,3.084,N
BX21-037,192.50,194.00,8.767,3.031,53.3,3.096,N
BX21-037,194.00,196.00,8.837,3.079,48.7,3.120,N
BX21-037,196.00,197.00,8.516,2.907,53.1,3.111,N
BX21-037,197.00,198.00,8.795,3.137,52.0,3.093,N
BX21-037,198.00,200.00,8.639,2.977,50.4,3.090,N
BX21-037,200.00,201.00,8.616,2.951,49.6,3.048,Y
BX21-037,201.00,203.00,7.756,2.631,44.6,3.073,N
BX21-037,203.00,204.50,7.914,2.815,48.8,3.114,N
BX21-037,204.50,206.00,8.166,2.749,48.3,3.086,N
BX21-037,206.00,207.00,8.639,3.195,50.7,3.112,Y
BX21-037,207.00,208.50,8.434,3.135,49.6,3.113,N
BX21-037,208.50,209.50,8.864,3.027,52.9,3.114,N
BX21-037,209.50,210.50,8.821,2.761,53.9,3.094,N
BX21-037,210.50,211.50,8.380,2.877,53.3,3.101,N
BX21-037,211.50,213.00,7.779,2.668,50.7,3.049,N
BX21-037,213.00,214.00,8.116,2.724,52.7,3.142,N
BX21-037,214.00,215.00,8.481,2.856,51.9,3.066,N
BX21-037,215.00,216.00,7.761,2.604,45.8,3.128,N
BX21-037,216.00,218.00,7.902,2.807,50.3,3.094,N
BX21-037,218.00,219.00,7.527,2.630,42.6,3.082,N
BX21-037,219.00,220.00,7.166,2.548,40.5,3.070,N
BX21-037,220.00,221.50,7.990,2.823,49.1,3.154,N
BX21-037,221.50,223.50,7.926,2.834,50.5,3.076,N
BX21-037,223.50,225.00,7.170,2.517,44.8,3.060,N
BX21-037,225.00,226.00,7.467,2.666,48.3,3.081,N
BX21-037,226.00,228.00,7.455,2.545,43.3,3.080,N
BX21-037,228.00,229.50,6.998,2.511,43.3,3.061,N
BX21-037,229.50,231.50,6.793,2.420,42.6,3.027,N
BX21-037,231.50,233.50,7.192,2.816,41.3,3.043,N
BX21-037,233.50,234.50,7.133,2.511,41.7,2.999,N
BX21-037,234.50,235.50,6.860,2.338,40.5,3.046,N
BX21-037,235.50,236.50,6.857,2.423,43.2,3.067,N
BX21-037,236.50,237.50,6.336,2.391,41.4,2.984,N
BX21-037,237.50,239.00,6.607,2.255,40.2,3.022,N
BX21-037,239.00,241.00,7.294,2.700,47.2,3.076,N
BX21-037,241.00,242.50,6.779,2.329,42.3,3.011,Y
BX21-037,242.50,243.50,5.802,2.119,35.4,3.002,N
BX21-037,243.50,244.50,5.873,2.226,35.7,2.961,N
BX21-037,244.50,245.50,4.832,1.550,32.1,2.932,N
BX21-037,245.50,247.00,6.063,2.139,37.2,2.932,N
BX21-037,247.00,249.00,5.310,1.721,32.3,2.949,N
BX21-037,249.00,250.50,4.839,1.839,26.8,2.915,N
BX21-037,250.50,251.50,5.747,2.044,33.5,3.030,N
BX21-037,251.50,252.50,5.182,1.811,29.2,2.962,N
BX21-037,252.50,254.00,5.042,1.718,29.1,2.927,N
BX21-037,254.00,256.00,5.550,1.762,32.5,2.965,N
BX21-037,256.00,258.00,4.920,1.472,29.8,2.891,N
BX21-037,258.00,259.00,4.767,1.569,26.5,2.837,N
BX21-037,259.00,260.00,3.802,1.318,21.9,2.835,N
BX21-037,260.00,261.00,4.517,1.734,25.9,2.936,N
BX21-037,261.00,263.00,4.443,1.593,29.3,2.927,N
BX21-037,263.00,264.00,4.732,1.554,29.1,2.880,N
BX21-037,264.00,265.50,3.997,1.323,23.5,2.895,N
BX21-037,265.50,266.50,4.268,1.620,30.7,2.896,N
BX21-037,266.50,267.50,3.229,1.013,19.6,2.797,N
BX21-037,267.50,269.00,3.604,1.136,23.2,2.865,N
BX21-037,269.00,271.00,3.366,1.119,21.9,2.783,N
BX21-037,271.00,272.00,3.448,1.140,23.8,2.829,N
BX21-037,272.00,273.50,3.308,1.057,21.9,2.824,N
BX21-037,273.50,275.50,3.039,0.900,15.4,2.778,N
BX21-037,275.50,277.50,3.143,1.030,19.0,2.793,N
BX21-037,277.50,279.00,3.072,1.187,21.8,2.858,N
BX21-037,279.00,280.00,3.141,1.181,17.7,2.783,N
BX21-037,280.00,282.00,2.647,0.909,13.7,2.743,N
BX21-037,282.00,284.00,2.925,0.775,18.3,2.837,N
BX21-037,284.00,286.00,2.440,0.810,15.1,2.742,N
BX21-037,286.00,287.50,2.653,0.903,11.8,2.753,N
BX21-037,287.50,288.50,2.337,0.615,13.2,2.755,N
BX21-037,288.50,289.50,2.309,0.817,14.1,2.792,Y
BX21-037,289.50,291.00,1.821,0.559,10.0,2.791,N
BX21-037,291.00,293.00,1.872,0.604,13.5,2.733,N
BX21-037,293.00,294.00,2.025,0.613,10.9,2.734,N
BX21-037,294.00,296.00,1.740,0.602,14.4,2.715,N
BX21-037,296.00,297.00,1.862,0.728,8.7,2.748,N
BX21-037,297.00,299.00,1.516,0.469,8.8,2.680,N
BX21-037,299.00,301.00,1.331,0.377,9.1,2.693,N
BX21-037,301.00,302.00,2.087,0.883,12.2,2.755,N
BX21-037,302.00,303.00,0.925,0.330,9.9,2.647,N
BX21-037,303.00,304.00,1.175,0.496,7.5,2.722,N
BX21-037,304.00,305.00,1.866,0.563,7.7,2.769,N
BX21-038,0.00,1.50,0.020,0.137,0.5,2.585,N
BX21-038,1.50,2.50,0.321,0.170,2.8,2.622,N
BX21-038,2.50,4.50,0.103,0.091,0.5,2.605,N
BX21-038,4.50,6.00,0.034,0.140,0.5,2.571,N
BX21-038,6.00,7.50,0.020,0.010,0.5,2.635,N
BX21-038,7.50,9.00,0.020,0.010,0.5,2.567,N
BX21-038,9.00,10.00,0.020,0.218,2.4,2.634,N
BX21-038,10.00,11.50,0.024,0.111,0.5,2.626,N
BX21-038,11.50,13.50,0.150,0.010,0.6,2.609,N
BX21-038,13.50,14.50,0.020,0.010,2.3,2.629,N
BX21-038,14.50,16.50,0.419,0.063,2.6,2.663,N
BX21-038,16.50,17.50,0.020,0.077,0.5,2.583,N
BX21-038,17.50,19.50,0.233,0.010,3.3,2.650,N
BX21-038,19.50,21.50,0.020,0.010,0.5,2.596,N
BX21-038,21.50,22.50,0.079,0.163,0.5,2.665,N
BX21-038,22.50,23.50,0.020,0.026,0.5,2.596,N
BX21-038,23.50,24.50,0.143,0.193,0.7,2.651,N
BX21-038,24.50,25.50,0.020,0.010,2.9,2.573,N
BX21-038,25.50,27.00,0.020,0.010,0.5,2.618,N
BX21-038,27.00,28.00,0.020,0.010,0.9,2.647,N
BX21-038,28.00,29.00,0.020,0.010,0.5,2.599,N
BX21-038,29.00,30.50,0.020,0.107,1.5,2.637,N
BX21-038,30.50,31.50,0.020,0.010,2.1,2.619,N
BX21-038,31.50,32.50,0.020,0.026,0.5,2.570,N
BX21-038,32.50,33.50,0.020,0.010,2.5,2.619,N
BX21-038,33.50,35.00,0.149,0.013,0.5,2.679,N
BX21-038,35.00,36.00,0.080,0.010,1.1,2.586,N
BX21-038,36.00,37.00,0.232,0.191,1.2,2.637,N
BX21-038,37.00,39.00,0.280,0.225,3.9,2.669,N
BX21-038,39.00,41.00,0.020,0.010,2.5,2.622,N
BX21-038,41.00,42.50,0.020,0.010,0.5,2.620,N
BX21-038,42.50,43.50,0.020,0.010,0.5,2.590,N
BX21-038,43.50,44.50,0.020,0.018,0.5,2.613,N
BX21-038,44.50,46.50,0.020,0.010,0.5,2.622,N
BX21-038,46.50,47.50,0.185,0.169,3.6,2.638,N
BX21-038,47.50,48.50,0.020,0.010,0.8,2.642,N
BX21-038,48.50,49.50,0.821,0.172,4.4,2.651,N
BX21-038,49.50,50.50,0.020,0.010,0.5,2.617,N
BX21-038,50.50,52.00,0.020,0.010,0.5,2.614,N
BX21-038,52.00,53.00,0.241,0.010,2.7,2.593,N
BX21-038,53.00,55.00,0.020,0.010,0.5,2.696,N
BX21-038,55.00,57.00,0.020,0.116,0.5,2.566,N
BX21-038,57.00,58.50,0.020,0.010,0.5,2.576,N
BX21-038,58.50,59.50,0.020,0.010,0.5,2.667,N
BX21-038,59.50,60.50,0.208,0.032,2.7,2.587,N
BX21-038,60.50,61.50,0.020,0.010,0.5,2.623,N
BX21-038,61.50,63.00,0.020,0.010,0.5,2.632,N
BX21-038,63.00,64.00,0.481,0.123,1.0,2.641,N
BX21-038,64.00,66.00,0.020,0.043,1.1,2.619,N
BX21-038,66.00,68.00,0.522,0.230,5.2,2.609,N
BX21-038,68.00,70.00,0.020,0.010,3.8,2.574,N
BX21-038,70.00,72.00,0.163,0.010,2.3,2.640,N
BX21-038,72.00,73.00,0.020,0.010,0.5,2.633,N
BX21-038,73.00,75.00,0.020,0.014,0.5,2.608,N
BX21-038,75.00,76.50,0.020,0.012,1.8,2.599,N
BX21-038,76.50,78.50,0.035,0.035,0.5,2.627,N
BX21-038,78.50,80.50,0.020,0.087,0.5,2.639,N
BX21-038,80.50,82.50,0.020,0.066,0.7,2.630,N
BX21-038,82.50,84.00,0.256,0.010,1.0,2.685,N
BX21-038,84.00,85.00,0.330,0.090,2.9,2.665,N
BX21-038,85.00,86.00,0.020,0.239,1.5,2.613,N
BX21-038,86.00,87.00,0.247,0.149,3.8,2.606,N
BX21-038,87.00,89.00,0.020,0.010,1.3,2.648,N
BX21-038,89.00,90.50,0.051,0.063,0.5,2.572,N
BX21-038,90.50,91.50,0.020,0.010,1.3,2.614,N
BX21-038,91.50,93.50,0.020,0.010,0.5,2.642,N
BX21-038,93.50,94.50,0.020,0.075,2.2,2.578,N
BX21-038,94.50,96.00,0.020,0.083,3.3,2.622,N
BX21-038,96.00,97.50,0.020,0.010,1.0,2.585,N
BX21-038,97.50,99.50,0.044,0.010,3.8,2.578,N
BX21-038,99.50,101.50,0.020,0.010,6.4,2.595,N
BX21-038,101.50,103.00,0.071,0.179,0.5,2.621,N
BX21-038,103.00,104.00,0.020,0.091,0.5,2.603,N
BX21-038,104.00,105.50,0.020,0.112,3.2,2.590,N
BX21-038,105.50,107.50,0.342,0.010,1.3,2.673,N
BX21-038,107.50,109.50,0.020,0.010,0.5,2.593,N
BX21-038,109.50,110.50,0.020,0.010,0.5,2.606,N
BX21-038,110.50,111.50,0.020,0.119,2.7,2.617,N
BX21-038,111.50,112.50,0.020,0.044,4.1,2.644,N
BX21-038,112.50,114.00,0.020,0.101,2.1,2.597,N
BX21-038,114.00,115.50,0.020,0.035,3.9,2.637,N
BX21-038,115.50,117.50,0.020,0.010,1.3,2.616,N
BX21-038,117.50,118.50,0.552,0.285,4.1,2.660,N
BX21-038,118.50,119.50,0.385,0.010,4.3,2.612,N
BX21-038,119.50,121.00,0.230,0.118,0.5,2.689,N
BX21-038,121.00,122.00,0.148,0.142,0.5,2.630,N
BX21-038,122.00,123.50,0.020,0.010,1.5,2.620,N
BX21-038,123.50,124.50,0.309,0.247,3.9,2.673,N
BX21-038,124.50,126.00,0.020,0.010,0.5,2.584,N
BX21-038,126.00,127.00,0.020,0.010,2.5,2.634,N
BX21-038,127.00,129.00,0.424,0.132,5.3,2.638,N
BX21-038,129.00,130.00,0.078,0.154,3.6,2.650,N
BX21-038,130.00,131.50,0.425,0.160,2.5,2.651,N
BX21-038,131.50,133.00,0.261,0.184,2.1,2.664,N
BX21-038,133.00,135.00,0.020,0.039,0.5,2.632,N
BX21-038,135.00,137.00,0.188,0.065,1.8,2.617,N
BX21-038,137.00,138.50,0.146,0.010,1.4,2.621,N
BX21-038,138.50,140.00,0.273,0.275,6.6,2.591,N
BX21-038,140.00,141.50,0.020,0.021,2.9,2.604,N
BX21-038,141.50,143.50,0.020,0.015,1.6,2.623,N
BX21-038,143.50,144.50,0.020,0.065,2.0,2.572,N
BX21-038,144.50,146.50,0.441,0.259,1.0,2.692,N
BX21-038,146.50,147.50,0.020,0.010,0.5,2.626,N
BX21-038,147.50,149.50,0.020,0.203,0.5,2.634,N
BX21-038,149.50,150.50,0.586,0.034,4.4,2.662,N
BX21-038,150.50,151.50,0.142,0.036,0.5,2.617,N
BX21-038,151.50,152.50,0.020,0.010,1.4,2.564,N
BX21-038,152.50,153.50,0.020,0.013,0.5,2.637,N
BX21-038,153.50,155.00,0.020,0.010,0.5,2.612,N
BX21-038,155.00,156.00,0.020,0.010,0.5,2.641,Y
BX21-038,156.00,157.00,0.307,0.132,2.2,2.618,N
BX21-038,157.00,158.50,0.020,0.036,0.5,2.618,N
BX21-038,158.50,159.50,0.364,0.149,1.2,2.696,N
BX21-038,159.50,161.50,0.194,0.128,1.6,2.637,N
BX21-038,161.50,162.50,0.566,0.097,4.5,2.673,N
BX21-038,162.50,164.50,0.020,0.010,0.5,2.591,N
BX21-038,164.50,165.50,0.210,0.172,1.3,2.668,N
BX21-038,165.50,166.50,0.020,0.141,0.5,2.616,N
BX21-038,166.50,167.50,0.126,0.010,0.5,2.630,N
BX21-038,167.50,168.50,0.225,0.010,2.0,2.670,N
BX21-038,168.50,169.50,0.149,0.156,0.5,2.648,N
BX21-038,169.50,170.50,0.020,0.170,0.5,2.633,N
BX21-038,170.50,171.50,0.331,0.195,3.3,2.649,N
BX21-038,171.50,173.50,0.366,0.277,1.5,2.663,N
BX21-038,173.50,174.50,0.020,0.010,0.5,2.595,N
BX21-038,174.50,176.50,0.261,0.012,5.3,2.648,N
BX21-038,176.50,177.50,0.270,0.010,0.5,2.615,N
BX21-038,177.50,179.50,0.020,0.065,0.5,2.626,N
BX21-038,179.50,181.50,0.020,0.035,0.5,2.570,N
BX21-038,181.50,182.50,0.089,0.010,1.6,2.639,N
BX21-038,182.50,183.50,0.470,0.032,3.7,2.661,N
BX21-038,183.50,184.50,0.046,0.078,0.5,2.617,N
BX21-038,184.50,185.50,0.027,0.030,0.5,2.643,N
BX21-038,185.50,187.00,0.020,0.055,0.5,2.621,N
BX21-038,187.00,189.00,0.020,0.051,1.3,2.647,N
BX21-038,189.00,190.00,0.020,0.010,1.5,2.603,N
BX21-038,190.00,191.00,0.020,0.047,0.5,2.595,N
BX21-038,191.00,192.50,0.022,0.069,0.5,2.653,N
BX21-038,192.50,193.50,0.020,0.010,1.9,2.594,N
BX21-038,193.50,194.50,0.020,0.027,2.1,2.647,N
BX21-038,194.50,196.50,0.035,0.195,2.3,2.608,N
BX21-038,196.50,197.50,0.020,0.017,1.7,2.646,N
BX21-038,197.50,198.50,0.020,0.010,2.8,2.599,N
BX21-038,198.50,199.50,0.170,0.010,0.5,2.680,N
BX21-038,199.50,200.00,0.020,0.076,0.5,2.650,N
BX21-039,0.00,2.00,0.020,0.010,0.5,2.547,N
BX21-039,2.00,4.00,0.102,0.010,0.5,2.680,N
BX21-039,4.00,6.00,0.540,0.157,0.7,2.646,N
BX21-039,6.00,7.50,0.081,0.067,0.5,2.611,N
BX21-039,7.50,9.50,0.020,0.010,0.5,2.659,N
BX21-039,9.50,10.50,0.020,0.010,0.5,2.638,N
BX21-039,10.50,12.50,0.154,0.220,0.5,2.677,N
BX21-039,12.50,14.00,0.414,0.108,1.5,2.669,N
BX21-039,14.00,15.00,0.020,0.024,0.5,2.582,N
BX21-039,15.00,16.00,0.193,0.164,5.9,2.647,N
BX21-039,16.00,17.00,0.020,0.034,0.5,2.605,N
BX21-039,17.00,18.50,0.020,0.063,0.5,2.605,N
BX21-039,18.50,20.50,0.197,0.010,2.3,2.661,N
BX21-039,20.50,21.50,0.020,0.066,2.6,2.682,N
BX21-039,21.50,23.50,0.020,0.010,0.5,2.661,N
BX21-039,23.50,25.00,0.298,0.266,1.5,2.603,N
BX21-039,25.00,26.00,0.421,0.263,1.5,2.573,N
BX21-039,26.00,28.00,0.020,0.010,0.5,2.672,N
BX21-039,28.00,29.00,0.020,0.194,0.5,2.608,N
BX21-039,29.00,30.50,0.020,0.010,1.1,2.651,N
BX21-039,30.50,32.50,0.020,0.126,0.5,2.628,N
BX21-039,32.50,34.00,0.056,0.090,0.5,2.605,N
BX21-039,34.00,35.00,0.238,0.011,3.7,2.600,N
BX21-039,35.00,36.50,0.091,0.241,1.8,2.630,N
BX21-039,36.50,37.50,0.167,0.010,1.8,2.646,N
BX21-039,37.50,39.50,0.139,0.010,0.5,2.602,N
BX21-039,39.50,40.50,0.234,0.040,2.5,2.643,N
BX21-039,40.50,41.50,0.020,0.084,0.5,2.607,N
BX21-039,41.50,42.50,0.020,0.057,0.5,2.656,N
BX21-039,42.50,44.50,0.148,0.010,0.5,2.643,N
BX21-039,44.50,45.50,0.114,0.010,0.5,2.631,N
BX21-039,45.50,47.00,0.020,0.219,0.5,2.628,N
BX21-039,47.00,48.00,0.121,0.032,2.8,2.605,N
BX21-039,48.00,49.00,0.020,0.010,0.5,2.596,N
BX21-039,49.00,50.00,0.020,0.010,0.5,2.615,N
BX21-039,50.00,51.00,0.465,0.145,0.9,2.678,N
BX21-039,51.00,52.50,0.020,0.010,0.5,2.606,N
BX21-039,52.50,54.50,0.271,0.047,0.5,2.656,N
BX21-039,54.50,56.00,0.020,0.124,0.5,2.606,N
BX21-039,56.00,57.00,0.020,0.283,0.5,2.630,N
BX21-039,57.00,59.00,0.171,0.107,1.1,2.623,N
BX21-039,59.00,61.00,0.020,0.010,3.0,2.569,N
BX21-039,61.00,62.00,0.266,0.065,0.5,2.650,N
BX21-039,62.00,63.00,0.020,0.010,1.4,2.603,N
BX21-039,63.00,64.00,0.679,0.376,5.6,2.666,N
BX21-039,64.00,65.50,0.243,0.039,0.5,2.602,N
BX21-039,65.50,66.50,0.378,0.069,3.3,2.623,N
BX21-039,66.50,67.50,0.020,0.068,0.5,2.586,N
BX21-039,67.50,68.50,0.216,0.010,2.5,2.591,N
BX21-039,68.50,70.50,0.020,0.020,0.5,2.621,N
BX21-039,70.50,72.50,0.351,0.198,1.7,2.600,N
BX21-039,72.50,73.50,0.020,0.076,0.5,2.617,N
BX21-039,73.50,74.50,0.638,0.304,4.7,2.630,N
BX21-039,74.50,75.50,0.020,0.010,0.9,2.621,N
BX21-039,75.50,76.50,0.059,0.196,0.5,2.635,N
BX21-039,76.50,77.50,0.020,0.056,3.7,2.632,N
BX21-039,77.50,78.50,0.020,0.010,3.8,2.667,N
BX21-039,78.50,80.50,0.020,0.010,4.2,2.591,N
BX21-039,80.50,82.50,0.212,0.060,0.5,2.608,N
BX21-039,82.50,84.00,0.490,0.158,4.8,2.592,N
BX21-039,84.00,85.00,0.020,0.010,0.5,2.620,N
BX21-039,85.00,86.50,0.020,0.010,0.5,2.612,N
BX21-039,86.50,87.50,0.020,0.034,0.5,2.586,N
BX21-039,87.50,89.50,0.064,0.113,0.8,2.616,N
BX21-039,89.50,91.00,0.020,0.010,0.9,2.606,N
BX21-039,91.00,93.00,0.020,0.096,1.3,2.591,N
BX21-039,93.00,94.00,0.053,0.067,1.2,2.644,Y
BX21-039,94.00,95.00,0.020,0.010,1.1,2.558,N
BX21-039,95.00,97.00,0.203,0.132,0.8,2.588,N
BX21-039,97.00,98.00,0.020,0.064,4.3,2.586,N
BX21-039,98.00,99.00,0.020,0.010,3.2,2.662,N
BX21-039,99.00,100.00,0.020,0.010,0.5,2.551,N
BX21-039,100.00,101.50,0.344,0.208,1.1,2.654,N
BX21-039,101.50,102.50,0.058,0.047,0.5,2.622,N
BX21-039,102.50,103.50,0.130,0.225,0.5,2.637,N
BX21-039,103.50,104.50,0.020,0.180,0.5,2.603,N
BX21-039,104.50,106.50,0.020,0.010,2.8,2.558,N
BX21-039,106.50,108.50,0.271,0.074,0.5,2.620,N
BX21-039,108.50,109.50,0.152,0.119,3.6,2.672,N
BX21-039,109.50,111.00,0.020,0.119,0.5,2.666,N
BX21-039,111.00,112.50,0.020,0.010,0.5,2.668,N
BX21-039,112.50,113.50,0.286,0.010,2.7,2.630,N
BX21-039,113.50,114.50,0.045,0.010,0.5,2.639,N
BX21-039,114.50,116.50,0.020,0.010,0.5,2.613,N
BX21-039,116.50,117.50,0.027,0.010,1.5,2.615,N
BX21-039,117.50,119.00,0.020,0.010,0.5,2.646,N
BX21-039,119.00,120.00,0.093,0.130,0.8,2.659,N
BX21-039,120.00,121.00,0.165,0.132,0.5,2.631,N
BX21-039,121.00,122.00,0.020,0.059,0.5,2.637,N
BX21-039,122.00,123.00,0.163,0.010,0.5,2.562,N
BX21-039,123.00,124.50,0.020,0.035,3.5,2.592,N
BX21-039,124.50,126.00,0.020,0.045,0.5,2.635,N
BX21-039,126.00,127.00,0.107,0.069,0.5,2.656,N
BX21-039,127.00,128.00,0.297,0.051,0.5,2.626,N
BX21-039,128.00,129.00,0.020,0.061,0.5,2.656,N
BX21-039,129.00,131.00,0.097,0.260,0.5,2.620,N
BX21-039,131.00,133.00,0.033,0.092,0.5,2.618,N
BX21-039,133.00,134.00,0.092,0.360,2.3,2.619,N
BX21-039,134.00,136.00,0.020,0.010,0.5,2.651,N
BX21-039,136.00,137.50,0.454,0.072,2.8,2.612,N
BX21-039,137.50,139.00,0.291,0.010,1.2,2.634,N
BX21-039,139.00,140.00,0.778,0.250,3.7,2.704,N
BX21-039,140.00,141.00,0.220,0.010,1.2,2.613,N
BX21-039,141.00,142.00,0.020,0.053,0.5,2.606,N
BX21-039,142.00,144.00,0.162,0.121,0.5,2.647,N
BX21-039,144.00,145.00,0.445,0.182,4.1,2.631,Y
BX21-039,145.00,146.50,0.554,0.196,4.0,2.582,N
BX21-039,146.50,148.00,0.667,0.066,5.0,2.681,N
BX21-039,148.00,149.50,0.563,0.284,0.5,2.675,N
BX21-039,149.50,150.50,0.311,0.265,1.5,2.644,N
BX21-039,150.50,152.50,0.388,0.417,7.4,2.618,N
BX21-039,152.50,153.50,0.020,0.015,1.3,2.626,N
BX21-039,153.50,155.50,0.020,0.090,0.5,2.672,N
BX21-039,155.50,157.50,0.460,0.010,4.2,2.617,N
BX21-039,157.50,158.50,0.020,0.010,0.5,2.641,N
BX21-039,158.50,160.50,0.461,0.010,4.4,2.651,N
BX21-039,160.50,161.50,0.374,0.223,2.4,2.611,N
BX21-039,161.50,163.00,0.564,0.196,1.4,2.694,N
BX21-039,163.00,164.00,0.447,0.131,0.5,2.668,N
BX21-039,164.00,165.50,0.136,0.043,0.5,2.641,N
BX21-039,165.50,167.00,0.565,0.187,1.4,2.587,N
BX21-039,167.00,168.50,0.671,0.010,7.3,2.636,N
BX21-039,168.50,169.50,1.125,0.258,7.1,2.660,N
BX21-039,169.50,171.50,0.252,0.081,1.8,2.637,N
BX21-039,171.50,173.00,0.852,0.278,4.4,2.619,N
BX21-039,173.00,174.50,0.385,0.114,2.9,2.611,N
BX21-039,174.50,176.00,0.066,0.010,2.6,2.611,N
BX21-039,176.00,177.00,0.872,0.467,4.4,2.686,N
BX21-039,177.00,178.00,0.429,0.010,0.5,2.648,N
BX21-039,178.00,179.00,0.537,0.151,5.1,2.676,N
BX21-039,179.00,180.00,1.602,0.444,11.9,2.718,N
BX21-039,180.00,181.50,0.661,0.143,3.3,2.630,N
BX21-039,181.50,182.50,1.284,0.451,7.4,2.685,N
BX21-039,182.50,183.50,1.406,0.502,9.1,2.743,N
BX21-039,183.50,185.00,1.239,0.396,8.3,2.685,N
BX21-039,185.00,186.50,1.630,0.712,9.5,2.657,N
BX21-039,186.50,187.50,0.958,0.430,8.3,2.733,N
BX21-039,187.50,189.50,1.749,0.534,8.9,2.712,N
BX21-039,189.50,190.50,1.573,0.548,8.9,2.742,N
BX21-039,190.50,191.50,1.621,0.542,8.4,2.679,N
BX21-039,191.50,192.50,2.011,0.670,11.9,2.787,N
BX21-039,192.50,193.50,1.418,0.387,7.8,2.750,N
BX21-039,193.50,194.50,1.737,0.559,9.8,2.706,N
BX21-039,194.50,196.50,1.829,0.615,12.2,2.804,N
BX21-039,196.50,198.00,1.456,0.586,9.2,2.703,N
BX21-039,198.00,199.00,2.156,0.692,10.2,2.747,N
BX21-039,199.00,200.00,2.174,0.846,13.3,2.769,N
BX21-040,0.00,1.50,0.213,0.032,0.5,2.651,N
BX21-040,1.50,3.50,0.295,0.010,0.9,2.665,N
BX21-040,3.50,5.50,0.020,0.040,0.5,2.655,N
BX21-040,5.50,7.00,0.020,0.010,0.5,2.625,N
BX21-040,7.00,8.00,0.020,0.010,1.8,2.654,N
BX21-040,8.00,10.00,0.099,0.010,1.3,2.606,N
BX21-040,10.00,12.00,0.338,0.223,0.5,2.649,N
BX21-040,12.00,13.50,0.020,0.010,0.5,2.598,N
BX21-040,13.50,15.00,0.020,0.071,1.2,2.640,N
BX21-040,15.00,17.00,0.159,0.074,0.5,2.664,N
BX21-040,17.00,19.00,0.020,0.010,2.1,2.610,N
BX21-040,19.00,20.00,0.020,0.010,0.5,2.625,N
BX21-040,20.00,21.00,0.020,0.010,0.5,2.606,N
BX21-040,21.00,22.00,0.020,0.125,0.5,2.571,N
BX21-040,22.00,23.00,0.123,0.025,0.7,2.599,N
BX21-040,23.00,24.00,0.020,0.010,0.6,2.625,N
BX21-040,24.00,25.00,0.020,0.010,2.4,2.598,N
BX21-040,25.00,26.00,0.645,0.340,8.6,2.682,N
BX21-040,26.00,27.00,0.778,0.195,3.4,2.654,N
BX21-040,27.00,28.00,0.270,0.010,5.4,2.629,N
BX21-040,28.00,29.50,0.020,0.096,0.5,2.654,N
BX21-040,29.50,30.50,0.605,0.258,0.5,2.678,N
BX21-040,30.50,32.00,0.020,0.075,0.5,2.601,N
BX21-040,32.00,33.00,0.020,0.046,0.9,2.655,N
BX21-040,33.00,35.00,0.020,0.116,5.0,2.620,N
BX21-040,35.00,36.50,0.677,0.349,6.6,2.700,N
BX21-040,36.50,37.50,0.020,0.094,1.6,2.625,N
BX21-040,37.50,39.00,0.250,0.018,3.7,2.671,N
BX21-040,39.00,40.00,0.794,0.337,7.9,2.623,N
BX21-040,40.00,41.00,0.301,0.177,3.0,2.617,N
BX21-040,41.00,42.00,0.020,0.082,0.5,2.635,N
BX21-040,42.00,43.00,0.020,0.044,0.5,2.616,N
BX21-040,43.00,44.00,0.020,0.056,0.5,2.635,N
BX21-040,44.00,45.50,0.020,0.162,0.5,2.628,N
BX21-040,45.50,46.50,0.020,0.010,2.9,2.625,N
BX21-040,46.50,48.00,0.020,0.010,1.1,2.584,N
BX21-040,48.00,50.00,0.020,0.010,0.5,2.579,N
BX21-040,50.00,52.00,0.205,0.104,1.3,2.704,N
BX21-040,52.00,54.00,0.020,0.010,0.5,2.568,N
BX21-040,54.00,55.50,0.020,0.130,1.2,2.642,N
BX21-040,55.50,57.50,0.020,0.010,0.5,2.613,N
BX21-040,57.50,59.50,0.244,0.010,3.2,2.653,N
BX21-040,59.50,61.00,0.482,0.052,5.0,2.585,N
BX21-040,61.00,62.50,0.020,0.012,1.4,2.629,N
BX21-040,62.50,63.50,0.114,0.010,3.3,2.640,N
BX21-040,63.50,65.50,0.020,0.015,1.3,2.616,N
BX21-040,65.50,66.50,0.104,0.010,0.8,2.636,N
BX21-040,66.50,67.50,0.020,0.010,1.0,2.658,N
BX21-040,67.50,68.50,0.114,0.010,0.9,2.560,N
BX21-040,68.50,70.00,0.020,0.055,2.6,2.621,N
BX21-040,70.00,71.50,0.020,0.010,0.5,2.609,N
BX21-040,71.50,73.00,0.020,0.216,4.1,2.646,N
BX21-040,73.00,74.50,0.020,0.085,1.2,2.614,N
BX21-040,74.50,75.50,0.379,0.263,2.5,2.688,N
BX21-040,75.50,77.50,0.134,0.010,1.2,2.619,N
BX21-040,77.50,79.00,0.359,0.109,1.2,2.706,N
BX21-040,79.00,80.00,0.020,0.100,0.5,2.629,N
BX21-040,80.00,82.00,0.020,0.010,0.5,2.642,N
BX21-040,82.00,83.50,0.026,0.112,0.5,2.564,N
BX21-040,83.50,85.00,0.020,0.138,1.2,2.614,N
BX21-040,85.00,86.00,0.309,0.010,7.3,2.643,N
BX21-040,86.00,87.50,0.020,0.014,1.5,2.564,N
BX21-040,87.50,89.00,0.173,0.097,2.3,2.604,N
BX21-040,89.00,90.50,0.470,0.218,0.5,2.662,N
BX21-040,90.50,92.50,0.490,0.097,1.7,2.645,N
BX21-040,92.50,93.50,0.020,0.010,0.6,2.625,N
BX21-040,93.50,95.50,0.379,0.222,3.9,2.606,N
BX21-040,95.50,96.50,0.020,0.010,0.5,2.597,N
BX21-040,96.50,98.50,0.631,0.276,2.2,2.636,N
BX21-040,98.50,99.50,0.020,0.048,0.5,2.646,N
BX21-040,99.50,101.00,0.167,0.225,1.6,2.584,N
BX21-040,101.00,102.00,0.020,0.010,2.0,2.648,N
BX21-040,102.00,103.00,0.332,0.282,2.3,2.621,N
BX21-040,103.00,104.00,0.020,0.010,0.9,2.616,N
BX21-040,104.00,105.50,0.020,0.010,0.5,2.638,N
BX21-040,105.50,106.50,0.179,0.010,3.1,2.597,N
BX21-040,106.50,107.50,0.020,0.010,0.5,2.610,N
BX21-040,107.50,108.50,0.020,0.010,0.5,2.584,N
BX21-040,108.50,109.50,0.020,0.010,3.8,2.601,N
BX21-040,109.50,110.50,0.170,0.010,0.8,2.597,N
BX21-040,110.50,112.00,0.133,0.077,0.6,2.597,N
BX21-040,112.00,113.00,0.020,0.046,0.5,2.569,N
BX21-040,113.00,114.00,0.323,0.163,0.6,2.647,N
BX21-040,114.00,116.00,0.020,0.010,2.0,2.618,N
BX21-040,116.00,117.50,0.725,0.324,3.9,2.652,N
BX21-040,117.50,119.00,0.020,0.032,0.5,2.588,N
BX21-040,119.00,120.00,0.020,0.016,0.5,2.618,N
BX21-040,120.00,121.00,0.576,0.104,5.3,2.654,N
BX21-040,121.00,122.00,0.020,0.010,1.6,2.596,N
BX21-040,122.00,123.50,0.020,0.014,0.7,2.660,N
BX21-040,123.50,124.50,0.287,0.010,5.6,2.648,N
BX21-040,124.50,126.00,0.020,0.231,0.5,2.607,N
BX21-040,126.00,127.00,0.020,0.010,0.9,2.594,N
BX21-040,127.00,128.00,0.338,0.181,1.1,2.595,N
BX21-040,128.00,129.50,0.252,0.148,1.2,2.676,N
BX21-040,129.50,130.50,0.020,0.010,0.5,2.603,N
BX21-040,130.50,132.50,0.020,0.081,1.3,2.657,N
BX21-040,132.50,134.00,0.020,0.010,3.2,2.629,N
BX21-040,134.00,135.00,0.020,0.010,0.5,2.587,N
BX21-040,135.00,136.00,0.177,0.206,0.5,2.636,N
BX21-040,136.00,137.00,0.020,0.066,3.5,2.655,N
BX21-040,137.00,138.00,0.344,0.081,6.2,2.651,N
BX21-040,138.00,139.00,0.230,0.127,2.2,2.652,N
BX21-040,139.00,140.00,0.189,0.164,2.3,2.644,N
BX21-040,140.00,141.50,0.020,0.010,0.5,2.565,N
BX21-040,141.50,143.00,0.020,0.104,2.0,2.630,N
BX21-040,143.00,145.00,0.020,0.025,0.5,2.596,N
BX21-040,145.00,146.50,0.474,0.194,0.8,2.651,N
BX21-040,146.50,148.50,0.020,0.040,0.5,2.612,N
BX21-040,148.50,150.50,0.020,0.010,0.5,2.653,N
BX21-040,150.50,152.00,0.098,0.074,1.7,2.704,N
BX21-040,152.00,154.00,0.256,0.091,0.5,2.625,N
BX21-040,154.00,155.00,0.020,0.010,2.0,2.587,N
BX21-040,155.00,156.50,0.020,0.018,1.4,2.639,N
BX21-040,156.50,157.50,0.020,0.028,0.5,2.636,N
BX21-040,157.50,159.50,0.151,0.025,1.6,2.576,N
BX21-040,159.50,161.50,0.020,0.051,1.7,2.726,N
BX21-040,161.50,163.00,0.738,0.285,3.0,2.706,N
BX21-040,163.00,164.00,0.020,0.142,2.5,2.626,N
BX21-040,164.00,166.00,0.303,0.097,3.3,2.671,N
BX21-040,166.00,167.00,0.045,0.010,0.5,2.563,N
BX21-040,167.00,168.00,0.020,0.010,0.5,2.607,N
BX21-040,168.00,169.50,0.348,0.087,6.0,2.672,N
BX21-040,169.50,171.50,0.341,0.081,1.9,2.594,N
BX21-040,171.50,173.00,0.020,0.010,1.1,2.575,N
BX21-040,173.00,174.00,0.149,0.010,0.5,2.636,N
BX21-040,174.00,176.00,0.126,0.010,0.5,2.600,N
BX21-040,176.00,177.50,0.373,0.010,0.5,2.643,N
BX21-040,177.50,179.50,0.020,0.010,0.5,2.630,N
BX21-040,179.50,180.50,0.069,0.197,2.1,2.621,N
BX21-040,180.50,181.50,0.254,0.131,5.0,2.631,N
BX21-040,181.50,182.50,0.020,0.241,1.6,2.638,N
BX21-040,182.50,184.00,0.020,0.086,1.0,2.640,N
BX21-040,184.00,185.50,0.020,0.071,0.5,2.594,N
BX21-040,185.50,186.50,0.020,0.050,0.5,2.604,N
BX21-040,186.50,188.50,0.081,0.049,0.6,2.601,N
BX21-040,188.50,190.50,0.020,0.049,0.5,2.662,N
BX21-040,190.50,191.50,0.512,0.166,6.3,2.681,N
BX21-040,191.50,192.50,0.020,0.010,0.5,2.650,N
BX21-040,192.50,194.50,0.310,0.100,1.1,2.630,N
BX21-040,194.50,195.50,0.046,0.030,2.6,2.624,N
BX21-040,195.50,197.50,0.020,0.015,1.2,2.634,N
BX21-040,197.50,199.50,0.020,0.010,0.5,2.645,N
BX21-040,199.50,200.50,0.020,0.075,0.9,2.611,N
BX21-040,200.50,201.00,0.183,0.010,0.5,2.606,N
BX22-041,0.00,2.00,0.102,0.055,0.5,2.642,N
BX22-041,2.00,4.00,0.996,0.290,5.4,2.684,N
BX22-041,4.00,5.00,1.161,0.179,10.7,2.679,N
BX22-041,5.00,6.00,0.842,0.242,2.2,2.634,N
BX22-041,6.00,7.50,0.447,0.318,8.0,2.593,N
BX22-041,7.50,9.00,0.776,0.334,5.5,2.683,N
BX22-041,9.00,10.00,0.637,0.209,0.7,2.676,N
BX22-041,10.00,11.00,0.167,0.010,0.5,2.660,N
BX22-041,11.00,12.00,0.043,0.010,0.5,2.655,N
BX22-041,12.00,13.00,0.360,0.302,0.5,2.723,N
BX22-041,13.00,14.00,0.613,0.238,4.3,2.636,N
BX22-041,14.00,15.50,0.304,0.059,6.0,2.683,N
BX22-041,15.50,16.50,0.192,0.084,0.5,2.640,N
BX22-041,16.50,17.50,0.917,0.124,3.3,2.657,Y
BX22-041,17.50,18.50,0.057,0.068,0.5,2.617,N
BX22-041,18.50,20.00,0.020,0.010,0.5,2.601,N
BX22-041,20.00,21.00,0.020,0.010,0.5,2.610,N
BX22-041,21.00,22.00,0.181,0.033,0.9,2.546,N
BX22-041,22.00,23.00,0.373,0.111,2.4,2.661,N
BX22-041,23.00,24.00,0.318,0.132,0.5,2.636,N
BX22-041,24.00,25.00,0.020,0.202,1.8,2.655,N
BX22-041,25.00,26.00,0.020,0.010,0.6,2.665,N
BX22-041,26.00,28.00,0.590,0.301,1.3,2.663,N
BX22-041,28.00,29.00,0.423,0.010,3.2,2.631,N
BX22-041,29.00,30.50,0.217,0.010,0.5,2.690,N
BX22-041,30.50,31.50,0.084,0.010,0.5,2.648,N
BX22-041,31.50,33.00,0.020,0.085,0.5,2.609,N
BX22-041,33.00,35.00,0.681,0.272,1.7,2.664,N
BX22-041,35.00,37.00,0.855,0.322,5.1,2.650,Y
BX22-041,37.00,39.00,0.352,0.014,0.5,2.589,N
BX22-041,39.00,41.00,0.381,0.114,4.0,2.635,N
BX22-041,41.00,42.50,0.237,0.134,0.5,2.586,N
BX22-041,42.50,44.00,0.054,0.010,0.9,2.620,N
BX22-041,44.00,46.00,0.020,0.010,1.4,2.623,N
BX22-041,46.00,48.00,0.260,0.273,0.5,2.629,N
BX22-041,48.00,49.00,0.020,0.031,1.4,2.643,N
BX22-041,49.00,51.00,0.151,0.028,0.8,2.557,N
BX22-041,51.00,52.50,0.020,0.041,1.4,2.602,N
BX22-041,52.50,54.00,0.020,0.136,0.9,2.633,N
BX22-041,54.00,55.50,0.238,0.037,0.5,2.584,N
BX22-041,55.50,57.50,0.596,0.053,0.5,2.652,N
BX22-041,57.50,58.50,0.058,0.010,2.6,2.601,N
BX22-041,58.50,60.50,0.020,0.010,0.5,2.608,N
BX22-041,60.50,61.50,0.020,0.274,3.7,2.657,N
BX22-041,61.50,62.50,0.070,0.081,0.5,2.640,N
BX22-041,62.50,64.50,0.103,0.010,0.6,2.595,N
BX22-041,64.50,66.50,0.322,0.243,3.6,2.638,Y
BX22-041,66.50,68.50,0.020,0.010,0.5,2.576,N
BX22-041,68.50,70.00,0.020,0.051,2.6,2.640,N
BX22-041,70.00,71.00,0.020,0.099,0.5,2.628,Y
BX22-041,71.00,72.00,0.020,0.119,0.5,2.614,N
BX22-041,72.00,73.00,0.020,0.035,0.5,2.642,N
BX22-041,73.00,74.00,0.020,0.242,0.5,2.609,N
BX22-041,74.00,76.00,0.147,0.074,0.5,2.653,N
BX22-041,76.00,78.00,0.020,0.133,0.5,2.647,N
BX22-041,78.00,79.50,0.251,0.160,0.5,2.714,N
BX22-041,79.50,81.50,0.020,0.010,4.0,2.648,N
BX22-041,81.50,83.50,0.357,0.085,3.4,2.631,N
BX22-041,83.50,85.00,0.020,0.010,1.8,2.627,N
BX22-041,85.00,86.00,0.065,0.165,0.5,2.636,N
BX22-041,86.00,87.50,0.020,0.010,0.5,2.586,N
BX22-041,87.50,89.50,0.020,0.010,0.8,2.614,N
BX22-041,89.50,91.00,0.020,0.041,0.5,2.638,N
BX22-041,91.00,93.00,0.020,0.035,1.3,2.679,N
BX22-041,93.00,94.00,0.020,0.010,0.5,2.658,N
BX22-041,94.00,95.00,0.020,0.010,0.5,2.641,N
BX22-041,95.00,97.00,0.022,0.010,0.5,2.625,N
BX22-041,97.00,98.50,0.116,0.122,1.4,2.618,N
BX22-041,98.50,99.50,0.248,0.040,3.6,2.609,N
BX22-041,99.50,101.00,0.020,0.045,0.8,2.603,N
BX22-041,101.00,102.50,0.615,0.259,6.9,2.608,N
BX22-041,102.50,104.00,0.020,0.030,0.5,2.595,N
BX22-041,104.00,105.00,0.251,0.102,3.4,2.622,N
BX22-041,105.00,106.00,0.020,0.010,2.3,2.627,N
BX22-041,106.00,108.00,0.220,0.133,1.0,2.617,N
BX22-041,108.00,109.50,0.223,0.208,2.0,2.709,N
BX22-041,109.50,111.50,0.020,0.053,2.3,2.640,N
BX22-041,111.50,113.00,0.055,0.010,2.6,2.608,N
BX22-041,113.00,114.00,0.148,0.061,4.0,2.611,N
BX22-041,114.00,115.00,0.050,0.086,2.6,2.660,N
BX22-041,115.00,116.00,0.020,0.010,0.5,2.704,Y
BX22-041,116.00,118.00,0.020,0.010,0.5,2.648,Y
BX22-041,118.00,119.00,0.806,0.326,5.3,2.686,N
BX22-041,119.00,121.00,0.474,0.136,3.8,2.650,N
BX22-041,121.00,122.00,0.309,0.136,2.3,2.627,N
BX22-041,122.00,123.00,0.020,0.155,1.7,2.627,N
BX22-041,123.00,124.00,0.370,0.245,1.1,2.627,N
BX22-041,124.00,126.00,0.020,0.010,0.5,2.631,N
BX22-041,126.00,127.00,0.020,0.010,1.3,2.609,N
BX22-042,0.00,1.00,2.358,0.884,13.0,2.779,N
BX22-042,1.00,2.00,3.376,1.189,19.8,2.806,N
BX22-042,2.00,3.50,2.706,1.079,13.2,2.745,N
BX22-042,3.50,5.00,2.014,0.812,10.5,2.764,N
BX22-042,5.00,6.00,2.818,1.216,16.5,2.812,N
BX22-042,6.00,7.50,2.582,0.933,18.1,2.796,N
BX22-042,7.50,8.50,1.846,0.487,11.6,2.771,N
BX22-042,8.50,9.50,2.240,0.801,16.2,2.772,N
BX22-042,9.50,11.50,2.105,0.865,10.4,2.782,N
BX22-042,11.50,12.50,2.119,0.640,13.3,2.694,N
BX22-042,12.50,14.50,2.049,0.673,14.4,2.750,N
BX22-042,14.50,16.50,1.223,0.312,6.9,2.678,N
BX22-042,16.50,17.50,1.054,0.318,6.4,2.638,N
BX22-042,17.50,19.50,2.072,0.787,13.5,2.744,N
BX22-042,19.50,21.50,1.673,0.476,9.2,2.686,N
BX22-042,21.50,22.50,1.303,0.482,7.5,2.671,N
BX22-042,22.50,23.50,1.933,0.620,8.6,2.707,N
BX22-042,23.50,24.50,1.106,0.403,8.1,2.670,N
BX22-042,24.50,26.00,1.002,0.406,6.3,2.692,N
BX22-042,26.00,27.00,0.811,0.171,5.5,2.642,Y
BX22-042,27.00,28.50,0.699,0.274,7.1,2.654,N
BX22-042,28.50,29.50,0.947,0.470,6.6,2.706,N
BX22-042,29.50,30.50,2.273,0.861,16.7,2.710,N
BX22-042,30.50,32.00,1.032,0.212,2.1,2.661,N
BX22-042,32.00,34.00,0.987,0.527,6.5,2.685,N
BX22-042,34.00,36.00,0.642,0.444,4.5,2.653,N
BX22-042,36.00,37.50,0.518,0.293,3.2,2.619,N
BX22-042,37.50,39.00,1.031,0.242,9.9,2.650,N
BX22-042,39.00,41.00,0.938,0.432,3.0,2.668,N
BX22-042,41.00,42.00,0.291,0.010,0.5,2.638,N
BX22-042,42.00,44.00,0.894,0.427,7.0,2.644,N
BX22-042,44.00,45.00,0.525,0.245,4.3,2.658,N
BX22-042,45.00,47.00,1.201,0.428,6.9,2.671,N
BX22-042,47.00,48.00,0.683,0.317,3.2,2.633,N
BX22-042,48.00,49.00,0.609,0.308,4.2,2.696,N
BX22-042,49.00,51.00,0.390,0.111,0.8,2.699,N
BX22-042,51.00,53.00,0.306,0.057,0.5,2.587,N
BX22-042,53.00,54.50,0.736,0.387,3.4,2.671,N
BX22-042,54.50,56.50,0.578,0.144,5.1,2.628,Y
BX22-042,56.50,58.50,0.580,0.357,3.2,2.652,N
BX22-042,58.50,59.50,0.346,0.206,3.5,2.635,Y
BX22-042,59.50,61.00,0.156,0.010,3.2,2.705,N
BX22-042,61.00,62.50,0.081,0.027,0.5,2.576,N
BX22-042,62.50,64.50,0.020,0.160,0.5,2.672,N
BX22-042,64.50,65.50,0.020,0.010,0.5,2.559,N
BX22-042,65.50,66.50,0.162,0.030,0.5,2.577,N
BX22-042,66.50,68.50,0.824,0.292,2.0,2.685,N
BX22-042,68.50,70.50,0.020,0.079,1.6,2.666,N
BX22-042,70.50,71.50,0.020,0.010,1.3,2.618,N
BX22-042,71.50,72.50,0.619,0.262,3.2,2.672,N
BX22-042,72.50,74.50,0.020,0.010,0.5,2.576,N
BX22-042,74.50,76.00,0.470,0.110,2.3,2.637,N
BX22-042,76.00,78.00,0.020,0.172,0.5,2.601,N
BX22-042,78.00,79.00,0.604,0.158,0.6,2.693,N
BX22-042,79.00,80.00,0.027,0.010,3.7,2.620,N
BX22-042,80.00,81.00,0.335,0.101,4.6,2.690,N
BX22-042,81.00,82.50,0.249,0.160,0.5,2.654,N
BX22-042,82.50,83.50,0.133,0.017,0.8,2.601,N
BX22-042,83.50,85.50,0.020,0.010,0.9,2.579,N
BX22-042,85.50,87.50,0.195,0.010,5.3,2.645,N
BX22-042,87.50,88.50,0.020,0.078,0.5,2.650,N
BX22-042,88.50,89.50,0.287,0.197,1.6,2.657,N
BX22-042,89.50,90.50,0.020,0.010,0.5,2.603,N
BX22-042,90.50,91.50,0.020,0.043,0.5,2.706,Y
BX22-042,91.50,93.50,0.020,0.010,3.6,2.611,N
BX22-042,93.50,95.50,0.183,0.081,0.7,2.597,N
BX22-042,95.50,97.00,0.020,0.010,1.3,2.596,N
BX22-042,97.00,99.00,0.020,0.010,1.9,2.569,N
BX22-042,99.00,100.00,0.020,0.070,0.5,2.606,Y
BX22-042,100.00,102.00,0.020,0.016,0.5,2.618,N
BX22-042,102.00,103.50,0.364,0.097,4.4,2.647,N
BX22-042,103.50,105.50,0.071,0.091,0.5,2.593,N
BX22-042,105.50,106.50,0.020,0.010,2.1,2.617,N
BX22-042,106.50,107.50,0.020,0.105,0.5,2.590,N
BX22-042,107.50,108.50,0.275,0.010,1.6,2.615,N
BX22-042,108.50,110.50,0.168,0.113,2.3,2.622,N
BX22-042,110.50,112.00,0.020,0.010,0.5,2.661,N
BX22-042,112.00,113.50,0.020,0.010,0.5,2.615,N
BX22-042,113.50,115.00,0.156,0.115,2.9,2.648,N
BX22-042,115.00,117.00,0.246,0.173,0.8,2.627,N
BX22-042,117.00,118.50,0.517,0.303,2.1,2.640,N
BX22-042,118.50,120.00,0.356,0.153,0.9,2.682,N
BX22-042,120.00,122.00,0.020,0.010,0.5,2.645,N
BX22-042,122.00,124.00,0.020,0.093,0.5,2.596,N
BX22-042,124.00,125.50,0.302,0.039,2.9,2.710,N
BX22-042,125.50,126.50,0.020,0.010,0.5,2.565,N
BX22-042,126.50,127.50,0.020,0.016,2.4,2.614,N
BX22-042,127.50,128.50,0.020,0.137,0.5,2.617,N
BX22-042,128.50,130.00,0.020,0.038,0.5,2.625,N
BX22-042,130.00,132.00,0.020,0.031,0.5,2.617,N
BX22-042,132.00,134.00,0.122,0.052,1.7,2.619,N
BX22-042,134.00,135.00,0.020,0.148,0.5,2.586,N
BX22-042,135.00,137.00,0.873,0.189,3.3,2.665,N
BX22-042,137.00,138.00,0.190,0.297,6.0,2.673,N
BX22-042,138.00,139.50,0.496,0.236,1.9,2.662,N
BX22-042,139.50,140.50,0.338,0.106,4.5,2.613,N
BX22-042,140.50,141.50,0.020,0.010,0.5,2.587,N
BX22-042,141.50,142.50,0.780,0.366,5.0,2.730,N
BX22-042,142.50,143.50,0.020,0.120,0.5,2.607,N
BX22-042,143.50,144.50,0.275,0.010,0.5,2.662,N
BX22-042,144.50,146.00,0.020,0.010,1.8,2.585,N
BX22-042,146.00,147.00,0.183,0.010,0.5,2.619,N
BX22-042,147.00,148.00,0.487,0.086,3.1,2.672,Y
BX22-042,148.00,149.00,0.098,0.010,0.5,2.602,N
BX22-042,149.00,150.00,0.020,0.101,0.5,2.636,N
BX22-042,150.00,151.50,0.020,0.196,0.5,2.575,N
BX22-042,151.50,152.50,0.092,0.010,0.7,2.623,N
BX22-042,152.50,153.50,0.020,0.010,0.5,2.629,N
BX22-042,153.50,154.50,0.020,0.075,2.1,2.593,N
BX22-042,154.50,156.50,0.020,0.053,1.0,2.622,N
BX22-042,156.50,157.50,0.020,0.013,1.6,2.598,N
BX22-042,157.50,158.50,0.020,0.095,0.5,2.588,N
BX22-042,158.50,159.50,0.020,0.033,2.4,2.571,N
BX22-042,159.50,161.50,0.020,0.087,0.7,2.657,N
BX22-042,161.50,162.50,0.020,0.010,0.5,2.616,N
BX22-042,162.50,163.50,0.020,0.010,0.5,2.559,N
BX22-042,163.50,164.50,0.020,0.034,6.2,2.599,N
BX22-042,164.50,165.50,0.539,0.250,3.2,2.678,N
BX22-042,165.50,166.50,0.020,0.010,0.5,2.628,N
BX22-042,166.50,167.50,0.482,0.127,1.4,2.651,N
BX22-042,167.50,169.50,0.020,0.089,0.9,2.628,Y
BX22-042,169.50,171.50,0.020,0.205,1.8,2.627,N
BX22-042,171.50,172.50,0.020,0.010,2.5,2.658,N
BX22-042,172.50,173.50,0.323,0.150,1.1,2.618,N
BX22-042,173.50,174.50,0.020,0.010,0.5,2.669,N
BX22-042,174.50,176.50,0.020,0.010,1.6,2.591,N
BX22-042,176.50,178.50,0.162,0.010,0.5,2.618,N
BX22-042,178.50,179.50,0.020,0.010,0.9,2.609,N
BX22-042,179.50,181.00,0.020,0.117,0.5,2.585,N
BX22-042,181.00,182.00,0.020,0.010,0.5,2.619,N
BX22-042,182.00,183.00,0.608,0.091,5.0,2.718,N
BX22-042,183.00,184.50,0.020,0.010,0.5,2.641,N
BX22-042,184.50,186.50,0.020,0.010,0.5,2.605,N
BX22-042,186.50,187.50,0.020,0.010,1.0,2.655,N
BX22-042,187.50,188.50,0.230,0.010,0.9,2.620,N
BX22-042,188.50,190.00,1.054,0.412,7.0,2.629,N
BX22-042,190.00,192.00,0.057,0.010,0.5,2.587,N
BX22-042,192.00,193.50,0.263,0.194,3.2,2.672,N
BX22-042,193.50,195.00,0.188,0.010,3.6,2.648,N
BX22-042,195.00,197.00,0.020,0.010,0.5,2.663,N
BX22-042,197.00,199.00,0.020,0.126,0.5,2.636,N
BX22-042,199.00,200.50,0.020,0.111,0.5,2.646,N
BX22-042,200.50,202.50,0.020,0.127,0.5,2.660,N
BX22-042,202.50,204.50,0.020,0.010,0.5,2.690,N
BX22-042,204.50,206.50,0.257,0.248,0.5,2.622,N
BX22-042,206.50,208.50,0.245,0.010,3.6,2.577,N
BX22-042,208.50,210.00,0.020,0.010,1.5,2.651,N
BX22-042,210.00,211.50,0.020,0.145,1.2,2.598,N
BX22-042,211.50,212.50,0.468,0.207,0.5,2.667,N
BX22-042,212.50,213.50,0.509,0.187,5.4,2.673,N
BX22-042,213.50,215.50,0.020,0.010,0.5,2.622,N
BX22-042,215.50,217.50,0.020,0.116,0.5,2.605,N
BX22-042,217.50,219.00,0.020,0.010,1.4,2.611,N
BX22-042,219.00,221.00,0.020,0.028,2.5,2.647,N
BX22-042,221.00,222.50,0.273,0.115,1.5,2.636,N
BX22-042,222.50,223.50,0.020,0.010,1.1,2.637,N
BX22-042,223.50,224.50,0.020,0.025,0.5,2.696,N
BX22-042,224.50,225.50,0.096,0.096,2.5,2.577,N
BX22-042,225.50,226.50,0.020,0.133,1.5,2.622,N
BX22-042,226.50,227.50,0.341,0.010,3.6,2.661,N
BX22-042,227.50,229.50,0.020,0.058,1.1,2.658,N
BX22-042,229.50,230.50,0.139,0.010,0.5,2.641,N
BX22-042,230.50,231.50,0.020,0.174,1.3,2.600,N
BX22-042,231.50,232.50,0.020,0.080,0.5,2.632,Y
BX22-042,232.50,234.00,0.159,0.022,2.5,2.635,N
BX22-042,234.00,235.00,0.410,0.233,0.5,2.653,N
BX22-042,235.00,236.00,0.515,0.225,1.4,2.714,N
BX22-042,236.00,237.00,0.020,0.010,1.6,2.640,N
BX22-042,237.00,238.50,0.604,0.171,3.6,2.675,N
BX22-042,238.50,239.50,0.020,0.112,0.5,2.606,N
BX22-042,239.50,240.50,0.609,0.301,3.8,2.725,N
BX22-042,240.50,241.50,0.172,0.010,0.5,2.655,N
BX22-042,241.50,243.50,0.169,0.010,1.9,2.641,N
BX22-042,243.50,245.50,0.020,0.049,1.3,2.628,N
BX22-042,245.50,247.00,0.523,0.108,4.5,2.680,N
BX22-042,247.00,249.00,0.385,0.187,5.4,2.639,N
BX22-042,249.00,250.00,0.020,0.010,1.0,2.599,N
BX22-042,250.00,251.50,0.657,0.241,1.1,2.695,N
BX22-042,251.50,252.50,0.020,0.035,0.5,2.613,N
BX22-042,252.50,253.50,0.772,0.243,1.5,2.684,N
BX22-042,253.50,255.50,0.426,0.010,4.6,2.628,N
BX22-042,255.50,256.50,0.164,0.082,0.7,2.647,N
BX22-042,256.50,258.50,0.217,0.010,1.5,2.649,N
BX22-042,258.50,259.50,0.205,0.050,0.5,2.511,Y
BX22-042,259.50,261.50,0.253,0.305,2.6,2.632,N
BX22-042,261.50,262.50,0.020,0.010,0.5,2.581,N
BX22-042,262.50,264.00,0.020,0.010,0.5,2.616,N
BX22-042,264.00,265.00,0.144,0.127,3.0,2.582,N
BX22-042,265.00,266.00,0.237,0.010,2.5,2.625,N
BX22-042,266.00,267.00,0.020,0.010,3.3,2.628,N
BX22-042,267.00,269.00,0.020,0.049,0.5,2.634,N
BX22-042,269.00,270.00,0.020,0.096,0.5,2.611,N
BX22-042,270.00,271.00,0.020,0.168,0.5,2.637,N
BX22-042,271.00,272.50,0.020,0.109,0.5,2.639,N
BX22-042,272.50,273.50,0.290,0.010,4.8,2.608,N
BX22-042,273.50,275.50,0.020,0.014,0.5,2.625,N
BX22-042,275.50,276.50,0.237,0.010,4.5,2.634,N
BX22-042,276.50,277.50,0.280,0.070,3.2,2.620,N
BX22-042,277.50,278.50,0.128,0.091,0.5,2.618,N
BX22-042,278.50,280.50,0.710,0.299,6.5,2.685,N
BX22-042,280.50,281.50,0.206,0.154,0.5,2.598,N
BX22-042,281.50,283.00,0.612,0.257,2.4,2.629,N
BX22-042,283.00,285.00,0.020,0.010,0.5,2.661,N
BX22-042,285.00,286.00,0.020,0.010,0.5,2.622,N
BX22-042,286.00,288.00,0.020,0.033,0.5,2.677,N
BX22-042,288.00,289.50,0.020,0.062,0.5,2.646,N
BX22-042,289.50,291.50,0.020,0.085,0.5,2.614,N
BX22-042,291.50,292.50,0.249,0.093,0.5,2.601,N
BX22-042,292.50,294.50,0.020,0.010,1.8,2.580,N
BX22-042,294.50,295.50,0.039,0.010,4.4,2.641,N
BX22-042,295.50,296.50,0.020,0.111,1.1,2.637,N
BX22-042,296.50,297.50,0.512,0.383,4.6,2.699,N
BX22-042,297.50,298.50,0.353,0.338,0.5,2.600,N
BX22-042,298.50,300.50,0.020,0.058,0.5,2.600,N
BX22-042,300.50,302.00,0.809,0.392,5.1,2.666,N
BX22-042,302.00,303.00,0.804,0.222,3.2,2.672,N
BX22-042,303.00,304.00,0.194,0.010,2.8,2.606,N
BX22-042,304.00,305.00,0.164,0.171,2.5,2.608,N
BX22-042,305.00,306.50,0.672,0.227,4.7,2.704,N
BX22-042,306.50,308.00,0.049,0.039,1.5,2.634,N
BX22-042,308.00,310.00,0.020,0.010,3.0,2.614,Y
BX22-042,310.00,312.00,0.020,0.010,0.5,2.603,Y
BX22-042,312.00,314.00,0.122,0.055,0.5,2.619,N
BX22-043,0.00,1.00,5.980,2.136,39.0,2.988,N
BX22-043,1.00,2.00,5.853,1.959,32.4,2.976,N
BX22-043,2.00,4.00,5.663,2.060,37.5,2.937,N
BX22-043,4.00,5.00,5.351,1.885,28.9,2.943,N
BX22-043,5.00,6.00,5.817,2.075,33.2,2.995,N
BX22-043,6.00,7.00,4.781,1.594,30.3,2.867,N
BX22-043,7.00,9.00,5.400,2.046,33.8,2.917,N
BX22-043,9.00,10.00,5.377,1.854,31.1,2.916,N
BX22-043,10.00,11.50,6.293,2.191,38.7,2.952,N
BX22-043,11.50,13.00,5.471,2.064,33.5,2.914,N
BX22-043,13.00,14.50,5.133,1.838,34.8,2.980,N
BX22-043,14.50,16.00,4.741,1.648,27.9,2.931,N
BX22-043,16.00,17.00,5.717,1.897,36.8,2.975,N
BX22-043,17.00,18.00,5.501,2.069,36.2,2.948,N
BX22-043,18.00,20.00,5.381,1.770,30.5,2.899,N
BX22-043,20.00,22.00,5.770,2.171,33.7,2.935,N
BX22-043,22.00,23.50,6.162,2.211,38.8,2.984,N
BX22-043,23.50,24.50,4.623,1.671,24.5,2.817,N
BX22-043,24.50,26.50,5.232,1.671,30.9,2.931,N
BX22-043,26.50,27.50,5.184,1.881,31.7,2.919,N
BX22-043,27.50,29.00,4.785,1.596,30.0,2.922,N
BX22-043,29.00,31.00,5.390,1.936,36.6,2.968,N
BX22-043,31.00,33.00,5.298,1.845,31.6,2.921,N
BX22-043,33.00,34.00,4.982,1.795,29.0,2.906,N
BX22-043,34.00,35.00,4.973,1.787,34.1,2.892,N
BX22-043,35.00,36.00,5.518,1.860,32.2,2.977,N
BX22-043,36.00,37.50,4.900,1.674,31.2,2.943,N
BX22-043,37.50,38.50,5.224,1.797,30.3,2.917,N
BX22-043,38.50,39.50,4.227,1.424,21.0,2.895,Y
BX22-043,39.50,41.00,4.502,1.573,30.3,2.883,N
BX22-043,41.00,42.00,4.949,1.817,27.7,2.876,N
BX22-043,42.00,43.50,5.340,1.934,31.4,2.958,Y
BX22-043,43.50,45.50,4.092,1.418,23.5,2.845,N
BX22-043,45.50,46.50,4.201,1.653,23.3,2.835,N
BX22-043,46.50,48.00,4.843,1.753,26.4,2.944,N
BX22-043,48.00,50.00,3.833,1.209,20.9,2.859,N
BX22-043,50.00,51.00,4.518,1.617,27.3,2.904,N
BX22-043,51.00,52.50,3.901,1.464,23.4,2.866,N
BX22-043,52.50,54.50,3.899,1.373,25.3,2.827,N
BX22-043,54.50,56.00,4.530,1.487,28.5,2.894,N
BX22-043,56.00,58.00,3.804,1.359,20.5,2.874,N
BX22-043,58.00,59.00,3.785,1.491,25.4,2.926,N
BX22-043,59.00,60.50,3.633,1.287,25.1,2.791,N
BX22-043,60.50,62.00,3.947,1.343,21.9,2.845,N
BX22-043,62.00,63.00,4.266,1.518,26.2,2.850,N
BX22-043,63.00,64.50,3.732,1.200,20.1,2.802,N
BX22-043,64.50,65.50,3.626,1.348,23.2,2.786,N
BX22-043,65.50,66.50,3.740,1.243,21.8,2.860,N
BX22-043,66.50,68.50,3.254,1.331,18.9,2.772,N
BX22-043,68.50,70.50,3.460,1.042,20.5,2.819,N
BX22-043,70.50,71.50,3.700,1.230,22.6,2.845,N
BX22-043,71.50,73.00,3.961,1.524,29.0,2.778,N
BX22-043,73.00,74.50,4.117,1.560,20.5,2.845,N
BX22-043,74.50,76.50,3.541,1.158,24.1,2.797,N
BX22-043,76.50,77.50,3.950,1.388,21.8,2.847,N
BX22-043,77.50,78.50,3.523,1.231,21.8,2.823,N
BX22-043,78.50,79.50,3.901,1.097,25.1,2.857,N
BX22-043,79.50,81.00,4.010,1.496,27.2,2.796,N
BX22-043,81.00,82.00,3.281,1.418,21.7,2.849,N
BX22-043,82.00,83.50,3.324,1.158,18.7,2.798,N
BX22-043,83.50,85.50,3.894,1.287,21.0,2.829,N
BX22-043,85.50,86.50,3.069,1.187,19.5,2.864,N
BX22-043,86.50,87.50,3.423,1.234,21.3,2.815,N
BX22-043,87.50,89.50,2.749,1.098,15.0,2.765,N
BX22-043,89.50,90.50,2.998,1.089,16.9,2.772,N
BX22-043,90.50,91.50,3.080,1.097,19.8,2.764,N
BX22-043,91.50,92.50,3.088,1.083,17.1,2.767,N
BX22-043,92.50,94.00,2.820,1.029,18.1,2.804,N
BX22-043,94.00,96.00,2.815,1.028,17.3,2.789,N
BX22-043,96.00,97.50,2.918,1.220,16.2,2.798,N
BX22-043,97.50,98.50,2.711,1.003,16.6,2.826,N
BX22-043,98.50,100.50,2.695,1.029,17.0,2.772,N
BX22-043,100.50,102.00,2.996,1.327,15.2,2.793,N
BX22-043,102.00,103.00,2.725,0.886,17.5,2.804,N
BX22-043,103.00,104.50,2.986,1.124,16.6,2.802,N
BX22-043,104.50,106.50,2.218,0.842,8.8,2.739,N
BX22-043,106.50,107.50,2.397,0.966,12.8,2.734,N
BX22-043,107.50,109.00,2.807,0.960,20.0,2.771,N
BX22-043,109.00,110.00,2.660,0.756,16.8,2.761,N
BX22-043,110.00,111.50,2.653,1.010,14.5,2.784,N
BX22-043,111.50,113.00,2.543,0.903,16.9,2.697,N
BX22-043,113.00,114.50,2.753,1.010,16.8,2.859,N
BX22-043,114.50,115.50,2.761,1.017,17.0,2.789,N
BX22-043,115.50,117.50,1.970,0.621,10.2,2.769,N
BX22-043,117.50,118.50,2.295,0.792,16.4,2.768,N
BX22-043,118.50,120.00,3.023,1.023,21.3,2.794,N
BX22-043,120.00,121.50,2.363,0.973,15.8,2.777,N
BX22-043,121.50,122.50,2.357,0.890,14.8,2.775,N
BX22-043,122.50,123.50,2.019,0.633,10.1,2.746,N
BX22-043,123.50,125.50,2.186,0.683,11.0,2.718,N
BX22-043,125.50,127.50,1.796,0.561,11.2,2.753,N
BX22-043,127.50,129.50,2.306,0.803,14.2,2.768,N
BX22-043,129.50,131.50,2.557,0.965,15.9,2.778,N
BX22-043,131.50,133.00,1.817,0.670,10.9,2.770,N
BX22-043,133.00,134.50,2.119,0.670,13.7,2.737,N
BX22-043,134.50,136.00,1.282,0.408,5.6,2.685,N
BX22-043,136.00,137.50,1.781,0.643,11.4,2.746,N
BX22-043,137.50,138.50,1.889,0.548,11.1,2.727,N
BX22-043,138.50,139.50,1.902,0.850,11.1,2.765,N
BX22-043,139.50,141.00,2.070,0.737,12.3,2.745,N
BX22-043,141.00,142.00,1.673,0.597,10.5,2.740,N
BX22-043,142.00,143.00,1.227,0.620,11.9,2.670,N
BX22-043,143.00,144.00,1.856,0.617,10.5,2.768,N
BX22-043,144.00,145.00,1.435,0.512,7.6,2.713,N
BX22-043,145.00,147.00,1.941,0.571,11.4,2.789,N
BX22-043,147.00,149.00,0.765,0.307,7.1,2.680,N
BX22-043,149.00,150.00,1.838,0.742,11.9,2.762,N
BX22-043,150.00,151.00,2.045,0.826,11.4,2.776,N
BX22-043,151.00,152.00,1.297,0.512,7.2,2.613,N
BX22-043,152.00,153.00,1.354,0.313,9.3,2.717,N
BX22-043,153.00,155.00,1.089,0.440,4.9,2.644,N
BX22-043,155.00,156.00,1.778,0.789,10.1,2.717,Y
BX22-043,156.00,158.00,1.300,0.368,6.7,2.685,N
BX22-043,158.00,159.50,1.395,0.476,10.1,2.693,N
BX22-043,159.50,161.50,2.268,0.818,14.1,2.775,N
BX22-043,161.50,162.50,1.308,0.521,5.8,2.688,N
BX22-043,162.50,163.50,1.423,0.481,7.2,2.727,N
BX22-043,163.50,164.50,2.345,0.783,12.4,2.714,N
BX22-043,164.50,165.50,1.792,0.682,10.0,2.728,N
BX22-043,165.50,167.50,0.932,0.447,4.1,2.730,N
BX22-043,167.50,169.00,1.464,0.375,10.8,2.716,N
BX22-043,169.00,170.50,0.776,0.170,1.7,2.632,Y
BX22-043,170.50,171.50,0.735,0.044,4.0,2.697,N
BX22-043,171.50,173.50,1.150,0.275,7.7,2.665,N
BX22-043,173.50,174.50,1.172,0.333,8.4,2.716,N
BX22-043,174.50,176.50,1.083,0.456,5.3,2.697,N
BX22-043,176.50,178.00,1.048,0.302,4.1,2.664,N
BX22-043,178.00,179.00,0.636,0.362,5.7,2.673,N
BX22-043,179.00,180.00,0.688,0.244,8.1,2.722,N
BX22-043,180.00,182.00,0.299,0.162,0.5,2.696,N
BX22-043,182.00,183.00,0.345,0.123,1.4,2.691,N
BX22-043,183.00,184.00,0.597,0.142,1.5,2.706,N
BX22-043,184.00,185.00,0.678,0.214,3.2,2.662,N
BX22-043,185.00,187.00,0.645,0.230,5.3,2.674,N
BX22-043,187.00,188.00,0.523,0.102,3.5,2.649,N
BX22-043,188.00,189.50,1.306,0.386,10.2,2.648,N
BX22-043,189.50,190.50,0.605,0.298,3.8,2.707,N
BX22-043,190.50,192.00,0.096,0.010,1.6,2.632,N
BX22-043,192.00,193.00,0.833,0.541,7.1,2.670,N
BX22-043,193.00,195.00,1.104,0.330,4.9,2.697,Y
BX22-043,195.00,196.00,0.850,0.339,4.6,2.685,N
BX22-043,196.00,197.50,0.733,0.122,7.7,2.676,N
BX22-043,197.50,199.50,0.417,0.169,2.8,2.646,N
BX22-043,199.50,200.50,0.791,0.352,7.7,2.652,N
BX22-043,200.50,202.50,0.629,0.324,3.5,2.633,N
BX22-043,202.50,203.50,0.767,0.068,5.4,2.669,N
BX22-043,203.50,204.50,1.141,0.335,4.6,2.706,N
BX22-043,204.50,205.50,0.493,0.272,6.4,2.650,N
BX22-043,205.50,206.50,0.221,0.077,0.5,2.625,N
BX22-043,206.50,207.50,0.756,0.483,6.0,2.640,N
BX22-043,207.50,208.50,0.368,0.241,2.2,2.671,N
BX22-043,208.50,210.00,0.020,0.010,1.9,2.604,N
BX22-043,210.00,211.00,1.127,0.369,9.1,2.666,N
BX22-043,211.00,213.00,0.251,0.097,1.6,2.587,N
BX22-043,213.00,215.00,1.039,0.333,4.7,2.720,N
BX22-043,215.00,216.00,0.020,0.010,0.5,2.648,N
BX22-043,216.00,217.50,0.298,0.112,3.0,2.588,N
BX22-043,217.50,219.50,0.394,0.125,2.9,2.655,N
BX22-043,219.50,221.00,0.760,0.225,1.6,2.641,N
BX22-043,221.00,222.00,0.049,0.191,0.5,2.600,N
BX22-043,222.00,223.50,0.020,0.099,1.0,2.634,N
BX22-043,223.50,225.00,0.672,0.330,4.4,2.652,N
BX22-043,225.00,226.00,0.020,0.010,0.5,2.629,N
BX22-043,226.00,227.00,0.719,0.344,4.5,2.628,N
BX22-043,227.00,229.00,0.568,0.055,2.4,2.604,N
BX22-043,229.00,230.00,0.543,0.201,3.5,2.661,N
BX22-043,230.00,231.00,0.193,0.185,2.0,2.621,N
BX22-043,231.00,232.00,0.608,0.010,1.7,2.651,N
BX22-044,0.00,1.00,4.121,1.409,23.9,2.847,N
BX22-044,1.00,2.00,5.290,2.091,33.9,2.930,N
BX22-044,2.00,3.00,4.634,1.630,26.3,2.935,N
BX22-044,3.00,5.00,4.371,1.558,25.8,2.863,N
BX22-044,5.00,6.00,4.266,1.502,26.4,2.869,N
BX22-044,6.00,8.00,4.423,1.453,24.7,2.858,N
BX22-044,8.00,9.50,4.988,1.749,33.4,2.893,Y
BX22-044,9.50,11.00,5.260,1.788,34.1,2.952,N
BX22-044,11.00,12.00,5.637,1.899,35.5,2.935,N
BX22-044,12.00,14.00,4.608,1.593,27.0,2.869,N
BX22-044,14.00,16.00,5.167,1.949,31.2,2.938,N
BX22-044,16.00,18.00,5.281,1.734,27.9,2.949,N
BX22-044,18.00,20.00,5.274,1.906,28.7,2.948,N
BX22-044,20.00,22.00,5.269,1.837,32.9,2.938,N
BX22-044,22.00,24.00,5.374,1.868,28.6,2.986,N
BX22-044,24.00,25.00,5.429,2.069,32.2,2.937,N
BX22-044,25.00,26.00,5.343,1.925,30.6,2.958,N
BX22-044,26.00,27.00,5.260,1.976,30.4,2.943,N
BX22-044,27.00,28.00,5.956,2.138,34.4,2.993,N
BX22-044,28.00,29.50,5.982,1.978,35.7,2.982,N
BX22-044,29.50,30.50,5.854,1.967,36.8,3.005,N
BX22-044,30.50,32.50,6.312,2.177,38.5,3.005,N
BX22-044,32.50,33.50,5.417,2.045,34.2,2.936,N
BX22-044,33.50,34.50,5.568,1.985,34.7,2.964,N
BX22-044,34.50,36.00,5.868,2.114,35.1,2.978,N
BX22-044,36.00,37.50,6.007,2.319,34.0,2.954,N
BX22-044,37.50,39.00,6.398,2.207,34.7,3.008,N
BX22-044,39.00,41.00,6.190,2.338,36.7,3.027,N
BX22-044,41.00,42.00,6.223,2.234,36.5,2.984,N
BX22-044,42.00,43.00,5.951,1.987,32.9,2.977,N
BX22-044,43.00,44.50,6.128,2.147,38.7,2.973,N
BX22-044,44.50,45.50,5.385,1.950,31.3,2.900,N
BX22-044,45.50,46.50,5.773,1.993,35.1,3.046,N
BX22-044,46.50,48.00,5.766,2.134,32.8,2.987,N
BX22-044,48.00,49.50,6.293,2.170,41.8,2.980,N
BX22-044,49.50,51.00,5.997,2.073,35.4,3.035,N
BX22-044,51.00,52.50,5.948,2.039,36.7,2.957,N
BX22-044,52.50,53.50,5.906,2.158,37.7,3.012,N
BX22-044,53.50,55.00,5.963,2.181,38.7,3.012,N
BX22-044,55.00,56.00,5.617,1.928,35.7,2.960,N
BX22-044,56.00,57.50,5.847,1.859,32.4,2.936,N
BX22-044,57.50,59.00,6.381,2.057,39.2,3.016,N
BX22-044,59.00,61.00,6.260,2.367,37.3,3.046,N
BX22-044,61.00,62.00,5.311,1.804,30.4,2.976,N
BX22-044,62.00,63.00,5.638,2.114,35.1,2.953,N
BX22-044,63.00,64.50,5.876,2.103,33.4,2.979,N
BX22-044,64.50,66.50,5.770,1.926,33.4,2.929,N
BX22-044,66.50,67.50,5.651,1.902,32.5,2.966,N
BX22-044,67.50,69.50,5.309,1.757,29.6,2.916,N
BX22-044,69.50,71.00,5.721,2.120,35.5,2.969,N
BX22-044,71.00,72.50,5.740,2.217,33.3,2.925,N
BX22-044,72.50,73.50,4.827,1.765,26.4,2.955,N
BX22-044,73.50,75.50,4.942,1.633,30.0,2.909,N
BX22-044,75.50,76.50,5.511,1.831,29.9,2.968,N
BX22-044,76.50,78.00,4.403,1.480,25.1,2.935,N
BX22-044,78.00,79.00,4.967,1.718,29.8,2.914,N
BX22-044,79.00,81.00,4.467,1.481,29.8,2.900,N
BX22-044,81.00,82.00,4.975,1.872,27.6,2.874,N
BX22-044,82.00,83.00,4.277,1.610,24.5,2.880,N
BX22-044,83.00,84.00,4.682,1.681,27.7,2.913,Y
BX22-044,84.00,85.00,3.807,1.359,23.7,2.849,N
BX22-044,85.00,87.00,4.538,1.504,25.6,2.890,N
BX22-044,87.00,88.50,4.770,1.627,29.1,2.898,N
BX22-044,88.50,89.50,3.731,1.295,22.1,2.837,N
BX22-044,89.50,90.50,4.506,1.676,24.9,2.877,N
BX22-044,90.50,92.00,4.686,1.684,26.9,2.877,N
BX22-044,92.00,94.00,4.150,1.427,22.6,2.879,N
BX22-044,94.00,95.00,3.347,1.028,21.0,2.819,N
BX22-044,95.00,96.00,4.236,1.402,24.5,2.840,N
BX22-044,96.00,97.00,4.404,1.671,28.3,2.861,N
BX22-044,97.00,98.00,3.320,1.013,22.9,2.795,N
BX22-044,98.00,99.00,3.231,1.173,19.5,2.778,N
BX22-044,99.00,100.00,3.716,1.218,23.2,2.827,N
BX22-044,100.00,101.00,3.446,1.251,22.9,2.792,N
BX22-044,101.00,102.00,2.903,0.989,22.2,2.815,N
BX22-044,102.00,103.00,3.327,1.242,17.4,2.807,N
BX22-044,103.00,104.00,3.309,1.117,19.0,2.852,N
BX22-044,104.00,105.50,3.117,1.123,17.5,2.770,N
BX22-044,105.50,107.00,3.018,1.110,18.3,2.802,N
BX22-044,107.00,108.50,3.081,1.066,19.6,2.790,N
BX22-044,108.50,110.00,2.464,0.845,12.5,2.790,N
BX22-044,110.00,111.00,2.681,1.028,11.7,2.768,N
BX22-044,111.00,112.50,2.881,1.219,17.2,2.741,N
BX22-044,112.50,114.00,3.184,1.004,17.5,2.827,Y
BX22-044,114.00,116.00,2.412,0.970,17.3,2.724,N
BX22-044,116.00,117.00,2.772,1.012,16.7,2.743,N
BX22-044,117.00,118.00,2.576,0.766,16.4,2.796,N
BX22-044,118.00,119.00,2.066,0.797,13.4,2.712,N
BX22-044,119.00,120.00,2.709,0.885,15.8,2.770,N
BX22-044,120.00,121.00,2.587,0.852,9.7,2.779,N
BX22-044,121.00,122.50,2.488,0.878,14.5,2.728,N
BX22-044,122.50,124.50,2.163,0.766,13.0,2.711,N
BX22-044,124.50,126.00,1.469,0.502,9.0,2.697,N
BX22-044,126.00,128.00,2.074,0.795,13.8,2.718,N
BX22-044,128.00,129.00,1.941,0.804,13.1,2.732,N
BX22-044,129.00,131.00,1.850,0.828,9.3,2.714,N
BX22-044,131.00,133.00,1.578,0.438,10.1,2.723,N
BX22-044,133.00,134.00,0.903,0.203,3.5,2.674,N
BX22-044,134.00,135.00,1.456,0.480,6.6,2.744,N
BX22-044,135.00,136.00,1.741,0.562,7.6,2.778,N
BX22-044,136.00,137.00,1.532,0.427,7.9,2.713,N
BX22-044,137.00,138.50,1.984,0.618,8.8,2.719,N
BX22-044,138.50,140.50,1.339,0.266,8.6,2.718,N
BX22-044,140.50,141.50,1.263,0.448,6.7,2.705,N
BX22-044,141.50,143.00,0.969,0.238,8.2,2.632,N
BX22-044,143.00,144.00,1.572,0.521,8.9,2.710,N
BX22-044,144.00,146.00,0.458,0.328,7.0,2.708,N
BX22-044,146.00,147.00,0.408,0.304,3.7,2.599,N
BX22-044,147.00,149.00,0.409,0.159,3.4,2.633,N
BX22-044,149.00,150.50,0.826,0.418,5.8,2.698,N
BX22-044,150.50,152.50,0.020,0.010,4.3,2.599,N
BX22-044,152.50,153.50,0.836,0.339,5.9,2.719,N
BX22-044,153.50,155.50,0.797,0.350,8.0,2.654,N
BX22-044,155.50,157.50,0.020,0.033,0.5,2.616,N
BX22-044,157.50,158.50,0.919,0.288,2.9,2.718,N
BX22-044,158.50,159.50,0.647,0.298,5.7,2.632,N
BX22-044,159.50,160.50,0.911,0.252,5.7,2.679,N
BX22-044,160.50,161.50,1.390,0.539,10.4,2.725,N
BX22-044,161.50,163.50,0.561,0.177,0.5,2.631,N
BX22-044,163.50,164.50,0.865,0.226,3.5,2.696,N
BX22-044,164.50,166.00,0.775,0.388,5.6,2.633,Y
BX22-044,166.00,167.00,0.644,0.244,5.0,2.624,N
BX22-044,167.00,168.00,0.672,0.010,9.2,2.674,N
BX22-044,168.00,169.00,0.417,0.180,0.5,2.611,N
BX22-044,169.00,170.00,0.020,0.010,3.4,2.627,N
BX22-044,170.00,171.50,0.284,0.010,6.9,2.582,N
BX22-044,171.50,173.50,0.414,0.041,0.5,2.617,N
BX22-044,173.50,174.50,0.716,0.250,2.3,2.679,N
BX22-044,174.50,175.50,0.863,0.131,5.6,2.628,N
BX22-044,175.50,176.50,0.549,0.186,1.9,2.660,N
BX22-044,176.50,177.50,0.292,0.103,2.2,2.639,N
BX22-044,177.50,179.00,0.539,0.206,2.4,2.643,N
BX22-044,179.00,180.00,0.472,0.145,1.1,2.619,N
BX22-044,180.00,181.50,0.388,0.292,1.3,2.629,N
BX22-044,181.50,182.50,0.138,0.010,0.5,2.655,N
BX22-044,182.50,183.50,0.471,0.129,3.2,2.652,Y
BX22-044,183.50,184.50,0.452,0.235,1.7,2.681,N
BX22-044,184.50,185.50,0.519,0.178,2.4,2.658,N
BX22-044,185.50,186.50,0.515,0.258,0.5,2.610,N
BX22-044,186.50,188.50,0.958,0.365,6.1,2.621,N
BX22-044,188.50,189.50,0.144,0.073,3.5,2.675,N
BX22-044,189.50,190.50,0.283,0.136,1.3,2.639,N
BX22-044,190.50,191.50,0.785,0.305,3.9,2.682,N
BX22-044,191.50,193.50,0.035,0.010,0.5,2.632,N
BX22-044,193.50,194.50,0.486,0.204,4.1,2.664,N
BX22-044,194.50,195.50,0.099,0.145,0.5,2.621,N
BX22-044,195.50,196.50,0.309,0.194,1.3,2.619,N
BX22-044,196.50,198.50,0.020,0.011,1.7,2.644,N
BX22-044,198.50,200.00,0.020,0.144,0.6,2.661,N
BX22-044,200.00,201.50,0.124,0.010,2.6,2.573,N
BX22-044,201.50,202.50,0.020,0.010,0.5,2.639,N
BX22-044,202.50,203.50,0.500,0.143,1.8,2.650,N
BX22-044,203.50,204.50,0.020,0.094,2.9,2.622,N
BX22-044,204.50,205.50,0.020,0.106,0.5,2.596,N
BX22-044,205.50,206.50,0.020,0.010,0.5,2.536,N
BX22-044,206.50,207.50,0.020,0.059,2.3,2.615,N
BX22-044,207.50,208.50,0.352,0.172,5.0,2.658,N
BX22-044,208.50,210.00,0.157,0.143,2.8,2.632,N
BX22-044,210.00,211.50,0.556,0.150,2.8,2.674,N
BX22-044,211.50,213.50,0.520,0.287,0.5,2.610,N
BX22-044,213.50,214.50,0.020,0.010,2.7,2.594,N
BX22-044,214.50,216.50,0.020,0.164,0.5,2.609,N
BX22-044,216.50,218.00,0.672,0.143,3.7,2.722,N
BX22-044,218.00,220.00,0.552,0.215,2.0,2.671,N
BX22-044,220.00,222.00,0.020,0.010,0.5,2.593,N
BX22-044,222.00,223.00,0.020,0.032,0.5,2.654,Y
BX22-044,223.00,225.00,0.020,0.010,0.5,2.603,N
BX22-044,225.00,226.00,0.020,0.098,4.6,2.652,N
BX22-044,226.00,227.50,0.062,0.010,1.3,2.643,N
BX22-044,227.50,228.50,0.020,0.159,0.5,2.607,N
BX22-044,228.50,229.50,0.020,0.010,0.5,2.631,N
BX22-044,229.50,231.00,0.386,0.100,1.6,2.632,N
BX22-044,231.00,232.00,0.020,0.012,1.1,2.641,N
BX22-044,232.00,233.00,0.020,0.010,0.5,2.632,N
BX22-044,233.00,234.00,0.264,0.010,2.5,2.575,N
BX22-044,234.00,235.00,0.355,0.233,3.6,2.638,N
BX22-044,235.00,236.00,0.020,0.110,0.5,2.617,N
BX22-044,236.00,237.00,0.132,0.010,3.1,2.644,N
BX22-044,237.00,239.00,0.105,0.144,0.5,2.641,N
BX22-044,239.00,241.00,0.802,0.282,5.0,2.636,N
BX22-044,241.00,243.00,0.593,0.112,5.9,2.669,N
BX22-044,243.00,245.00,0.060,0.032,0.5,2.731,N
BX22-044,245.00,246.00,0.701,0.392,8.4,2.664,N
BX22-044,246.00,248.00,0.020,0.010,0.5,2.589,N
BX22-044,248.00,249.00,0.020,0.238,1.3,2.617,N
BX22-044,249.00,250.00,0.020,0.010,2.6,2.625,N
BX22-044,250.00,251.00,0.189,0.206,4.3,2.591,N
BX22-044,251.00,252.00,0.020,0.052,0.5,2.664,N
BX22-044,252.00,254.00,0.163,0.076,1.7,2.610,N
BX22-044,254.00,256.00,0.369,0.100,0.5,2.620,N
BX22-044,256.00,257.50,0.038,0.010,0.5,2.635,N
BX22-044,257.50,259.50,0.107,0.215,0.5,2.549,N
BX22-044,259.50,260.50,0.020,0.010,0.5,2.617,N
BX22-044,260.50,261.50,0.020,0.132,0.5,2.683,N
BX22-044,261.50,263.50,0.169,0.010,5.6,2.667,N
BX22-044,263.50,264.50,0.631,0.204,2.4,2.641,N
BX22-044,264.50,266.50,0.408,0.010,6.2,2.638,N
BX22-044,266.50,267.50,0.072,0.138,0.5,2.590,N
BX22-044,267.50,268.50,0.032,0.073,3.2,2.590,N
BX22-044,268.50,269.00,0.020,0.010,1.0,2.562,N
BX22-045,0.00,1.00,2.078,0.729,12.5,2.684,N
BX22-045,1.00,2.00,1.757,0.598,10.6,2.726,N
BX22-045,2.00,3.00,1.132,0.382,6.5,2.656,N
BX22-045,3.00,5.00,2.607,1.052,18.7,2.764,N
BX22-045,5.00,6.50,1.567,0.567,10.5,2.715,N
BX22-045,6.50,7.50,1.264,0.442,5.5,2.674,N
BX22-045,7.50,8.50,1.835,0.625,10.9,2.724,N
BX22-045,8.50,10.00,1.648,0.545,8.9,2.743,Y
BX22-045,10.00,11.00,2.058,0.707,11.9,2.773,N
BX22-045,11.00,13.00,2.406,0.770,15.6,2.727,N
BX22-045,13.00,14.00,2.056,0.836,9.4,2.696,N
BX22-045,14.00,15.00,2.172,0.799,12.1,2.782,N
BX22-045,15.00,16.50,1.649,0.444,12.0,2.707,N
BX22-045,16.50,18.00,1.805,0.543,12.1,2.811,N
BX22-045,18.00,19.00,1.410,0.596,5.6,2.657,N
BX22-045,19.00,20.00,2.768,0.870,15.6,2.772,N
BX22-045,20.00,21.00,1.878,0.924,12.3,2.657,N
BX22-045,21.00,22.00,0.989,0.238,7.3,2.724,N
BX22-045,22.00,23.50,1.733,0.778,7.9,2.714,N
BX22-045,23.50,25.00,1.915,0.579,9.1,2.721,N
BX22-045,25.00,27.00,1.781,0.657,8.0,2.715,N
BX22-045,27.00,29.00,2.214,0.888,15.3,2.776,N
BX22-045,29.00,30.00,2.458,0.927,15.1,2.797,N
BX22-045,30.00,31.50,2.520,0.777,10.7,2.792,N
BX22-045,31.50,32.50,2.255,0.723,14.9,2.779,N
BX22-045,32.50,33.50,1.849,0.769,16.7,2.749,N
BX22-045,33.50,35.50,1.649,0.687,9.2,2.703,N
BX22-045,35.50,37.50,1.845,0.759,10.2,2.759,N
BX22-045,37.50,39.50,2.059,0.730,10.0,2.771,N
BX22-045,39.50,40.50,2.075,0.492,11.2,2.724,N
BX22-045,40.50,41.50,2.288,0.645,15.5,2.703,N
BX22-045,41.50,42.50,2.258,0.643,13.5,2.743,N
BX22-045,42.50,44.50,2.334,0.734,15.3,2.744,N
BX22-045,44.50,45.50,2.822,1.127,18.0,2.742,N
BX22-045,45.50,46.50,1.898,0.789,8.0,2.723,N
BX22-045,46.50,48.50,1.920,0.821,10.9,2.746,N
BX22-045,48.50,49.50,2.373,0.752,16.4,2.813,N
BX22-045,49.50,51.50,2.185,1.016,11.1,2.774,N
BX22-045,51.50,53.50,2.191,0.784,12.6,2.761,N
BX22-045,53.50,54.50,1.539,0.589,7.3,2.724,N
BX22-045,54.50,55.50,2.103,0.692,14.1,2.767,N
BX22-045,55.50,56.50,2.483,0.939,12.5,2.765,N
BX22-045,56.50,58.00,1.900,0.517,12.6,2.765,N
BX22-045,58.00,59.50,1.840,0.773,9.6,2.706,N
BX22-045,59.50,60.50,2.385,0.890,14.7,2.776,N
BX22-045,60.50,62.50,2.364,0.851,13.7,2.773,N
BX22-045,62.50,63.50,2.286,0.755,14.4,2.773,Y
BX22-045,63.50,65.50,2.163,0.635,13.6,2.721,N
BX22-045,65.50,66.50,1.859,0.753,11.1,2.711,N
BX22-045,66.50,68.00,2.354,0.750,15.1,2.818,N
BX22-045,68.00,69.50,2.523,0.774,13.7,2.744,N
BX22-045,69.50,70.50,2.215,0.570,13.5,2.733,N
BX22-045,70.50,71.50,1.842,0.694,10.1,2.732,N
BX22-045,71.50,72.50,1.893,0.643,14.2,2.754,N
BX22-045,72.50,73.50,2.190,0.654,11.6,2.751,N
BX22-045,73.50,74.50,2.161,0.687,15.6,2.728,Y
BX22-045,74.50,75.50,2.545,0.987,14.7,2.742,N
BX22-045,75.50,76.50,2.472,0.887,13.1,2.738,N
BX22-045,76.50,77.50,2.183,0.610,15.6,2.770,N
BX22-045,77.50,79.50,1.632,0.454,10.4,2.731,N
BX22-045,79.50,80.50,2.230,0.765,12.0,2.696,N
BX22-045,80.50,82.50,1.849,0.717,10.4,2.699,N
BX22-045,82.50,83.50,2.283,0.892,15.1,2.718,N
BX22-045,83.50,84.50,2.249,0.914,15.1,2.753,N
BX22-045,84.50,86.50,2.359,0.839,12.8,2.811,N
BX22-045,86.50,87.50,2.216,0.958,8.1,2.786,N
BX22-045,87.50,88.50,1.930,0.656,11.8,2.765,N
BX22-045,88.50,90.00,2.450,0.943,13.4,2.794,N
BX22-045,90.00,91.00,2.706,0.985,19.1,2.782,N
BX22-045,91.00,93.00,2.999,1.105,18.9,2.804,N
BX22-045,93.00,95.00,1.913,0.578,13.5,2.718,N
BX22-045,95.00,97.00,2.357,0.712,14.8,2.770,N
BX22-045,97.00,98.00,2.884,1.009,15.5,2.817,N
BX22-045,98.00,99.50,2.538,0.982,14.2,2.779,N
BX22-045,99.50,100.50,2.142,0.683,11.1,2.793,N
BX22-045,100.50,101.50,2.565,0.939,10.9,2.839,N
BX22-045,101.50,103.00,2.635,1.007,13.9,2.776,N
BX22-045,103.00,104.50,2.638,0.801,16.3,2.791,N
BX22-045,104.50,106.50,2.288,0.669,18.0,2.787,N
BX22-045,106.50,108.50,2.426,0.843,18.0,2.753,N
BX22-045,108.50,109.50,2.507,0.947,15.1,2.759,N
BX22-045,109.50,111.00,2.725,0.908,20.4,2.790,N
BX22-045,111.00,112.50,2.813,1.044,16.2,2.756,N
BX22-045,112.50,114.50,2.496,0.883,14.8,2.781,N
BX22-045,114.50,115.50,2.334,0.740,11.1,2.765,N
BX22-045,115.50,116.50,2.516,0.851,17.7,2.806,N
BX22-045,116.50,118.00,2.340,0.684,15.6,2.755,N
BX22-045,118.00,119.00,2.904,1.137,14.6,2.735,N
BX22-045,119.00,120.50,2.858,0.937,16.5,2.797,N
BX22-045,120.50,121.50,2.567,1.043,13.4,2.821,N
BX22-045,121.50,123.00,3.869,1.450,22.5,2.843,N
BX22-045,123.00,124.50,3.009,1.057,16.7,2.840,N
BX22-045,124.50,125.50,1.958,0.830,9.3,2.755,N
BX22-045,125.50,127.50,2.431,0.699,17.0,2.774,N
BX22-045,127.50,129.00,3.488,1.246,23.8,2.853,N
BX22-045,129.00,130.00,2.934,1.199,21.3,2.793,N
BX22-045,130.00,132.00,2.646,0.958,17.4,2.794,Y
BX22-045,132.00,133.00,3.033,1.164,17.1,2.833,N
BX22-045,133.00,134.50,3.051,1.006,16.6,2.794,N
BX22-045,134.50,136.50,3.197,1.101,18.2,2.781,N
BX22-045,136.50,137.50,3.386,1.257,18.2,2.738,N
BX22-045,137.50,139.50,2.686,0.983,17.5,2.755,N
BX22-045,139.50,141.50,2.926,0.918,18.2,2.824,N
BX22-045,141.50,142.50,2.823,0.907,19.2,2.813,N
BX22-045,142.50,143.50,2.012,0.644,11.7,2.748,N
BX22-045,143.50,145.00,2.761,0.853,15.0,2.826,N
BX22-045,145.00,146.50,2.759,0.909,16.9,2.784,N
BX22-045,146.50,147.50,2.691,1.041,16.8,2.782,N
BX22-045,147.50,149.50,3.025,0.982,18.6,2.800,N
BX22-045,149.50,151.50,2.953,1.093,17.0,2.828,N
BX22-045,151.50,153.00,3.559,0.990,26.1,2.837,N
BX22-045,153.00,154.50,3.625,1.472,20.8,2.809,Y
BX22-045,154.50,156.50,2.852,1.037,17.7,2.772,N
BX22-045,156.50,157.50,2.682,1.018,14.6,2.793,N
BX22-045,157.50,158.50,3.047,1.061,13.7,2.810,N
BX22-045,158.50,159.50,2.999,1.026,19.2,2.775,N
BX22-045,159.50,161.00,2.802,0.933,17.5,2.763,N
BX22-045,161.00,162.50,2.517,0.818,12.3,2.764,N
BX22-045,162.50,164.00,3.322,1.152,19.1,2.844,N
BX22-045,164.00,165.00,2.515,0.816,15.7,2.778,N
BX22-045,165.00,166.50,3.195,1.135,17.6,2.824,N
BX22-045,166.50,167.50,2.947,0.959,19.5,2.828,N
BX22-045,167.50,168.50,3.062,1.079,20.6,2.819,N
BX22-045,168.50,170.00,3.481,1.460,20.0,2.809,N
BX22-045,170.00,171.00,3.028,0.911,18.7,2.804,N
BX22-045,171.00,172.00,3.004,0.904,20.7,2.820,N
BX22-045,172.00,174.00,2.611,0.895,19.6,2.768,Y
BX22-045,174.00,176.00,2.883,1.225,17.5,2.789,N
BX22-045,176.00,177.00,3.346,1.324,20.4,2.818,N
BX22-045,177.00,178.50,3.447,1.269,21.6,2.861,N
BX22-045,178.50,179.50,3.074,0.922,20.4,2.776,N
BX22-045,179.50,180.50,3.081,0.865,19.5,2.809,N
BX22-045,180.50,181.50,3.546,1.222,22.7,2.863,N
BX22-045,181.50,183.00,3.148,1.234,15.0,2.798,N
BX22-045,183.00,184.00,3.207,1.239,21.2,2.808,N
BX22-045,184.00,186.00,3.216,1.177,20.3,2.844,N
BX22-045,186.00,187.00,3.060,1.092,15.4,2.839,N
BX22-045,187.00,188.50,3.473,1.121,18.8,2.864,N
BX22-045,188.50,190.00,3.747,1.357,22.4,2.796,N
BX22-045,190.00,192.00,3.223,1.040,21.2,2.797,N
BX22-045,192.00,193.50,3.379,1.159,16.7,2.851,N
BX22-045,193.50,194.50,3.203,1.131,19.6,2.802,N
BX22-045,194.50,196.00,3.964,1.348,24.1,2.868,N
BX22-045,196.00,197.00,3.397,1.230,19.9,2.822,N
BX22-045,197.00,198.50,3.060,1.061,18.4,2.785,N
BX22-045,198.50,200.50,3.557,1.246,23.3,2.877,N
BX22-045,200.50,201.50,3.356,1.145,19.4,2.803,N
BX22-045,201.50,203.50,3.681,1.274,23.4,2.846,N
BX22-045,203.50,205.50,3.084,1.004,17.5,2.802,N
BX22-045,205.50,206.50,3.392,1.126,16.9,2.831,N
BX22-045,206.50,208.00,3.687,1.360,21.2,2.798,N
BX22-045,208.00,210.00,3.548,1.190,22.3,2.830,N
BX22-045,210.00,212.00,3.182,1.088,18.8,2.861,N
BX22-045,212.00,213.00,3.598,1.242,23.8,2.779,N
BX22-045,213.00,214.00,3.234,1.106,18.8,2.784,N
BX22-045,214.00,215.00,3.902,1.285,18.5,2.875,N
BX22-045,215.00,216.50,3.615,1.242,19.7,2.799,N
BX22-045,216.50,217.50,3.396,1.066,19.1,2.841,N
BX22-045,217.50,219.00,3.763,1.253,26.3,2.848,N
BX22-045,219.00,221.00,3.281,1.208,15.8,2.799,N
BX22-045,221.00,222.50,3.910,1.386,25.7,2.849,N
BX22-045,222.50,224.00,3.678,1.371,18.7,2.874,Y
BX22-045,224.00,225.50,3.640,1.464,25.4,2.837,N
BX22-045,225.50,227.50,3.467,1.289,21.2,2.871,N
BX22-045,227.50,228.50,3.614,1.285,20.9,2.868,N
BX22-045,228.50,229.50,3.382,1.226,22.4,2.814,N
BX22-045,229.50,230.50,3.547,1.191,21.0,2.823,N
BX22-045,230.50,231.50,3.814,1.434,23.0,2.839,N
BX22-045,231.50,233.00,3.827,1.361,24.8,2.886,N
BX22-045,233.00,235.00,3.612,1.232,19.3,2.843,N
BX22-045,235.00,236.50,3.288,1.096,17.6,2.795,N
BX22-045,236.50,237.50,3.211,1.185,18.3,2.807,N
BX22-045,237.50,238.50,3.494,1.140,19.9,2.793,N
BX22-045,238.50,240.00,4.272,1.443,28.3,2.929,N
BX22-045,240.00,241.00,3.468,1.197,19.4,2.827,N
BX22-046,0.00,1.00,0.020,0.090,0.5,2.616,N
BX22-046,1.00,2.50,0.020,0.010,0.5,2.670,N
BX22-046,2.50,3.50,0.585,0.132,3.3,2.671,N
BX22-046,3.50,4.50,0.020,0.067,0.7,2.585,N
BX22-046,4.50,6.00,0.398,0.095,5.4,2.615,N
BX22-046,6.00,8.00,0.768,0.162,3.1,2.645,N
BX22-046,8.00,10.00,0.265,0.024,3.2,2.620,N
BX22-046,10.00,11.00,0.020,0.202,0.5,2.630,N
BX22-046,11.00,12.50,0.073,0.010,0.5,2.642,N
BX22-046,12.50,14.50,0.167,0.013,1.2,2.624,N
BX22-046,14.50,16.50,0.084,0.027,0.8,2.671,N
BX22-046,16.50,18.00,0.269,0.037,1.6,2.660,N
BX22-046,18.00,19.00,0.020,0.068,0.5,2.585,N
BX22-046,19.00,21.00,0.119,0.059,0.5,2.598,N
BX22-046,21.00,22.50,0.043,0.010,1.1,2.669,N
BX22-046,22.50,23.50,0.584,0.154,4.4,2.674,N
BX22-046,23.50,25.50,0.020,0.010,1.2,2.603,N
BX22-046,25.50,27.00,0.218,0.064,1.1,2.576,N
BX22-046,27.00,28.00,0.020,0.072,0.5,2.573,N
BX22-046,28.00,29.00,0.616,0.211,6.6,2.676,N
BX22-046,29.00,30.50,0.020,0.010,0.9,2.634,N
BX22-046,30.50,31.50,0.461,0.170,1.4,2.635,N
BX22-046,31.50,32.50,0.637,0.156,3.3,2.630,N
BX22-046,32.50,34.00,0.578,0.151,5.6,2.663,N
BX22-046,34.00,35.00,0.022,0.179,1.7,2.634,N
BX22-046,35.00,36.00,0.025,0.010,0.5,2.606,N
BX22-046,36.00,37.00,1.022,0.234,5.6,2.679,N
BX22-046,37.00,39.00,0.061,0.077,0.5,2.654,N
BX22-046,39.00,40.00,0.808,0.371,4.5,2.701,N
BX22-046,40.00,42.00,0.291,0.197,3.3,2.650,N
BX22-046,42.00,43.00,0.196,0.010,7.7,2.634,N
BX22-046,43.00,44.00,0.311,0.234,0.5,2.688,N
BX22-046,44.00,46.00,0.020,0.147,0.5,2.642,N
BX22-046,46.00,47.00,0.376,0.095,1.5,2.650,N
BX22-046,47.00,48.50,0.020,0.072,0.7,2.576,N
BX22-046,48.50,49.50,0.683,0.255,3.7,2.630,N
BX22-046,49.50,51.00,0.200,0.044,2.9,2.566,N
BX22-046,51.00,52.00,0.472,0.108,1.9,2.656,N
BX22-046,52.00,53.00,0.784,0.254,5.5,2.639,N
BX22-046,53.00,54.00,0.020,0.010,0.5,2.596,N
BX22-046,54.00,56.00,0.501,0.180,1.8,2.627,N
BX22-046,56.00,57.50,0.020,0.010,0.5,2.596,N
BX22-046,57.50,58.50,0.471,0.351,2.9,2.673,N
BX22-046,58.50,59.50,0.020,0.010,0.5,2.624,N
BX22-046,59.50,60.50,0.020,0.010,0.5,2.629,N
BX22-046,60.50,62.00,0.020,0.064,0.5,2.637,N
BX22-046,62.00,64.00,0.341,0.041,0.5,2.645,N
BX22-046,64.00,65.00,0.192,0.010,0.5,2.628,N
BX22-046,65.00,66.00,0.096,0.010,0.5,2.597,N
BX22-046,66.00,67.00,0.251,0.010,3.0,2.620,N
BX22-046,67.00,69.00,0.829,0.262,4.2,2.728,N
BX22-046,69.00,70.00,0.192,0.010,0.5,2.675,N
BX22-046,70.00,71.00,0.332,0.130,4.2,2.666,N
BX22-046,71.00,72.00,0.580,0.073,5.1,2.662,N
BX22-046,72.00,74.00,0.806,0.164,4.3,2.661,N
BX22-046,74.00,75.00,0.101,0.106,0.5,2.560,N
BX22-046,75.00,76.00,0.571,0.220,4.8,2.657,N
BX22-046,76.00,77.00,0.836,0.154,3.1,2.659,N
BX22-046,77.00,78.50,0.174,0.109,0.5,2.702,N
BX22-046,78.50,79.50,0.751,0.161,6.5,2.655,N
BX22-046,79.50,80.50,0.357,0.053,2.1,2.553,N
BX22-046,80.50,82.50,0.403,0.010,5.5,2.634,N
BX22-046,82.50,84.50,0.208,0.080,0.5,2.587,N
BX22-046,84.50,86.00,0.083,0.033,1.1,2.641,N
BX22-046,86.00,87.50,0.616,0.076,1.7,2.630,Y
BX22-046,87.50,89.00,0.312,0.010,1.7,2.629,N
BX22-046,89.00,90.50,0.130,0.049,2.2,2.626,N
BX22-046,90.50,91.50,0.020,0.010,0.5,2.600,N
BX22-046,91.50,93.50,0.668,0.228,1.0,2.647,N
BX22-046,93.50,95.00,0.427,0.103,0.5,2.640,N
BX22-046,95.00,96.00,0.884,0.218,6.4,2.687,N
BX22-046,96.00,97.00,0.020,0.010,2.0,2.605,N
BX22-046,97.00,98.00,0.669,0.241,3.5,2.686,N
BX22-046,98.00,99.50,0.020,0.010,0.6,2.685,N
BX22-046,99.50,100.50,0.178,0.076,1.1,2.601,N
BX22-046,100.50,102.00,0.526,0.103,3.2,2.650,N
BX22-046,102.00,103.00,0.674,0.143,3.3,2.663,N
BX22-046,103.00,104.00,0.296,0.088,0.8,2.565,N
BX22-046,104.00,105.00,0.668,0.417,8.3,2.660,N
BX22-046,105.00,107.00,0.221,0.107,1.2,2.650,N
BX22-046,107.00,108.50,0.051,0.010,0.5,2.654,N
BX22-046,108.50,110.00,0.257,0.100,0.5,2.611,N
BX22-046,110.00,111.50,0.644,0.090,2.2,2.594,N
BX22-046,111.50,113.50,0.207,0.033,0.5,2.630,N
BX22-046,113.50,114.50,0.467,0.208,3.0,2.654,N
BX22-046,114.50,115.50,0.564,0.158,4.3,2.691,N
BX22-046,115.50,117.50,0.706,0.234,0.9,2.646,N
BX22-046,117.50,119.50,0.708,0.244,3.0,2.717,N
BX22-046,119.50,121.50,0.621,0.286,0.5,2.622,N
BX22-046,121.50,123.50,0.397,0.100,0.7,2.631,N
BX22-046,123.50,125.50,0.342,0.195,0.5,2.722,N
BX22-046,125.50,126.50,0.347,0.154,0.5,2.663,N
BX22-046,126.50,128.50,0.339,0.061,3.9,2.664,N
BX22-046,128.50,129.50,0.754,0.346,11.4,2.660,N
BX22-046,129.50,131.00,1.126,0.467,11.2,2.651,N
BX22-046,131.00,133.00,0.321,0.054,3.6,2.712,N
BX22-046,133.00,134.00,0.666,0.306,7.1,2.638,N
BX22-046,134.00,135.00,0.692,0.382,2.8,2.646,Y
BX22-046,135.00,137.00,0.930,0.227,3.6,2.755,N
BX22-046,137.00,138.50,0.651,0.179,1.0,2.657,N
BX22-046,138.50,140.00,0.020,0.033,4.1,2.611,N
BX22-046,140.00,141.50,0.115,0.010,4.1,2.607,N
BX22-046,141.50,142.50,0.587,0.339,5.2,2.691,N
BX22-046,142.50,143.50,0.770,0.415,6.0,2.661,N
BX22-046,143.50,145.50,0.382,0.260,4.3,2.619,N
BX22-046,145.50,146.50,1.125,0.336,4.5,2.676,N
BX22-046,146.50,147.50,0.450,0.229,3.2,2.677,N
BX22-046,147.50,148.50,1.016,0.420,3.0,2.702,N
BX22-046,148.50,150.00,0.752,0.325,4.8,2.711,N
BX22-046,150.00,151.00,0.414,0.137,1.4,2.625,N
BX22-046,151.00,152.00,1.201,0.471,6.7,2.721,N
BX22-046,152.00,153.50,0.769,0.483,6.1,2.640,N
BX22-046,153.50,154.50,0.742,0.272,3.9,2.654,N
BX22-046,154.50,156.50,1.128,0.355,9.1,2.696,N
BX22-046,156.50,158.50,0.472,0.147,3.7,2.632,N
BX22-046,158.50,159.50,0.359,0.078,0.8,2.639,N
BX22-046,159.50,161.00,0.020,0.076,0.5,2.604,N
BX22-046,161.00,162.00,0.926,0.360,5.2,2.667,N
BX22-046,162.00,163.50,0.419,0.021,1.1,2.607,N
BX22-046,163.50,165.00,0.732,0.269,6.1,2.685,N
BX22-046,165.00,166.00,0.694,0.330,1.8,2.706,N
BX22-046,166.00,168.00,0.794,0.272,2.0,2.637,N
BX22-046,168.00,169.00,0.639,0.094,1.7,2.595,N
BX22-046,169.00,171.00,0.221,0.211,3.2,2.649,N
BX22-046,171.00,172.00,0.020,0.010,2.6,2.610,N
BX22-046,172.00,174.00,1.022,0.543,5.1,2.729,Y
BX22-046,174.00,176.00,0.778,0.224,5.1,2.641,N
BX22-046,176.00,177.50,0.881,0.359,5.2,2.661,N
BX22-046,177.50,178.50,0.216,0.010,1.0,2.618,N
BX22-046,178.50,180.00,0.723,0.299,6.0,2.657,N
BX22-046,180.00,181.50,0.324,0.010,5.1,2.616,N
BX22-046,181.50,182.50,0.720,0.171,3.5,2.708,N
BX22-046,182.50,184.00,1.379,0.373,7.5,2.682,N
BX22-046,184.00,185.00,0.831,0.150,5.8,2.691,N
BX22-046,185.00,187.00,0.609,0.175,3.1,2.674,N
BX22-046,187.00,188.50,1.594,0.637,10.7,2.711,N
BX22-046,188.50,189.50,0.283,0.086,4.8,2.669,N
BX22-046,189.50,190.50,0.694,0.249,4.5,2.621,N
BX22-046,190.50,192.50,0.807,0.094,7.4,2.676,N
BX22-046,192.50,194.50,1.056,0.352,6.5,2.704,N
BX22-046,194.50,196.50,0.684,0.214,2.0,2.676,N
BX22-046,196.50,197.50,0.605,0.252,3.1,2.668,N
BX22-046,197.50,198.50,0.871,0.195,4.7,2.643,N
BX22-046,198.50,199.50,0.020,0.072,0.5,2.652,N
BX22-046,199.50,200.50,0.508,0.116,1.8,2.646,N
BX22-046,200.50,201.50,0.212,0.178,1.7,2.623,N
BX22-046,201.50,203.00,0.702,0.099,6.5,2.685,N
BX22-046,203.00,205.00,1.562,0.429,10.0,2.702,N
BX22-046,205.00,207.00,0.969,0.247,5.7,2.677,N
BX22-046,207.00,208.00,0.631,0.297,7.0,2.652,N
BX22-046,208.00,209.00,0.486,0.104,3.6,2.663,N
BX22-046,209.00,210.00,1.329,0.476,5.8,2.696,N
BX22-046,210.00,211.00,1.004,0.455,5.5,2.661,N
BX22-046,211.00,212.50,1.219,0.479,8.7,2.698,N
BX22-046,212.50,214.00,1.080,0.347,4.9,2.695,N
BX22-046,214.00,215.00,0.930,0.157,5.2,2.652,N
BX22-046,215.00,216.00,1.277,0.520,10.0,2.734,N
BX22-046,216.00,217.00,1.165,0.506,8.6,2.740,N
BX22-046,217.00,219.00,1.065,0.340,9.2,2.681,N
BX22-046,219.00,220.00,0.681,0.348,7.0,2.641,N
BX22-046,220.00,221.00,0.728,0.209,3.0,2.655,N
BX22-046,221.00,222.00,1.286,0.573,8.7,2.684,N
BX22-046,222.00,223.00,1.273,0.376,9.2,2.691,N
BX22-046,223.00,225.00,0.902,0.391,3.9,2.641,N
BX22-046,225.00,226.00,0.698,0.350,5.4,2.695,N
BX22-046,226.00,227.00,0.789,0.370,6.9,2.700,N
BX22-046,227.00,228.50,0.795,0.471,3.4,2.632,N
BX22-046,228.50,229.50,1.154,0.313,5.9,2.730,N
BX22-046,229.50,230.50,0.937,0.418,5.3,2.672,N
BX22-046,230.50,231.50,1.378,0.436,5.2,2.692,N
BX22-046,231.50,233.00,1.475,0.573,7.7,2.693,N
BX22-046,233.00,234.00,0.935,0.198,7.9,2.687,N
BX22-046,234.00,235.00,1.086,0.340,9.9,2.679,N
BX22-046,235.00,236.50,0.761,0.357,7.0,2.691,N
BX22-046,236.50,238.50,1.447,0.437,5.8,2.714,N
BX22-046,238.50,240.50,0.940,0.313,4.0,2.681,N
BX22-046,240.50,241.50,0.671,0.199,5.8,2.620,N
BX22-046,241.50,242.50,0.883,0.214,7.1,2.706,N
BX22-046,242.50,243.50,0.425,0.010,3.7,2.648,N
BX22-046,243.50,245.50,1.385,0.372,10.9,2.718,N
BX22-046,245.50,247.00,1.142,0.431,6.2,2.763,N
BX22-046,247.00,248.50,0.880,0.323,7.3,2.649,N
BX22-046,248.50,250.00,0.411,0.083,0.5,2.667,N
BX22-046,250.00,251.00,0.672,0.320,2.2,2.652,N
BX22-046,251.00,252.00,1.005,0.531,7.0,2.641,N
BX22-046,252.00,253.00,1.204,0.365,6.4,2.700,N
BX22-046,253.00,255.00,1.377,0.296,6.6,2.744,N
BX22-046,255.00,256.50,1.111,0.496,4.3,2.762,N
BX22-046,256.50,257.50,0.749,0.234,5.8,2.703,N
BX22-046,257.50,259.00,0.270,0.222,2.8,2.668,N
BX22-046,259.00,260.50,0.257,0.010,0.5,2.649,N
BX22-046,260.50,261.50,0.811,0.369,5.1,2.656,N
BX22-046,261.50,263.50,0.843,0.214,5.7,2.717,N
BX22-046,263.50,264.50,0.952,0.200,5.2,2.678,N
BX22-046,264.50,266.50,1.388,0.550,11.5,2.721,N
BX22-046,266.50,267.50,0.926,0.397,5.9,2.666,N
BX22-046,267.50,269.50,0.745,0.230,6.5,2.627,N
BX22-046,269.50,271.50,0.841,0.323,5.6,2.628,N
BX22-046,271.50,273.50,1.190,0.387,9.1,2.686,N
BX22-046,273.50,275.00,1.304,0.673,10.1,2.680,N
BX22-046,275.00,276.00,0.569,0.143,3.3,2.691,N
BX22-046,276.00,278.00,0.020,0.072,0.9,2.610,N
BX22-046,278.00,279.00,1.004,0.289,2.1,2.662,N
BX22-046,279.00,280.50,0.842,0.289,4.5,2.666,N
BX22-046,280.50,281.50,0.801,0.330,4.4,2.655,N
BX22-046,281.50,283.00,0.691,0.367,4.7,2.673,N
BX22-046,283.00,284.50,1.324,0.426,3.3,2.628,N
BX22-046,284.50,286.00,0.713,0.243,2.9,2.668,N
BX22-046,286.00,287.00,0.267,0.289,0.5,2.590,N
BX22-046,287.00,289.00,1.055,0.445,6.2,2.688,N
BX22-046,289.00,290.50,0.944,0.367,7.0,2.659,N
BX22-046,290.50,291.50,0.583,0.150,1.1,2.630,N
BX22-046,291.50,293.50,0.928,0.492,7.4,2.655,N
BX22-046,293.50,295.00,0.861,0.308,4.7,2.652,N
BX22-046,295.00,296.00,0.446,0.269,4.8,2.574,N
BX22-046,296.00,297.00,0.944,0.333,3.3,2.668,N
BX22-046,297.00,298.00,0.808,0.181,8.2,2.692,N
BX22-046,298.00,299.50,1.376,0.573,8.9,2.714,N
BX22-046,299.50,300.50,1.019,0.225,5.3,2.704,N
BX22-046,300.50,301.50,0.803,0.154,7.5,2.650,N
BX22-046,301.50,302.00,0.673,0.069,6.5,2.662,N
BX22-048,0.00,1.00,0.272,0.078,3.1,2.644,N
BX22-048,1.00,2.00,0.020,0.162,1.2,2.621,Y
BX22-048,2.00,3.50,0.020,0.010,0.8,2.621,N
BX22-048,3.50,5.00,0.020,0.010,2.4,2.611,N
BX22-048,5.00,7.00,0.020,0.010,2.5,2.570,N
BX22-048,7.00,8.50,0.020,0.217,0.5,2.641,N
BX22-048,8.50,9.50,0.328,0.165,2.4,2.636,N
BX22-048,9.50,11.50,0.020,0.010,1.7,2.688,N
BX22-048,11.50,13.50,0.193,0.010,0.5,2.629,N
BX22-048,13.50,14.50,0.599,0.322,5.8,2.641,N
BX22-048,14.50,15.50,0.020,0.075,2.4,2.635,N
BX22-048,15.50,16.50,0.020,0.073,0.5,2.632,N
BX22-048,16.50,17.50,0.020,0.010,3.4,2.644,N
BX22-048,17.50,19.50,0.308,0.150,2.9,2.660,N
BX22-048,19.50,20.50,0.191,0.051,0.5,2.684,N
BX22-048,20.50,21.50,0.277,0.251,4.1,2.720,N
BX22-048,21.50,23.00,0.474,0.316,3.5,2.652,N
BX22-048,23.00,24.00,0.020,0.128,0.5,2.653,N
BX22-048,24.00,25.50,0.021,0.146,2.4,2.670,N
BX22-048,25.50,27.50,0.020,0.010,1.4,2.584,N
BX22-048,27.50,28.50,0.372,0.144,0.5,2.655,N
BX22-048,28.50,29.50,0.303,0.184,2.1,2.681,N
BX22-048,29.50,30.50,0.783,0.232,5.5,2.688,N
BX22-048,30.50,32.50,0.020,0.010,0.5,2.626,N
BX22-048,32.50,33.50,0.144,0.067,1.4,2.607,N
BX22-048,33.50,34.50,0.048,0.010,0.5,2.630,N
BX22-048,34.50,36.50,0.298,0.172,3.3,2.661,N
BX22-048,36.50,37.50,0.020,0.144,0.5,2.588,N
BX22-048,37.50,38.50,0.117,0.063,1.1,2.644,N
BX22-048,38.50,39.50,0.020,0.016,1.7,2.692,N
BX22-048,39.50,40.50,0.020,0.147,0.5,2.651,N
BX22-048,40.50,42.50,0.020,0.026,1.0,2.632,N
BX22-048,42.50,44.50,0.658,0.252,2.7,2.693,N
BX22-048,44.50,45.50,0.228,0.010,0.8,2.669,N
BX22-048,45.50,47.50,0.367,0.249,0.5,2.643,N
BX22-048,47.50,49.00,0.218,0.120,2.7,2.631,N
BX22-048,49.00,50.00,0.020,0.010,0.5,2.626,N
BX22-048,50.00,52.00,0.330,0.010,2.4,2.666,N
BX22-048,52.00,53.00,0.020,0.010,0.5,2.619,N
BX22-048,53.00,54.50,0.020,0.010,2.8,2.613,N
BX22-048,54.50,56.00,0.450,0.298,4.0,2.629,N
BX22-048,56.00,57.50,0.137,0.088,2.1,2.627,N
BX22-048,57.50,59.00,0.020,0.256,0.5,2.626,N
BX22-048,59.00,60.00,0.020,0.185,0.5,2.641,N
BX22-048,60.00,61.50,0.262,0.202,1.9,2.658,N
BX22-048,61.50,62.50,0.025,0.016,0.5,2.614,N
BX22-048,62.50,63.50,0.020,0.041,0.5,2.600,Y
BX22-048,63.50,65.00,0.408,0.136,2.4,2.586,N
BX22-048,65.00,66.50,0.094,0.159,0.5,2.601,N
BX22-048,66.50,68.50,0.361,0.129,2.4,2.620,N
BX22-048,68.50,69.50,0.208,0.300,1.7,2.695,N
BX22-048,69.50,70.50,0.020,0.056,1.0,2.593,Y
BX22-048,70.50,71.50,0.830,0.452,1.9,2.727,N
BX22-048,71.50,72.50,0.020,0.010,1.3,2.633,N
BX22-048,72.50,74.00,0.020,0.010,1.7,2.635,N
BX22-048,74.00,75.00,0.020,0.010,0.5,2.568,N
BX22-048,75.00,76.50,0.020,0.010,0.5,2.620,N
BX22-048,76.50,77.50,0.020,0.020,0.5,2.629,N
BX22-048,77.50,78.50,0.020,0.010,0.5,2.632,N
BX22-048,78.50,80.50,0.058,0.010,3.0,2.628,N
BX22-048,80.50,82.00,0.287,0.157,2.4,2.649,N
BX22-048,82.00,83.50,0.168,0.189,0.5,2.697,N
BX22-048,83.50,84.50,0.020,0.010,0.5,2.614,N
BX22-048,84.50,86.00,0.020,0.089,1.0,2.576,N
BX22-048,86.00,87.00,0.020,0.058,2.7,2.601,N
BX22-048,87.00,88.50,0.192,0.093,4.8,2.602,N
BX22-048,88.50,90.00,0.553,0.211,2.6,2.674,N
BX22-048,90.00,91.00,0.020,0.044,0.5,2.579,N
BX22-048,91.00,92.00,0.020,0.010,0.5,2.564,N
BX22-048,92.00,93.00,0.020,0.263,0.5,2.640,N
BX22-048,93.00,94.50,0.193,0.119,1.9,2.657,N
BX22-048,94.50,96.50,0.305,0.010,1.4,2.672,N
BX22-048,96.50,97.50,0.020,0.091,0.5,2.597,N
BX22-048,97.50,98.50,0.020,0.010,0.5,2.616,N
BX22-048,98.50,99.50,0.020,0.010,0.5,2.619,N
BX22-048,99.50,100.50,0.090,0.010,0.6,2.642,N
BX22-048,100.50,102.50,0.020,0.010,0.5,2.606,Y
BX22-048,102.50,104.50,0.020,0.010,1.9,2.645,N
BX22-048,104.50,105.50,0.020,0.010,0.5,2.619,N
BX22-048,105.50,106.50,0.025,0.110,0.5,2.645,N
BX22-048,106.50,108.50,0.073,0.140,0.5,2.685,N
BX22-048,108.50,109.50,0.262,0.010,0.5,2.686,N
BX22-048,109.50,110.50,0.198,0.010,0.5,2.617,N
BX22-048,110.50,112.00,0.020,0.010,0.5,2.647,N
BX22-048,112.00,113.00,0.773,0.249,4.1,2.606,N
BX22-048,113.00,114.00,0.363,0.060,0.5,2.674,N
BX22-048,114.00,116.00,0.131,0.010,0.5,2.625,N
BX22-048,116.00,117.50,0.020,0.019,2.5,2.670,N
BX22-048,117.50,118.50,0.518,0.206,0.8,2.640,N
BX22-048,118.50,120.50,0.020,0.057,0.5,2.621,N
BX22-048,120.50,121.50,0.020,0.099,0.5,2.608,N
BX22-048,121.50,122.50,0.020,0.010,1.1,2.596,N
BX22-048,122.50,124.50,0.020,0.106,2.7,2.543,N
BX22-048,124.50,125.50,0.085,0.012,3.3,2.647,N
BX22-048,125.50,126.50,0.020,0.010,0.6,2.630,N
BX22-048,126.50,128.50,0.269,0.154,2.4,2.650,N
BX22-048,128.50,129.50,0.020,0.119,0.5,2.628,N
BX22-048,129.50,130.50,0.020,0.010,1.4,2.595,N
BX22-048,130.50,132.50,0.020,0.097,0.5,2.580,N
BX22-048,132.50,134.00,0.623,0.192,4.5,2.705,N
BX22-048,134.00,136.00,0.627,0.258,5.7,2.631,N
BX22-048,136.00,137.00,0.020,0.011,1.3,2.643,N
BX22-048,137.00,139.00,0.166,0.192,0.5,2.559,N
BX22-048,139.00,140.00,0.020,0.052,1.8,2.617,N
BX22-048,140.00,141.50,0.020,0.031,0.5,2.624,N
BX22-048,141.50,142.50,0.216,0.021,1.8,2.567,N
BX22-048,142.50,143.50,0.192,0.107,1.1,2.674,N
BX22-048,143.50,144.50,0.020,0.127,1.4,2.612,N
BX22-048,144.50,145.50,0.315,0.134,0.5,2.712,N
BX22-048,145.50,146.50,0.020,0.010,0.5,2.610,N
BX22-048,146.50,147.50,0.521,0.220,2.7,2.702,N
BX22-048,147.50,148.50,0.687,0.203,3.4,2.673,N
BX22-048,148.50,149.50,0.099,0.045,1.7,2.622,N
BX22-048,149.50,151.00,0.062,0.048,0.5,2.584,N
BX22-048,151.00,152.00,0.237,0.213,0.5,2.584,Y
BX22-048,152.00,153.00,0.020,0.010,0.5,2.602,Y
BX22-048,153.00,154.00,0.020,0.010,3.0,2.656,N
BX22-048,154.00,156.00,0.056,0.010,0.5,2.566,N
BX22-048,156.00,157.00,0.389,0.163,6.3,2.610,N
BX22-048,157.00,158.00,0.020,0.010,0.5,2.620,N
BX22-048,158.00,159.50,0.020,0.259,0.5,2.669,N
BX22-048,159.50,161.50,0.020,0.076,0.5,2.581,N
BX22-048,161.50,162.50,0.020,0.010,4.8,2.592,N
BX22-048,162.50,164.50,0.353,0.040,4.4,2.707,N
BX22-048,164.50,165.50,0.020,0.149,2.0,2.636,N
BX22-048,165.50,166.50,0.020,0.139,1.2,2.690,N
BX22-048,166.50,168.00,0.020,0.010,0.5,2.638,N
BX22-048,168.00,169.00,0.020,0.025,0.8,2.628,N
BX22-048,169.00,170.50,0.343,0.074,0.5,2.651,N
BX22-048,170.50,172.50,0.300,0.111,3.2,2.641,N
BX22-048,172.50,174.50,0.060,0.010,0.5,2.603,N
BX22-048,174.50,176.50,0.020,0.113,0.5,2.584,N
BX22-048,176.50,177.50,0.085,0.010,1.1,2.640,N
BX22-048,177.50,179.50,0.020,0.010,1.0,2.612,N
BX22-048,179.50,181.50,0.020,0.010,0.5,2.615,N
BX22-048,181.50,183.50,0.020,0.126,0.5,2.614,N
BX22-048,183.50,184.50,0.020,0.087,0.5,2.616,N
BX22-048,184.50,186.50,0.020,0.010,2.9,2.615,N
BX22-048,186.50,187.50,0.020,0.096,1.5,2.599,N
BX22-048,187.50,189.00,0.020,0.010,1.2,2.559,N
BX22-048,189.00,190.50,0.025,0.150,0.5,2.660,N
BX22-048,190.50,192.50,0.020,0.010,0.5,2.626,N
BX22-048,192.50,194.00,0.178,0.010,1.8,2.571,N
BX22-048,194.00,195.00,0.020,0.010,0.5,2.605,N
BX22-048,195.00,196.00,0.218,0.010,3.1,2.597,N
BX22-048,196.00,198.00,0.185,0.010,1.7,2.635,N
BX22-048,198.00,200.00,0.020,0.015,0.5,2.607,N
BX22-048,200.00,201.50,0.020,0.010,0.5,2.610,N
BX22-048,201.50,203.50,0.020,0.037,2.4,2.642,N
BX22-048,203.50,205.50,0.020,0.042,0.6,2.615,N
BX22-048,205.50,207.00,0.440,0.271,2.0,2.646,N
BX22-048,207.00,209.00,0.020,0.103,0.5,2.604,N
BX22-048,209.00,210.00,0.020,0.043,1.0,2.646,N
BX22-048,210.00,211.00,0.969,0.524,2.9,2.696,N
BX22-048,211.00,213.00,0.796,0.360,2.3,2.733,N
BX22-048,213.00,214.50,0.020,0.010,0.5,2.671,N
BX22-048,214.50,216.00,0.020,0.038,3.4,2.621,N
BX22-048,216.00,217.00,0.020,0.012,0.5,2.629,N
BX22-048,217.00,218.00,0.230,0.305,3.0,2.703,N
BX22-048,218.00,219.00,0.270,0.010,3.0,2.632,N
BX22-048,219.00,220.50,0.477,0.167,5.9,2.620,N
BX22-048,220.50,222.00,0.020,0.010,1.1,2.614,N
BX22-048,222.00,223.00,0.020,0.089,0.5,2.620,N
BX22-048,223.00,224.00,0.316,0.010,0.5,2.628,N
BX22-048,224.00,225.00,0.020,0.028,2.4,2.603,N
BX22-048,225.00,227.00,0.156,0.032,2.7,2.632,N
BX22-048,227.00,228.00,0.020,0.010,2.4,2.640,N
BX22-048,228.00,230.00,0.031,0.010,0.5,2.630,N
BX22-049,0.00,1.00,0.020,0.010,3.8,2.591,N
BX22-049,1.00,3.00,0.020,0.047,0.5,2.698,N
BX22-049,3.00,4.00,0.020,0.010,1.2,2.588,N
BX22-049,4.00,5.00,0.020,0.130,0.5,2.670,N
BX22-049,5.00,7.00,0.020,0.053,0.6,2.637,N
BX22-049,7.00,8.50,0.383,0.063,2.9,2.675,N
BX22-049,8.50,9.50,0.020,0.020,0.8,2.649,N
BX22-049,9.50,11.00,0.325,0.155,0.5,2.697,N
BX22-049,11.00,12.00,0.020,0.010,0.5,2.595,N
BX22-049,12.00,13.00,0.020,0.037,3.1,2.621,N
BX22-049,13.00,14.50,0.020,0.014,3.0,2.559,N
BX22-049,14.50,16.00,0.020,0.032,1.3,2.628,N
BX22-049,16.00,17.00,0.142,0.010,1.4,2.645,N
BX22-049,17.00,19.00,0.020,0.152,0.5,2.676,N
BX22-049,19.00,20.50,0.299,0.010,4.6,2.635,N
BX22-049,20.50,22.00,0.120,0.010,1.4,2.650,Y
BX22-049,22.00,23.00,0.345,0.168,5.1,2.571,N
BX22-049,23.00,24.50,0.020,0.010,0.5,2.647,N
BX22-049,24.50,26.50,0.272,0.157,1.1,2.614,N
BX22-049,26.50,28.50,0.020,0.253,0.5,2.571,N
BX22-049,28.50,29.50,0.408,0.117,2.4,2.638,N
BX22-049,29.50,31.50,0.081,0.028,1.6,2.671,N
BX22-049,31.50,33.00,0.350,0.194,0.6,2.588,N
BX22-049,33.00,35.00,0.020,0.010,0.5,2.629,N
BX22-049,35.00,36.50,0.020,0.010,0.5,2.645,N
BX22-049,36.50,38.00,0.020,0.010,1.5,2.603,N
BX22-049,38.00,39.00,0.068,0.069,0.5,2.651,N
BX22-049,39.00,41.00,0.020,0.010,1.0,2.672,N
BX22-049,41.00,42.00,0.517,0.152,5.4,2.725,N
BX22-049,42.00,43.50,0.592,0.253,4.2,2.646,N
BX22-049,43.50,44.50,0.020,0.010,0.5,2.612,N
BX22-049,44.50,46.50,0.020,0.013,1.2,2.615,N
BX22-049,46.50,48.50,0.412,0.177,1.8,2.670,N
BX22-049,48.50,50.00,0.023,0.042,2.6,2.573,N
BX22-049,50.00,51.00,0.020,0.010,0.5,2.610,N
BX22-049,51.00,52.00,0.020,0.046,0.5,2.574,N
BX22-049,52.00,53.00,0.020,0.052,2.1,2.603,N
BX22-049,53.00,54.00,0.020,0.010,0.5,2.613,N
BX22-049,54.00,56.00,0.358,0.033,5.5,2.688,N
BX22-049,56.00,57.00,0.327,0.103,2.6,2.643,Y
BX22-049,57.00,59.00,0.020,0.032,1.6,2.596,N
BX22-049,59.00,60.50,0.020,0.024,0.5,2.601,N
BX22-049,60.50,61.50,0.020,0.163,0.5,2.646,N
BX22-049,61.50,62.50,0.020,0.010,3.2,2.703,N
BX22-049,62.50,63.50,0.020,0.019,0.5,2.637,N
BX22-049,63.50,65.00,0.020,0.010,0.5,2.650,N
BX22-049,65.00,66.50,0.020,0.189,2.5,2.608,N
BX22-049,66.50,67.50,0.020,0.126,1.3,2.649,N
BX22-049,67.50,69.00,0.020,0.010,1.7,2.627,N
BX22-049,69.00,70.50,0.330,0.137,3.3,2.672,N
BX22-049,70.50,72.50,0.020,0.010,0.5,2.612,N
BX22-049,72.50,73.50,0.563,0.085,3.7,2.635,N
BX22-049,73.50,75.00,0.396,0.063,4.7,2.633,N
BX22-049,75.00,77.00,0.375,0.060,2.7,2.599,N
BX22-049,77.00,79.00,0.020,0.010,0.5,2.575,N
BX22-049,79.00,80.50,0.194,0.037,0.5,2.596,N
BX22-049,80.50,82.00,0.020,0.133,0.5,2.650,N
BX22-049,82.00,83.50,0.020,0.017,2.3,2.617,N
BX22-049,83.50,85.00,0.020,0.078,0.5,2.614,N
BX22-049,85.00,86.00,0.020,0.137,1.5,2.669,N
BX22-049,86.00,87.00,0.040,0.010,2.3,2.698,N
BX22-049,87.00,89.00,0.020,0.010,0.5,2.630,N
BX22-049,89.00,91.00,0.325,0.065,2.5,2.639,N
BX22-049,91.00,92.50,0.843,0.388,7.8,2.644,N
BX22-049,92.50,94.50,0.020,0.086,0.5,2.600,N
BX22-049,94.50,96.00,0.020,0.223,0.5,2.642,Y
BX22-049,96.00,97.00,0.020,0.010,0.6,2.603,N
BX22-049,97.00,98.00,0.095,0.010,3.3,2.610,N
BX22-049,98.00,99.50,0.104,0.082,0.5,2.649,N
BX22-049,99.50,101.50,0.020,0.010,0.5,2.632,N
BX22-049,101.50,103.50,0.020,0.010,1.6,2.601,N
BX22-049,103.50,105.50,0.228,0.185,0.8,2.626,N
BX22-049,105.50,106.50,0.063,0.045,3.6,2.651,N
BX22-049,106.50,108.50,0.558,0.314,1.2,2.681,N
BX22-049,108.50,109.50,0.020,0.210,0.5,2.616,N
BX22-049,109.50,110.50,0.097,0.083,0.5,2.578,N
BX22-049,110.50,111.50,0.036,0.105,0.5,2.610,N
BX22-049,111.50,113.00,0.020,0.010,1.2,2.591,N
BX22-049,113.00,114.00,0.020,0.010,0.5,2.680,N
BX22-049,114.00,115.00,0.589,0.230,1.2,2.680,N
BX22-049,115.00,116.00,0.532,0.187,2.4,2.668,N
BX22-049,116.00,117.50,0.105,0.027,1.2,2.640,N
BX22-049,117.50,118.50,0.072,0.010,3.2,2.598,N
BX22-049,118.50,119.50,0.020,0.134,0.8,2.613,N
BX22-049,119.50,120.50,0.020,0.010,0.5,2.626,N
BX22-049,120.50,121.50,0.599,0.284,5.2,2.675,N
BX22-049,121.50,122.50,0.420,0.228,0.5,2.600,N
BX22-049,122.50,124.00,0.408,0.160,0.5,2.660,N
BX22-049,124.00,125.00,0.020,0.010,0.5,2.568,N
BX22-049,125.00,127.00,0.020,0.010,1.1,2.604,N
BX22-049,127.00,128.00,0.020,0.010,0.5,2.660,N
BX22-049,128.00,130.00,0.020,0.017,1.6,2.643,N
BX22-049,130.00,131.00,0.772,0.114,2.2,2.664,N
BX22-049,131.00,132.00,0.020,0.010,0.5,2.617,N
BX22-049,132.00,134.00,0.020,0.081,2.6,2.635,N
BX22-049,134.00,135.00,0.037,0.010,0.5,2.572,N
BX22-049,135.00,136.00,0.020,0.159,0.5,2.631,N
BX22-049,136.00,138.00,0.220,0.256,3.5,2.645,N
BX22-049,138.00,139.00,0.716,0.357,5.6,2.636,N
BX22-049,139.00,140.00,0.020,0.010,0.9,2.588,N
BX22-049,140.00,142.00,0.235,0.150,1.3,2.687,N
BX22-049,142.00,144.00,0.020,0.028,0.5,2.688,N
BX22-049,144.00,146.00,0.020,0.125,2.5,2.613,N
BX22-049,146.00,147.00,0.569,0.168,5.9,2.648,N
BX22-049,147.00,148.50,0.249,0.010,1.8,2.637,N
BX22-049,148.50,149.50,0.551,0.223,2.4,2.663,N
BX22-049,149.50,151.50,0.256,0.010,0.6,2.613,N
BX22-049,151.50,153.00,0.020,0.010,0.5,2.558,N
BX22-049,153.00,155.00,0.020,0.069,2.4,2.635,N
BX22-049,155.00,157.00,0.020,0.010,0.5,2.602,N
BX22-049,157.00,158.50,0.020,0.010,0.5,2.620,N
BX22-049,158.50,160.00,0.020,0.019,1.7,2.656,N
BX22-049,160.00,162.00,0.020,0.166,1.3,2.631,N
BX22-049,162.00,163.00,0.419,0.230,3.5,2.683,N
BX22-049,163.00,164.50,0.189,0.010,4.7,2.604,N
BX22-049,164.50,166.50,0.020,0.155,0.5,2.605,Y
BX22-049,166.50,167.50,0.020,0.010,0.5,2.612,N
BX22-049,167.50,169.50,0.020,0.010,0.5,2.634,N
BX22-049,169.50,171.00,0.502,0.071,3.7,2.625,N
BX22-049,171.00,172.00,0.020,0.010,0.5,2.624,Y
BX22-049,172.00,173.50,0.112,0.133,4.2,2.587,N
BX22-049,173.50,175.50,0.482,0.145,4.2,2.646,N
BX22-049,175.50,176.50,0.020,0.156,3.5,2.649,N
BX22-049,176.50,178.50,0.020,0.010,0.5,2.601,N
BX22-049,178.50,180.50,0.654,0.397,5.2,2.669,N
BX22-049,180.50,181.50,0.020,0.065,1.5,2.610,N
BX22-049,181.50,182.50,0.415,0.010,2.2,2.645,N
BX22-049,182.50,184.50,0.020,0.010,0.5,2.626,N
BX22-049,184.50,186.00,0.020,0.015,0.5,2.631,N
BX22-049,186.00,187.50,0.051,0.179,0.5,2.598,N
BX22-049,187.50,188.50,0.020,0.022,0.5,2.643,N
BX22-049,188.50,189.50,0.020,0.010,0.5,2.637,N
BX22-049,189.50,190.50,0.020,0.010,0.5,2.600,N
BX22-049,190.50,191.50,0.457,0.010,4.1,2.681,N
BX22-049,191.50,192.50,0.020,0.011,0.8,2.677,N
BX22-049,192.50,194.50,0.020,0.105,0.5,2.601,N
BX22-049,194.50,195.50,0.204,0.309,1.5,2.590,N
BX22-049,195.50,197.00,0.020,0.086,0.5,2.612,N
BX22-049,197.00,198.50,0.020,0.162,0.5,2.619,N
BX22-049,198.50,200.50,0.020,0.094,1.5,2.584,N
BX22-049,200.50,201.50,0.020,0.010,0.5,2.610,N
BX22-049,201.50,202.50,0.020,0.037,0.6,2.636,N
BX22-049,202.50,204.00,0.020,0.089,2.5,2.647,N
BX22-049,204.00,205.00,0.060,0.010,0.5,2.626,N
BX22-049,205.00,207.00,0.235,0.147,1.3,2.603,N
BX22-049,207.00,208.00,0.020,0.010,2.5,2.669,N
BX22-049,208.00,210.00,0.020,0.010,3.0,2.631,N
BX22-049,210.00,211.00,0.020,0.010,0.5,2.623,N
BX22-049,211.00,212.00,0.318,0.169,1.1,2.615,N
BX22-049,212.00,214.00,0.560,0.205,5.5,2.658,N
BX22-049,214.00,215.00,0.045,0.010,1.1,2.605,N
BX22-049,215.00,217.00,0.075,0.010,0.5,2.598,N
BX22-049,217.00,218.00,0.317,0.098,0.5,2.635,N
BX22-049,218.00,219.00,0.020,0.010,0.7,2.681,N
BX22-049,219.00,221.00,0.261,0.153,0.5,2.625,N
BX22-049,221.00,223.00,0.454,0.102,6.1,2.680,N
BX22-049,223.00,224.00,0.294,0.010,3.0,2.627,N
BX22-049,224.00,225.00,0.262,0.183,0.9,2.685,N
BX22-049,225.00,226.00,0.020,0.010,0.5,2.587,N
BX22-049,226.00,228.00,0.020,0.140,6.3,2.615,N
BX22-049,228.00,230.00,0.662,0.288,4.7,2.646,N
BX22-049,230.00,231.00,0.424,0.143,0.5,2.672,N
BX22-049,231.00,232.00,0.020,0.118,4.2,2.631,N
BX22-049,232.00,234.00,0.020,0.057,1.5,2.620,N
BX22-049,234.00,236.00,0.020,0.010,0.5,2.692,N
BX22-049,236.00,238.00,0.294,0.077,4.4,2.614,N
BX22-049,238.00,240.00,0.020,0.046,0.5,2.560,N
BX22-049,240.00,241.00,0.020,0.010,0.5,2.607,Y
BX22-049,241.00,242.00,0.222,0.199,2.9,2.633,N
BX22-049,242.00,243.00,0.020,0.010,2.3,2.662,N
BX22-049,243.00,244.00,0.470,0.142,1.5,2.587,N
BX22-049,244.00,246.00,0.168,0.010,0.5,2.608,N
BX22-049,246.00,247.50,0.317,0.037,3.6,2.626,N
BX22-049,247.50,249.00,0.246,0.108,5.4,2.647,N
BX22-049,249.00,250.00,0.373,0.292,2.4,2.648,N
BX22-049,250.00,251.50,0.620,0.276,7.5,2.708,N
BX22-049,251.50,253.50,0.020,0.010,0.5,2.633,N
BX22-049,253.50,255.50,0.370,0.010,2.3,2.683,N
BX22-049,255.50,257.50,0.020,0.010,0.5,2.679,N
BX22-049,257.50,259.00,0.070,0.021,0.5,2.558,N
BX22-049,259.00,260.00,0.020,0.010,0.5,2.599,N
BX22-049,260.00,261.50,0.020,0.010,0.5,2.627,N
BX22-049,261.50,262.50,0.020,0.093,0.5,2.621,N
BX22-049,262.50,264.00,0.417,0.010,3.2,2.632,N
BX22-050,0.00,1.00,0.020,0.010,0.5,2.627,N
BX22-050,1.00,2.00,0.150,0.071,0.9,2.623,N
BX22-050,2.00,4.00,0.425,0.168,1.5,2.688,N
BX22-050,4.00,5.00,0.108,0.034,0.5,2.575,N
BX22-050,5.00,6.00,0.020,0.060,0.5,2.580,N
BX22-050,6.00,7.50,0.020,0.040,1.0,2.654,N
BX22-050,7.50,9.00,0.020,0.010,0.5,2.617,N
BX22-050,9.00,10.50,0.020,0.010,0.5,2.618,N
BX22-050,10.50,12.00,0.020,0.010,0.5,2.637,N
BX22-050,12.00,13.00,0.020,0.058,0.5,2.627,N
BX22-050,13.00,14.50,0.020,0.010,5.7,2.626,N
BX22-050,14.50,15.50,0.020,0.087,0.5,2.636,N
BX22-050,15.50,16.50,0.020,0.303,0.5,2.614,N
BX22-050,16.50,17.50,0.403,0.310,0.5,2.625,N
BX22-050,17.50,19.00,0.318,0.036,0.5,2.665,N
BX22-050,19.00,20.00,0.020,0.010,0.5,2.655,N
BX22-050,20.00,22.00,0.020,0.010,2.9,2.642,N
BX22-050,22.00,24.00,0.020,0.010,0.5,2.617,N
BX22-050,24.00,25.00,0.580,0.340,0.5,2.632,N
BX22-050,25.00,27.00,0.269,0.066,2.0,2.685,N
BX22-050,27.00,28.00,0.164,0.010,1.7,2.633,Y
BX22-050,28.00,29.00,0.020,0.010,2.0,2.678,N
BX22-050,29.00,30.50,0.020,0.075,0.5,2.636,N
BX22-050,30.50,32.00,0.020,0.062,2.9,2.616,N
BX22-050,32.00,33.00,0.020,0.068,0.5,2.665,N
BX22-050,33.00,35.00,0.020,0.255,1.6,2.646,N
BX22-050,35.00,36.00,0.020,0.088,3.2,2.629,N
BX22-050,36.00,37.50,0.720,0.202,0.8,2.663,Y
BX22-050,37.50,39.00,0.020,0.010,0.5,2.617,N
BX22-050,39.00,40.00,0.020,0.066,0.5,2.640,N
BX22-050,40.00,41.50,0.023,0.062,0.5,2.619,N
BX22-050,41.50,43.50,0.391,0.236,1.0,2.634,N
BX22-050,43.50,44.50,0.077,0.220,2.1,2.619,N
BX22-050,44.50,45.50,0.020,0.083,0.5,2.605,N
BX22-050,45.50,46.50,0.118,0.010,1.6,2.599,N
BX22-050,46.50,47.50,0.245,0.089,0.5,2.672,N
BX22-050,47.50,48.50,0.439,0.199,0.6,2.644,N
BX22-050,48.50,50.50,0.609,0.054,5.0,2.647,N
BX22-050,50.50,51.50,0.020,0.010,0.5,2.560,N
BX22-050,51.50,53.00,0.020,0.160,1.9,2.619,N
BX22-050,53.00,54.00,0.241,0.080,3.4,2.605,Y
BX22-050,54.00,55.50,0.020,0.010,0.5,2.543,N
BX22-050,55.50,56.50,0.020,0.016,0.5,2.631,N
BX22-050,56.50,58.00,0.661,0.209,2.8,2.683,N
BX22-050,58.00,59.50,0.020,0.010,1.6,2.631,N
BX22-050,59.50,61.00,0.371,0.103,0.5,2.617,N
BX22-050,61.00,62.50,0.020,0.085,0.5,2.564,N
BX22-050,62.50,63.50,0.045,0.052,0.7,2.604,N
BX22-050,63.50,65.50,0.020,0.065,0.5,2.628,N
BX22-050,65.50,67.50,0.020,0.015,0.5,2.598,N
BX22-050,67.50,68.50,0.020,0.010,0.5,2.616,N
BX22-050,68.50,70.00,0.020,0.125,0.5,2.649,N
BX22-050,70.00,71.00,0.157,0.138,2.9,2.634,N
BX22-050,71.00,73.00,0.020,0.010,0.5,2.620,N
BX22-050,73.00,74.00,0.020,0.010,1.5,2.625,N
BX22-050,74.00,75.50,0.119,0.010,0.5,2.707,N
BX22-050,75.50,77.00,0.020,0.094,1.9,2.675,N
BX22-050,77.00,79.00,0.020,0.010,0.5,2.597,N
BX22-050,79.00,80.50,0.342,0.105,0.8,2.618,N
BX22-050,80.50,82.50,0.122,0.024,0.5,2.660,N
BX22-050,82.50,83.50,0.020,0.093,0.5,2.615,N
BX22-050,83.50,85.00,0.076,0.011,0.5,2.622,N
BX22-050,85.00,86.00,0.020,0.012,0.5,2.596,N
BX22-050,86.00,87.00,0.020,0.160,0.5,2.642,N
BX22-050,87.00,88.00,0.355,0.262,3.7,2.655,N
BX22-050,88.00,89.50,0.020,0.010,1.5,2.581,N
BX22-050,89.50,91.50,0.020,0.077,0.5,2.619,N
BX22-050,91.50,93.50,0.020,0.102,0.5,2.591,N
BX22-050,93.50,94.50,0.020,0.010,0.5,2.651,N
BX22-050,94.50,95.50,0.020,0.015,0.5,2.677,N
BX22-050,95.50,96.50,0.240,0.167,0.5,2.615,N
BX22-050,96.50,97.50,0.326,0.065,1.4,2.623,N
BX22-050,97.50,98.50,0.111,0.160,2.6,2.615,N
BX22-050,98.50,100.00,0.649,0.406,5.9,2.670,N
BX22-050,100.00,102.00,0.020,0.077,0.5,2.636,N
BX22-050,102.00,103.50,0.148,0.010,0.5,2.638,N
BX22-050,103.50,104.50,0.262,0.034,0.5,2.600,N
BX22-050,104.50,106.00,0.020,0.010,1.7,2.625,N
BX22-050,106.00,108.00,0.196,0.144,0.5,2.664,N
BX22-050,108.00,110.00,0.020,0.084,0.5,2.612,N
BX22-050,110.00,111.50,0.020,0.012,0.5,2.579,N
BX22-050,111.50,113.50,0.020,0.029,5.5,2.623,N
BX22-050,113.50,115.50,0.579,0.255,2.9,2.646,N
BX22-050,115.50,117.00,0.020,0.010,0.5,2.649,N
BX22-050,117.00,118.50,0.020,0.055,1.2,2.585,N
BX22-050,118.50,120.50,0.020,0.060,0.9,2.609,N
BX22-050,120.50,122.00,0.418,0.010,0.5,2.660,N
BX22-050,122.00,123.00,0.020,0.168,1.9,2.604,N
BX22-050,123.00,125.00,0.650,0.298,2.5,2.641,N
BX22-050,125.00,127.00,0.020,0.010,2.3,2.651,N
BX22-050,127.00,128.00,0.020,0.107,0.5,2.625,N
BX22-050,128.00,129.00,0.185,0.051,1.1,2.635,N
BX22-050,129.00,130.00,0.020,0.010,0.5,2.584,N
BX22-050,130.00,131.50,0.395,0.071,0.5,2.665,N
BX22-050,131.50,132.50,0.266,0.024,3.3,2.658,N
BX22-050,132.50,133.50,0.883,0.145,6.5,2.718,N
BX22-050,133.50,134.50,0.020,0.010,1.5,2.639,N
BX22-050,134.50,135.50,0.098,0.010,1.6,2.591,N
BX22-050,135.50,136.50,0.020,0.155,2.6,2.590,N
BX22-050,136.50,138.50,0.307,0.010,4.0,2.592,Y
BX22-050,138.50,140.50,0.443,0.010,3.0,2.657,N
BX22-050,140.50,142.50,0.020,0.010,2.3,2.639,N
BX22-050,142.50,143.50,0.494,0.136,3.5,2.607,N
BX22-050,143.50,144.50,0.077,0.010,0.5,2.625,N
BX22-050,144.50,146.00,0.020,0.073,1.3,2.645,N
BX22-050,146.00,147.00,0.840,0.189,7.4,2.679,N
BX22-050,147.00,148.00,0.020,0.064,2.3,2.612,N
BX22-050,148.00,150.00,0.336,0.183,2.9,2.625,N
BX22-050,150.00,151.50,0.020,0.010,0.5,2.664,N
BX22-050,151.50,152.50,0.020,0.012,0.5,2.625,N
BX22-050,152.50,153.50,0.061,0.263,0.7,2.627,N
BX22-050,153.50,155.50,0.402,0.010,0.5,2.602,N
BX22-050,155.50,156.50,0.347,0.142,4.2,2.652,N
BX22-050,156.50,157.50,0.268,0.193,2.1,2.643,N
BX22-050,157.50,158.50,0.020,0.010,0.5,2.609,N
BX22-050,158.50,159.50,0.020,0.010,5.2,2.620,N
BX22-050,159.50,160.50,0.143,0.011,0.8,2.639,N
BX22-050,160.50,161.50,0.020,0.166,1.4,2.603,N
BX22-050,161.50,162.50,0.045,0.010,0.5,2.651,N
BX22-050,162.50,164.00,0.432,0.028,5.0,2.689,N
BX22-050,164.00,165.00,0.289,0.293,0.5,2.645,N
BX22-050,165.00,166.00,0.627,0.168,4.0,2.628,N
BX22-050,166.00,167.00,0.020,0.010,0.5,2.631,N
BX22-050,167.00,169.00,0.020,0.016,5.6,2.636,N
BX22-050,169.00,170.00,0.082,0.087,1.4,2.594,N
BX22-050,170.00,171.00,0.219,0.123,1.6,2.618,N
BX22-050,171.00,172.00,0.020,0.126,0.5,2.643,N
BX22-050,172.00,173.00,0.560,0.260,3.7,2.626,N
BX22-050,173.00,174.00,0.020,0.051,0.9,2.642,N
BX22-050,174.00,175.00,0.020,0.010,0.5,2.610,N
BX22-050,175.00,176.00,0.311,0.092,2.0,2.638,N
BX22-050,176.00,177.50,0.020,0.051,3.6,2.577,N
BX22-050,177.50,179.50,0.377,0.106,5.0,2.669,N
BX22-050,179.50,181.50,0.427,0.028,3.6,2.679,N
BX22-050,181.50,183.50,0.020,0.033,5.1,2.605,N
BX22-050,183.50,185.50,0.020,0.010,0.5,2.590,N
BX22-050,185.50,186.50,0.077,0.010,0.5,2.579,N
BX22-050,186.50,187.50,0.034,0.010,0.5,2.633,N
BX22-050,187.50,189.50,0.039,0.079,3.2,2.641,N
BX22-050,189.50,191.50,0.020,0.010,1.7,2.618,N
BX22-050,191.50,192.50,0.214,0.325,0.5,2.594,N
BX22-050,192.50,194.50,0.092,0.013,3.1,2.630,N
BX22-050,194.50,196.00,0.020,0.010,0.5,2.604,N
BX22-050,196.00,197.50,0.187,0.052,4.1,2.581,N
BX22-050,197.50,198.50,0.089,0.010,0.5,2.609,N
BX22-050,198.50,199.50,0.020,0.010,0.9,2.657,N
BX22-050,199.50,201.00,0.035,0.010,0.5,2.662,N
BX22-050,201.00,202.00,0.020,0.102,0.5,2.637,N
BX22-050,202.00,203.00,0.132,0.114,0.5,2.634,N
BX22-050,203.00,204.00,0.020,0.248,0.5,2.629,N
BX22-050,204.00,205.50,0.020,0.010,0.5,2.566,N
BX22-050,205.50,206.50,0.029,0.117,0.5,2.626,N
BX22-050,206.50,208.50,0.396,0.041,0.5,2.637,N
BX22-050,208.50,210.50,0.020,0.180,0.5,2.640,N
BX22-050,210.50,212.00,0.068,0.036,0.5,2.658,N
BX22-050,212.00,214.00,0.020,0.010,0.5,2.569,N
BX22-050,214.00,215.50,0.020,0.010,0.5,2.620,N
BX22-050,215.50,217.00,0.020,0.010,0.5,2.659,N
BX22-050,217.00,219.00,0.048,0.010,0.5,2.619,N
BX22-050,219.00,221.00,0.484,0.126,2.5,2.592,N
BX22-050,221.00,223.00,0.153,0.273,1.4,2.614,N
BX22-050,223.00,224.00,0.262,0.010,1.2,2.643,N
BX22-051,0.00,1.00,0.020,0.010,0.8,2.597,N
BX22-051,1.00,2.00,0.020,0.101,1.7,2.667,N
BX22-051,2.00,3.00,0.486,0.128,6.5,2.609,N
BX22-051,3.00,4.00,0.029,0.023,2.4,2.580,N
BX22-051,4.00,5.50,0.448,0.115,0.5,2.616,N
BX22-051,5.50,6.50,0.648,0.253,3.2,2.663,N
BX22-051,6.50,7.50,0.351,0.012,3.4,2.637,N
BX22-051,7.50,8.50,0.020,0.015,1.8,2.606,N
BX22-051,8.50,9.50,0.612,0.014,3.1,2.619,N
BX22-051,9.50,11.00,0.141,0.140,0.8,2.638,N
BX22-051,11.00,13.00,0.582,0.103,4.1,2.598,N
BX22-051,13.00,14.00,0.360,0.081,1.2,2.651,N
BX22-051,14.00,15.50,1.006,0.215,7.4,2.678,N
BX22-051,15.50,17.00,0.020,0.022,0.5,2.623,Y
BX22-051,17.00,19.00,0.402,0.013,1.3,2.646,N
BX22-051,19.00,20.00,0.447,0.229,2.0,2.674,N
BX22-051,20.00,21.50,0.265,0.087,1.7,2.599,N
BX22-051,21.50,22.50,0.020,0.102,0.5,2.625,N
BX22-051,22.50,24.00,0.171,0.135,1.3,2.630,N
BX22-051,24.00,26.00,0.628,0.232,4.1,2.655,N
BX22-051,26.00,27.50,0.146,0.032,0.5,2.633,N
BX22-051,27.50,28.50,0.152,0.010,0.5,2.655,N
BX22-051,28.50,29.50,0.020,0.072,0.5,2.608,N
BX22-051,29.50,30.50,0.323,0.253,3.3,2.710,N
BX22-051,30.50,31.50,0.020,0.205,0.5,2.656,N
BX22-051,31.50,32.50,0.644,0.010,2.7,2.723,N
BX22-051,32.50,33.50,0.847,0.582,0.6,2.658,N
BX22-051,33.50,34.50,0.096,0.097,0.5,2.649,N
BX22-051,34.50,36.00,0.329,0.152,1.0,2.633,N
BX22-051,36.00,38.00,0.057,0.010,0.5,2.585,N
BX22-051,38.00,39.00,0.182,0.366,0.5,2.634,N
BX22-051,39.00,40.00,0.072,0.010,0.5,2.590,N
BX22-051,40.00,42.00,0.441,0.170,2.5,2.651,N
BX22-051,42.00,44.00,0.020,0.204,0.5,2.602,N
BX22-051,44.00,46.00,0.020,0.010,0.5,2.603,N
BX22-051,46.00,47.50,0.348,0.053,6.1,2.616,N
BX22-051,47.50,49.00,0.214,0.050,4.0,2.640,N
BX22-051,49.00,50.00,0.474,0.230,1.4,2.635,N
BX22-051,50.00,52.00,0.024,0.010,0.5,2.602,N
BX22-051,52.00,53.50,0.051,0.010,0.5,2.636,N
BX22-051,53.50,54.50,0.593,0.297,7.0,2.611,N
BX22-051,54.50,56.00,0.164,0.082,3.7,2.648,N
BX22-051,56.00,58.00,0.020,0.010,0.5,2.663,N
BX22-051,58.00,59.00,0.052,0.026,0.5,2.610,N
BX22-051,59.00,61.00,0.456,0.114,2.3,2.640,N
BX22-051,61.00,62.50,0.020,0.010,0.5,2.592,N
BX22-051,62.50,63.50,0.020,0.010,0.5,2.616,N
BX22-051,63.50,64.50,0.020,0.010,0.5,2.589,N
BX22-051,64.50,65.50,0.020,0.082,0.6,2.653,N
BX22-051,65.50,66.50,0.028,0.285,4.6,2.636,N
BX22-051,66.50,67.50,0.020,0.029,1.6,2.591,N
BX22-051,67.50,69.50,0.020,0.078,2.8,2.631,N
BX22-051,69.50,70.50,0.102,0.010,0.5,2.661,N
BX22-051,70.50,71.50,0.020,0.010,1.9,2.590,N
BX22-051,71.50,73.00,0.020,0.010,0.9,2.606,N
BX22-051,73.00,74.00,0.343,0.010,5.0,2.563,N
BX22-051,74.00,75.50,0.020,0.133,2.0,2.573,N
BX22-051,75.50,76.50,0.455,0.129,0.5,2.699,N
BX22-051,76.50,77.50,0.103,0.010,0.5,2.658,N
BX22-051,77.50,78.50,0.055,0.010,0.5,2.679,N
BX22-051,78.50,80.00,0.020,0.162,3.0,2.627,N
BX22-051,80.00,81.00,0.020,0.010,1.4,2.599,N
BX22-051,81.00,83.00,0.081,0.010,0.8,2.641,N
BX22-051,83.00,84.50,0.087,0.058,0.5,2.572,N
BX22-051,84.50,85.50,0.462,0.080,1.3,2.656,N
BX22-051,85.50,87.50,0.020,0.070,2.7,2.658,N
BX22-051,87.50,88.50,0.020,0.010,2.9,2.611,N
BX22-051,88.50,89.50,0.020,0.061,0.5,2.658,N
BX22-051,89.50,91.50,0.020,0.010,0.5,2.624,N
BX22-051,91.50,93.00,0.020,0.097,2.8,2.623,N
BX22-051,93.00,94.50,0.491,0.091,3.1,2.632,N
BX22-051,94.50,96.50,0.118,0.090,0.5,2.662,N
BX22-051,96.50,97.50,0.056,0.024,3.1,2.612,N
BX22-051,97.50,98.50,0.458,0.010,5.1,2.646,N
BX22-051,98.50,99.50,0.286,0.169,3.4,2.596,N
BX22-051,99.50,101.50,0.020,0.052,0.5,2.652,N
BX22-051,101.50,103.00,0.020,0.208,0.5,2.606,N
BX22-051,103.00,104.00,0.020,0.052,1.0,2.624,N
BX22-051,104.00,106.00,0.020,0.010,0.5,2.614,N
BX22-051,106.00,107.00,0.020,0.010,3.8,2.609,N
BX22-051,107.00,108.00,0.020,0.010,4.3,2.624,N
BX22-051,108.00,109.50,0.020,0.010,0.5,2.599,N
BX22-051,109.50,110.50,0.089,0.010,0.5,2.615,N
BX22-051,110.50,111.50,0.194,0.139,1.0,2.638,N
BX22-051,111.50,112.50,0.093,0.090,4.7,2.643,N
BX22-051,112.50,114.50,0.020,0.010,1.2,2.615,N
BX22-051,114.50,116.50,0.020,0.010,0.5,2.637,N
BX22-051,116.50,118.00,0.020,0.010,0.5,2.639,N
BX22-051,118.00,120.00,0.221,0.124,0.5,2.619,N
BX22-051,120.00,121.00,0.272,0.070,2.4,2.622,N
BX22-051,121.00,122.00,0.020,0.010,0.5,2.629,N
BX22-051,122.00,123.00,0.089,0.010,5.1,2.601,N
BX22-051,123.00,125.00,0.020,0.115,1.2,2.596,N
BX22-051,125.00,126.00,0.020,0.010,0.5,2.630,N
BX22-051,126.00,127.00,0.020,0.010,0.5,2.670,N
BX22-051,127.00,128.00,0.533,0.305,3.4,2.664,N
BX22-051,128.00,130.00,0.020,0.010,1.5,2.672,N
BX22-051,130.00,131.00,0.099,0.010,0.5,2.616,N
BX22-051,131.00,133.00,0.020,0.010,0.5,2.576,Y
BX22-051,133.00,135.00,0.135,0.014,1.2,2.627,N
BX22-051,135.00,136.00,0.020,0.010,0.5,2.603,N
BX22-051,136.00,137.00,0.020,0.051,1.2,2.597,N
BX22-051,137.00,138.50,0.020,0.010,0.5,2.612,N
BX22-051,138.50,139.50,0.541,0.245,3.4,2.646,N
BX22-051,139.50,140.50,0.521,0.230,1.0,2.643,N
BX22-051,140.50,142.00,0.020,0.027,0.5,2.591,N
BX22-051,142.00,143.50,0.038,0.062,1.8,2.628,N
BX22-051,143.50,144.50,0.020,0.079,0.5,2.606,N
BX22-051,144.50,146.00,0.209,0.174,0.5,2.606,N
BX22-051,146.00,147.00,0.033,0.010,3.4,2.679,N
BX22-051,147.00,148.50,0.020,0.010,2.4,2.544,N
BX22-051,148.50,150.50,0.020,0.015,1.9,2.615,N
BX22-051,150.50,151.50,0.159,0.113,0.5,2.675,Y
BX22-051,151.50,152.50,0.020,0.010,1.8,2.588,N
BX22-051,152.50,153.50,0.487,0.162,5.2,2.588,N
BX22-051,153.50,155.50,0.346,0.010,3.1,2.659,N
BX22-051,155.50,157.00,0.020,0.010,1.0,2.638,N
BX22-051,157.00,159.00,0.328,0.154,0.5,2.676,N
BX22-051,159.00,161.00,0.020,0.117,0.5,2.633,N
BX22-051,161.00,163.00,0.408,0.146,3.5,2.674,N
BX22-051,163.00,164.00,0.069,0.010,0.5,2.604,N
BX22-051,164.00,166.00,0.510,0.288,5.2,2.653,N
BX22-051,166.00,167.00,0.753,0.240,5.7,2.658,N
BX22-051,167.00,169.00,0.020,0.010,2.1,2.610,N
BX22-051,169.00,171.00,0.066,0.111,0.5,2.664,N
BX22-051,171.00,172.00,0.063,0.083,1.6,2.579,N
BX22-051,172.00,173.00,0.284,0.106,4.3,2.607,N
BX22-051,173.00,175.00,0.020,0.069,4.8,2.624,N
BX22-051,175.00,177.00,0.020,0.010,1.3,2.609,N
BX22-051,177.00,179.00,0.203,0.197,1.3,2.656,N
BX22-051,179.00,180.00,0.020,0.010,0.5,2.646,N
BX22-051,180.00,182.00,0.020,0.085,0.5,2.628,N
BX22-051,182.00,183.00,0.020,0.010,0.5,2.622,N
BX22-051,183.00,185.00,0.020,0.010,0.5,2.621,N
BX22-051,185.00,186.00,0.020,0.010,1.4,2.591,N
BX22-051,186.00,187.00,0.056,0.024,1.4,2.625,N
BX22-051,187.00,189.00,0.020,0.010,0.5,2.644,N
BX22-051,189.00,190.00,0.020,0.010,0.5,2.609,N
BX22-051,190.00,191.50,0.478,0.143,3.4,2.609,N
BX22-051,191.50,193.00,0.020,0.010,3.9,2.631,N
BX22-051,193.00,195.00,0.020,0.010,0.5,2.660,N
BX22-051,195.00,197.00,0.020,0.010,0.5,2.632,N
BX22-051,197.00,198.00,0.217,0.169,3.0,2.616,N
BX22-051,198.00,199.00,0.020,0.072,0.5,2.609,N
BX22-051,199.00,201.00,0.034,0.022,0.5,2.639,N
BX22-051,201.00,202.00,0.020,0.010,5.9,2.689,N
BX22-051,202.00,203.00,0.020,0.098,0.5,2.608,N
BX22-051,203.00,204.00,0.498,0.010,1.7,2.640,N
BX22-051,204.00,205.00,0.020,0.123,0.5,2.629,N
BX22-052,0.00,1.00,2.199,0.749,10.0,2.769,N
BX22-052,1.00,3.00,2.677,1.124,16.3,2.834,N
BX22-052,3.00,4.00,2.599,1.047,17.6,2.746,N
BX22-052,4.00,5.50,2.405,0.970,11.9,2.812,N
BX22-052,5.50,6.50,2.161,0.864,12.7,2.719,N
BX22-052,6.50,8.50,1.953,0.808,11.4,2.730,N
BX22-052,8.50,10.50,2.355,0.802,17.4,2.829,N
BX22-052,10.50,11.50,2.450,0.903,13.7,2.779,N
BX22-052,11.50,13.00,2.319,0.947,13.2,2.760,N
BX22-052,13.00,14.00,2.203,0.707,14.0,2.723,N
BX22-052,14.00,15.00,1.515,0.624,6.7,2.750,N
BX22-052,15.00,17.00,1.876,0.505,13.7,2.706,N
BX22-052,17.00,18.00,1.768,0.577,14.3,2.668,N
BX22-052,18.00,19.50,1.360,0.338,8.5,2.737,N
BX22-052,19.50,20.50,1.777,0.702,10.8,2.690,N
BX22-052,20.50,22.00,1.169,0.303,6.2,2.705,N
BX22-052,22.00,23.00,1.246,0.374,6.1,2.679,N
BX22-052,23.00,24.00,2.009,0.715,14.4,2.793,N
BX22-052,24.00,26.00,1.446,0.638,11.9,2.694,N
BX22-052,26.00,27.00,1.787,0.777,11.0,2.715,N
BX22-052,27.00,29.00,1.151,0.411,10.3,2.694,N
BX22-052,29.00,30.00,1.655,0.646,8.0,2.701,N
BX22-052,30.00,31.50,1.824,0.582,8.4,2.741,N
BX22-052,31.50,33.50,1.505,0.635,7.1,2.724,N
BX22-052,33.50,34.50,1.603,0.566,6.3,2.693,N
BX22-052,34.50,36.50,1.168,0.458,6.9,2.634,N
BX22-052,36.50,37.50,0.724,0.366,4.7,2.683,N
BX22-052,37.50,38.50,1.759,0.640,9.5,2.704,N
BX22-052,38.50,40.50,1.343,0.301,8.3,2.697,N
BX22-052,40.50,42.00,1.010,0.349,5.6,2.676,N
BX22-052,42.00,43.00,0.882,0.356,8.0,2.689,N
BX22-052,43.00,45.00,0.812,0.200,5.2,2.679,N
BX22-052,45.00,46.00,0.930,0.391,5.9,2.674,N
BX22-052,46.00,47.00,1.159,0.322,10.1,2.729,N
BX22-052,47.00,48.00,0.887,0.366,7.8,2.710,N
BX22-052,48.00,49.00,0.759,0.397,6.4,2.626,N
BX22-052,49.00,51.00,0.401,0.044,0.5,2.671,N
BX22-052,51.00,52.50,1.640,0.612,12.8,2.705,N
BX22-052,52.50,54.50,0.605,0.219,5.2,2.632,N
BX22-052,54.50,56.50,0.649,0.249,5.4,2.720,N
BX22-052,56.50,57.50,0.573,0.311,0.5,2.685,N
BX22-052,57.50,59.50,0.923,0.250,8.3,2.692,N
BX22-052,59.50,60.50,0.765,0.490,3.2,2.586,Y
BX22-052,60.50,62.00,0.489,0.105,5.0,2.642,N
BX22-052,62.00,64.00,1.030,0.338,8.3,2.729,N
BX22-052,64.00,65.00,0.430,0.222,3.2,2.662,N
BX22-052,65.00,66.50,0.662,0.275,6.0,2.625,N
BX22-052,66.50,67.50,0.453,0.261,3.0,2.693,N
BX22-052,67.50,68.50,0.857,0.419,4.3,2.649,N
BX22-052,68.50,69.50,0.512,0.112,0.5,2.663,Y
BX22-052,69.50,70.50,0.207,0.171,0.5,2.630,N
BX22-052,70.50,71.50,0.780,0.367,6.8,2.694,N
BX22-052,71.50,72.50,0.888,0.136,5.8,2.665,N
BX22-052,72.50,73.50,0.080,0.010,1.6,2.620,N
BX22-052,73.50,74.50,0.441,0.252,3.2,2.611,N
BX22-052,74.50,75.50,1.122,0.274,8.3,2.709,N
BX22-052,75.50,77.50,0.172,0.152,0.5,2.689,N
BX22-052,77.50,79.00,0.174,0.010,4.8,2.635,N
BX22-052,79.00,80.00,0.020,0.067,0.5,2.640,N
BX22-052,80.00,81.50,0.348,0.121,3.0,2.623,N
BX22-052,81.50,83.50,0.020,0.010,3.7,2.645,N
BX22-052,83.50,84.50,0.347,0.173,0.5,2.640,N
BX22-052,84.50,86.00,0.145,0.166,3.2,2.669,N
BX22-052,86.00,87.00,0.139,0.010,0.5,2.617,N
BX22-052,87.00,88.00,0.371,0.053,0.9,2.624,N
BX22-052,88.00,89.50,0.022,0.010,0.5,2.634,N
BX22-052,89.50,91.00,0.581,0.091,7.4,2.642,N
BX22-052,91.00,93.00,1.141,0.461,6.9,2.675,N
BX22-052,93.00,94.50,0.619,0.205,2.2,2.662,N
BX22-052,94.50,95.50,0.548,0.323,1.4,2.657,N
BX22-052,95.50,97.00,0.229,0.010,0.5,2.584,N
BX22-052,97.00,98.00,0.390,0.221,1.5,2.673,N
BX22-052,98.00,99.50,0.875,0.250,2.1,2.707,N
BX22-052,99.50,101.50,0.020,0.016,0.5,2.628,N
BX22-052,101.50,103.50,0.020,0.010,2.6,2.646,N
BX22-052,103.50,104.50,0.228,0.113,0.5,2.653,N
BX22-052,104.50,106.00,0.020,0.085,0.7,2.598,N
BX22-052,106.00,108.00,0.020,0.010,1.0,2.614,N
BX22-052,108.00,109.50,0.544,0.285,4.3,2.604,N
BX22-052,109.50,110.50,0.265,0.144,0.5,2.673,N
BX22-052,110.50,112.00,0.020,0.010,0.5,2.622,N
BX22-052,112.00,114.00,0.990,0.190,1.6,2.671,N
BX22-052,114.00,115.50,0.612,0.315,0.9,2.671,N
BX22-052,115.50,117.00,0.020,0.010,0.5,2.631,N
BX22-052,117.00,118.50,0.068,0.010,0.5,2.641,N
BX22-052,118.50,119.50,0.401,0.265,1.5,2.599,N
BX22-052,119.50,121.00,0.327,0.064,0.5,2.649,N
BX22-052,121.00,122.00,0.020,0.023,3.6,2.614,N
BX22-052,122.00,123.00,0.020,0.016,0.6,2.630,N
BX22-052,123.00,124.00,0.020,0.010,0.5,2.614,N
BX22-052,124.00,125.50,0.020,0.150,0.5,2.666,N
BX22-052,125.50,127.00,0.704,0.232,3.6,2.656,N
BX22-052,127.00,128.50,0.020,0.010,0.5,2.610,N
BX22-052,128.50,129.50,0.020,0.066,0.5,2.646,N
BX22-052,129.50,131.00,0.336,0.158,0.6,2.664,N
BX22-052,131.00,132.00,0.180,0.184,3.0,2.624,N
BX22-052,132.00,133.00,0.247,0.096,3.7,2.595,N
BX22-052,133.00,135.00,0.020,0.172,0.5,2.654,N
BX22-052,135.00,137.00,0.020,0.010,0.5,2.626,N
BX22-052,137.00,138.00,0.317,0.278,1.0,2.609,N
BX22-052,138.00,139.00,0.020,0.010,3.8,2.637,N
BX22-052,139.00,141.00,0.770,0.209,4.4,2.675,N
BX22-052,141.00,142.50,0.215,0.102,4.5,2.642,N
BX22-052,142.50,144.00,0.020,0.078,0.5,2.690,N
BX22-052,144.00,146.00,0.157,0.045,0.5,2.603,N
BX22-052,146.00,148.00,0.133,0.161,1.4,2.639,N
BX22-052,148.00,149.00,0.020,0.010,0.5,2.587,N
BX22-052,149.00,150.50,0.474,0.258,2.6,2.675,N
BX22-052,150.50,152.00,0.020,0.010,0.5,2.592,N
BX22-052,152.00,153.50,0.138,0.010,1.1,2.631,N
BX22-052,153.50,155.50,0.020,0.010,0.5,2.588,N
BX22-052,155.50,157.50,0.480,0.214,3.9,2.655,N
BX22-052,157.50,158.50,0.020,0.091,1.2,2.571,N
BX22-052,158.50,160.00,0.544,0.297,1.7,2.686,N
BX22-052,160.00,161.00,0.443,0.254,0.5,2.663,N
BX22-052,161.00,162.00,0.067,0.082,0.5,2.567,Y
BX22-052,162.00,164.00,0.020,0.010,0.5,2.674,N
BX22-052,164.00,165.00,0.020,0.010,1.8,2.595,N
BX22-052,165.00,166.00,0.020,0.010,0.5,2.581,N
BX22-052,166.00,167.00,0.281,0.112,2.1,2.676,N
BX22-052,167.00,168.00,0.020,0.010,1.8,2.574,N
BX22-052,168.00,170.00,0.020,0.078,0.5,2.677,N
BX22-052,170.00,171.50,0.020,0.097,0.5,2.630,N
BX22-052,171.50,172.50,0.063,0.010,0.8,2.640,N
BX22-052,172.50,174.50,0.020,0.105,0.5,2.615,N
BX22-052,174.50,176.50,0.020,0.046,0.7,2.606,N
BX22-052,176.50,177.50,0.020,0.010,0.5,2.601,N
BX22-052,177.50,179.00,0.020,0.059,0.5,2.646,N
BX22-052,179.00,181.00,0.031,0.010,1.5,2.590,N
BX22-052,181.00,182.00,0.020,0.117,3.8,2.608,N
BX22-052,182.00,183.00,0.020,0.197,2.4,2.669,N
BX22-052,183.00,184.50,0.065,0.282,0.5,2.582,N
BX22-052,184.50,185.50,0.020,0.073,2.0,2.604,N
BX22-052,185.50,187.50,0.666,0.244,2.1,2.652,N
BX22-052,187.50,188.50,0.705,0.342,3.4,2.676,N
BX22-052,188.50,189.50,0.020,0.040,0.5,2.577,N
BX22-052,189.50,191.50,0.621,0.249,3.9,2.700,N
BX22-052,191.50,192.50,0.020,0.010,0.5,2.612,N
BX22-052,192.50,194.50,0.020,0.099,1.4,2.608,N
BX22-052,194.50,195.50,0.020,0.010,1.1,2.635,N
BX22-052,195.50,197.50,0.020,0.010,2.1,2.627,N
BX22-052,197.50,198.50,0.020,0.010,0.5,2.617,N
BX22-052,198.50,200.50,0.020,0.147,0.5,2.674,N
BX22-052,200.50,201.50,0.145,0.065,2.6,2.638,N
BX22-052,201.50,203.00,0.020,0.010,0.5,2.601,N
BX22-052,203.00,204.50,0.020,0.143,0.5,2.610,N
BX22-052,204.50,206.00,0.493,0.190,1.9,2.660,N
BX22-052,206.00,207.00,0.020,0.010,1.3,2.609,N
BX22-052,207.00,209.00,0.145,0.010,2.1,2.614,N
BX22-052,209.00,211.00,0.184,0.092,1.1,2.678,N
BX22-052,211.00,212.50,0.120,0.076,0.5,2.631,N
BX22-052,212.50,213.50,0.511,0.285,1.5,2.617,N
BX22-052,213.50,215.00,0.819,0.391,5.6,2.723,N
BX22-052,215.00,216.00,0.020,0.010,0.5,2.617,N
BX22-052,216.00,217.00,0.309,0.053,0.5,2.636,N
BX22-052,217.00,218.00,0.049,0.010,2.8,2.675,N
BX22-052,218.00,219.00,0.748,0.365,3.1,2.673,N
BX22-052,219.00,220.50,0.423,0.075,2.5,2.647,N
BX22-052,220.50,222.00,0.281,0.038,2.6,2.620,N
BX22-052,222.00,223.00,0.287,0.076,0.5,2.592,N
BX22-052,223.00,224.00,0.020,0.010,0.5,2.676,N
BX22-053,0.00,2.00,3.740,1.221,19.3,2.904,N
BX22-053,2.00,3.00,3.515,1.254,23.0,2.833,N
BX22-053,3.00,4.00,3.248,0.864,20.5,2.813,N
BX22-053,4.00,5.50,3.026,0.959,15.5,2.816,N
BX22-053,5.50,6.50,3.684,1.361,22.5,2.848,N
BX22-053,6.50,8.50,3.754,1.380,20.7,2.841,N
BX22-053,8.50,9.50,3.718,1.306,24.1,2.839,N
BX22-053,9.50,10.50,3.384,1.214,19.6,2.842,N
BX22-053,10.50,12.00,3.637,1.334,22.7,2.798,N
BX22-053,12.00,13.50,3.627,1.092,20.2,2.782,N
BX22-053,13.50,15.50,3.189,1.014,18.8,2.798,N
BX22-053,15.50,17.00,3.068,0.924,16.3,2.773,N
BX22-053,17.00,19.00,3.876,1.417,21.5,2.901,N
BX22-053,19.00,20.50,3.759,1.287,22.4,2.867,N
BX22-053,20.50,22.00,3.283,1.151,21.6,2.763,N
BX22-053,22.00,23.00,2.960,1.182,12.2,2.755,N
BX22-053,23.00,24.00,3.557,1.222,20.6,2.801,N
BX22-053,24.00,26.00,2.862,0.873,16.2,2.832,N
BX22-053,26.00,27.00,2.828,1.156,15.0,2.783,N
BX22-053,27.00,28.50,3.393,1.176,20.5,2.769,N
BX22-053,28.50,30.00,3.481,1.325,23.2,2.765,N
BX22-053,30.00,32.00,3.012,1.065,16.7,2.817,N
BX22-053,32.00,33.00,3.497,1.234,21.9,2.829,N
BX22-053,33.00,34.50,2.941,0.976,16.5,2.804,N
BX22-053,34.50,35.50,3.289,1.263,20.5,2.785,N
BX22-053,35.50,36.50,2.912,1.009,17.9,2.813,N
BX22-053,36.50,37.50,3.169,1.060,20.2,2.815,N
BX22-053,37.50,38.50,3.120,1.210,18.6,2.793,N
BX22-053,38.50,39.50,3.418,1.356,20.9,2.770,N
BX22-053,39.50,41.50,2.725,0.974,13.4,2.806,N
BX22-053,41.50,42.50,3.026,1.008,13.8,2.843,N
BX22-053,42.50,43.50,3.262,1.086,22.6,2.844,N
BX22-053,43.50,44.50,3.480,1.281,21.0,2.831,N
BX22-053,44.50,46.50,3.004,0.908,17.0,2.801,N
BX22-053,46.50,48.00,3.569,1.227,20.7,2.840,Y
BX22-053,48.00,49.00,3.407,1.223,21.0,2.820,N
BX22-053,49.00,50.50,3.227,1.122,16.4,2.788,N
BX22-053,50.50,52.50,3.049,0.812,18.6,2.755,N
BX22-053,52.50,54.00,2.885,1.006,17.4,2.751,N
BX22-053,54.00,55.00,2.913,1.056,17.7,2.811,N
BX22-053,55.00,56.00,2.960,0.768,17.0,2.784,N
BX22-053,56.00,57.00,2.818,1.065,19.2,2.791,N
BX22-053,57.00,58.00,3.573,1.289,21.6,2.879,N
BX22-053,58.00,60.00,3.483,0.986,18.9,2.866,N
BX22-053,60.00,62.00,2.501,0.889,14.4,2.734,N
BX22-053,62.00,63.00,3.017,1.039,16.3,2.785,N
BX22-053,63.00,64.00,2.390,0.701,16.9,2.772,N
BX22-053,64.00,66.00,2.511,0.797,15.7,2.763,N
BX22-053,66.00,68.00,2.827,1.178,14.8,2.771,N
BX22-053,68.00,69.00,3.716,1.429,24.5,2.900,N
BX22-053,69.00,70.00,2.621,0.964,16.0,2.768,Y
BX22-053,70.00,71.00,3.061,1.167,16.2,2.791,N
BX22-053,71.00,72.50,2.758,0.967,17.1,2.811,N
BX22-053,72.50,74.50,3.392,1.265,23.2,2.782,N
BX22-053,74.50,76.50,1.659,0.600,9.4,2.701,N
BX22-053,76.50,78.50,2.066,0.934,12.5,2.757,N
BX22-053,78.50,79.50,2.078,0.694,6.8,2.758,N
BX22-053,79.50,80.50,2.557,0.782,17.2,2.806,N
BX22-053,80.50,82.00,2.555,0.943,14.7,2.734,N
BX22-053,82.00,84.00,2.646,0.887,16.7,2.755,N
BX22-053,84.00,85.00,2.524,0.920,12.0,2.709,N
BX22-053,85.00,86.00,2.766,1.020,16.5,2.844,Y
BX22-053,86.00,88.00,2.388,0.888,16.1,2.755,N
BX22-053,88.00,90.00,2.623,0.958,16.4,2.865,N
BX22-053,90.00,92.00,1.964,0.654,8.0,2.748,N
BX22-053,92.00,94.00,2.883,0.917,20.2,2.763,N
BX22-053,94.00,95.00,1.928,0.679,13.2,2.737,N
BX22-053,95.00,97.00,2.166,0.672,14.8,2.741,N
BX22-053,97.00,99.00,2.489,0.739,11.5,2.760,N
BX22-053,99.00,100.50,2.079,0.660,10.7,2.733,Y
BX22-053,100.50,101.50,2.783,1.137,17.6,2.777,N
BX22-053,101.50,102.50,2.167,0.617,12.5,2.770,N
BX22-053,102.50,104.50,1.698,0.514,11.1,2.684,N
BX22-053,104.50,106.00,1.987,0.450,10.3,2.746,N
BX22-053,106.00,107.00,1.578,0.533,7.9,2.716,N
BX22-053,107.00,108.00,1.430,0.533,3.9,2.666,N
BX22-053,108.00,109.00,1.431,0.537,11.3,2.670,N
BX22-053,109.00,110.00,1.985,0.783,13.6,2.763,N
BX22-053,110.00,111.50,1.435,0.448,11.5,2.708,Y
BX22-053,111.50,113.00,1.369,0.601,8.6,2.707,N
BX22-053,113.00,114.50,2.324,0.836,13.8,2.721,N
BX22-053,114.50,115.50,2.127,0.668,14.5,2.736,N
BX22-053,115.50,117.50,1.939,0.921,10.1,2.735,N
BX22-053,117.50,118.50,1.550,0.533,7.3,2.762,N
BX22-053,118.50,120.00,1.904,0.530,10.2,2.742,N
BX22-053,120.00,121.50,1.512,0.558,12.7,2.730,N
BX22-053,121.50,122.50,1.388,0.385,10.0,2.663,N
BX22-053,122.50,124.00,1.749,0.497,11.4,2.747,N
BX22-053,124.00,125.00,1.524,0.551,8.4,2.690,N
BX22-053,125.00,127.00,1.049,0.294,8.5,2.654,N
BX22-053,127.00,128.50,1.385,0.440,7.7,2.738,N
BX22-053,128.50,130.50,1.683,0.481,11.6,2.732,N
BX22-053,130.50,131.50,1.362,0.488,9.9,2.700,N
BX22-053,131.50,133.50,1.243,0.390,13.5,2.718,N
BX22-053,133.50,135.50,1.786,0.515,10.9,2.730,N
BX22-053,135.50,137.50,1.138,0.458,8.1,2.765,N
BX22-053,137.50,138.50,1.653,0.560,11.0,2.718,Y
BX22-053,138.50,140.00,1.753,0.557,11.5,2.711,N
BX22-053,140.00,141.50,1.931,0.589,12.2,2.732,N
BX22-053,141.50,143.00,1.139,0.231,6.0,2.702,N
BX22-053,143.00,144.00,1.779,0.654,9.5,2.716,N
BX22-053,144.00,145.00,0.848,0.436,5.5,2.762,N
BX22-053,145.00,147.00,1.574,0.684,7.6,2.730,N
BX22-053,147.00,149.00,1.097,0.380,6.2,2.670,N
BX22-053,149.00,150.00,1.176,0.411,9.1,2.719,N
BX22-053,150.00,151.50,0.827,0.512,2.6,2.665,N
BX22-053,151.50,152.50,1.764,0.533,9.4,2.688,N
BX22-053,152.50,153.50,0.947,0.382,6.5,2.719,N
BX22-053,153.50,154.50,0.925,0.188,3.3,2.736,N
BX22-053,154.50,156.50,0.748,0.287,2.6,2.646,N
BX22-053,156.50,158.50,1.114,0.445,9.7,2.652,N
BX22-053,158.50,159.50,0.120,0.017,2.7,2.616,N
BX22-053,159.50,161.00,1.255,0.449,7.4,2.704,N
BX22-053,161.00,162.50,1.428,0.463,4.6,2.666,N
BX22-053,162.50,163.50,1.102,0.506,7.4,2.662,N
BX22-053,163.50,164.50,1.448,0.440,5.5,2.739,N
BX22-053,164.50,165.50,0.765,0.280,2.6,2.631,N
BX22-053,165.50,166.50,0.576,0.311,6.4,2.617,N
BX22-053,166.50,168.00,0.872,0.298,5.3,2.687,N
BX22-053,168.00,170.00,0.313,0.015,2.2,2.637,N
BX22-053,170.00,171.00,1.114,0.440,5.9,2.705,N
BX22-053,171.00,172.00,0.937,0.248,7.9,2.642,N
BX22-053,172.00,173.00,1.115,0.326,8.9,2.672,N
BX22-053,173.00,174.50,0.694,0.336,4.9,2.710,N
BX22-053,174.50,176.00,0.771,0.340,6.8,2.651,N
BX22-053,176.00,178.00,0.595,0.266,4.2,2.661,N
BX22-053,178.00,179.00,1.072,0.476,10.3,2.695,N
BX22-053,179.00,181.00,1.195,0.544,10.8,2.671,N
BX22-053,181.00,183.00,0.953,0.481,6.9,2.683,N
BX22-053,183.00,184.50,0.945,0.485,9.3,2.726,N
BX22-053,184.50,186.50,0.044,0.010,1.5,2.623,N
BX22-053,186.50,187.50,0.518,0.230,0.5,2.662,N
BX22-053,187.50,189.50,0.249,0.159,1.1,2.630,N
BX22-053,189.50,190.50,0.922,0.340,5.9,2.684,N
BX22-053,190.50,191.50,0.874,0.254,10.0,2.623,N
BX22-053,191.50,193.00,0.869,0.204,6.6,2.677,N
BX22-053,193.00,194.00,0.293,0.063,0.8,2.665,N
BX22-053,194.00,195.00,0.648,0.230,3.1,2.630,N
BX22-053,195.00,196.00,0.823,0.401,5.2,2.643,N
BX22-053,196.00,197.00,0.880,0.238,5.0,2.697,N
BX22-053,197.00,198.00,0.301,0.165,4.3,2.653,N
BX22-053,198.00,199.00,0.695,0.373,2.1,2.639,N
BX22-053,199.00,200.00,0.124,0.073,1.3,2.561,N
BX22-053,200.00,201.00,0.913,0.341,6.3,2.645,N
BX22-053,201.00,202.00,0.365,0.097,1.5,2.640,N
BX22-053,202.00,203.00,0.287,0.029,1.6,2.637,N
BX22-053,203.00,205.00,0.675,0.357,2.2,2.680,Y
BX22-053,205.00,206.00,0.854,0.231,6.1,2.681,N
BX22-053,206.00,207.50,0.291,0.057,0.8,2.669,N
BX22-053,207.50,209.00,0.694,0.111,3.8,2.694,N
BX22-053,209.00,211.00,0.020,0.046,0.5,2.652,N
BX22-053,211.00,212.00,0.596,0.269,3.9,2.676,N
BX22-053,212.00,213.50,0.020,0.040,1.5,2.635,N
BX22-053,213.50,215.00,0.477,0.184,2.3,2.636,N
BX22-053,215.00,216.00,0.469,0.010,6.6,2.637,N
BX22-053,216.00,217.00,0.424,0.053,0.7,2.599,N
BX22-053,217.00,218.00,0.735,0.311,4.2,2.704,N
BX22-053,218.00,219.50,0.312,0.192,0.5,2.687,N
BX22-053,219.50,220.50,0.020,0.171,1.8,2.588,N
BX22-053,220.50,222.50,0.255,0.055,2.6,2.714,N
BX22-053,222.50,223.00,0.314,0.092,5.7,2.663,N
BX22-054,0.00,1.00,3.375,1.083,20.1,2.874,N
BX22-054,1.00,2.00,3.465,1.239,22.4,2.863,N
BX22-054,2.00,3.50,2.743,0.755,16.0,2.745,N
BX22-054,3.50,5.00,3.564,1.206,19.3,2.888,Y
BX22-054,5.00,7.00,2.954,1.090,16.8,2.806,N
BX22-054,7.00,8.00,3.055,1.083,19.4,2.826,N
BX22-054,8.00,10.00,2.964,0.868,18.4,2.829,N
BX22-054,10.00,11.00,3.098,1.098,18.7,2.822,N
BX22-054,11.00,13.00,3.032,1.149,18.6,2.789,N
BX22-054,13.00,14.50,2.986,0.976,19.7,2.777,N
BX22-054,14.50,15.50,3.654,1.402,24.4,2.856,N
BX22-054,15.50,17.50,3.093,1.104,21.3,2.776,N
BX22-054,17.50,18.50,3.758,1.226,27.3,2.840,N
BX22-054,18.50,20.00,2.603,0.786,17.9,2.787,N
BX22-054,20.00,21.00,3.464,1.119,20.2,2.827,N
BX22-054,21.00,22.00,2.689,0.911,15.4,2.778,N
BX22-054,22.00,23.00,3.245,1.039,20.0,2.833,N
BX22-054,23.00,24.50,2.688,0.903,19.4,2.815,N
BX22-054,24.50,26.00,2.922,1.118,15.2,2.783,N
BX22-054,26.00,27.00,2.358,0.950,15.0,2.715,N
BX22-054,27.00,28.00,3.003,1.004,16.2,2.819,N
BX22-054,28.00,29.50,2.801,1.210,12.7,2.792,N
BX22-054,29.50,31.00,3.132,1.061,18.2,2.789,N
BX22-054,31.00,32.00,3.267,1.150,18.1,2.829,N
BX22-054,32.00,33.00,2.119,0.661,14.8,2.743,N
BX22-054,33.00,34.00,3.413,1.292,20.6,2.833,N
BX22-054,34.00,35.00,3.488,1.194,22.1,2.824,N
BX22-054,35.00,37.00,3.329,1.157,19.6,2.798,N
BX22-054,37.00,39.00,2.778,0.802,15.7,2.769,N
BX22-054,39.00,40.00,3.122,1.182,16.1,2.821,N
BX22-054,40.00,42.00,2.637,0.929,13.3,2.761,N
BX22-054,42.00,44.00,3.017,1.009,17.4,2.859,N
BX22-054,44.00,45.00,3.238,1.121,23.0,2.818,N
BX22-054,45.00,46.00,2.786,0.997,15.9,2.824,N
BX22-054,46.00,47.00,2.329,0.917,14.7,2.811,N
BX22-054,47.00,49.00,2.467,1.003,9.4,2.758,N
BX22-054,49.00,50.00,2.448,0.904,12.4,2.786,N
BX22-054,50.00,51.50,2.754,1.087,20.4,2.769,N
BX22-054,51.50,53.50,2.192,0.816,14.2,2.768,N
BX22-054,53.50,54.50,3.129,1.195,15.5,2.808,N
BX22-054,54.50,55.50,3.122,1.314,19.5,2.822,N
BX22-054,55.50,57.00,2.793,0.943,15.4,2.758,N
BX22-054,57.00,58.00,2.792,1.084,15.1,2.776,Y
BX22-054,58.00,59.50,2.394,0.768,13.1,2.736,N
BX22-054,59.50,60.50,2.378,0.983,15.7,2.724,N
BX22-054,60.50,62.50,2.109,0.804,12.3,2.788,N
BX22-054,62.50,64.50,2.956,0.865,18.7,2.834,N
BX22-054,64.50,66.00,2.278,0.736,13.0,2.787,N
BX22-054,66.00,68.00,3.246,1.131,16.0,2.800,N
BX22-054,68.00,70.00,2.448,0.981,18.2,2.822,N
BX22-054,70.00,71.00,2.807,1.050,14.8,2.804,N
BX22-054,71.00,72.50,2.173,0.622,13.5,2.760,N
BX22-054,72.50,73.50,2.383,0.915,17.0,2.752,N
BX22-054,73.50,74.50,2.178,0.810,14.6,2.742,N
BX22-054,74.50,76.50,2.347,0.786,17.2,2.764,N
BX22-054,76.50,77.50,2.385,0.891,14.2,2.717,N
BX22-054,77.50,79.50,2.519,1.032,10.8,2.766,N
BX22-054,79.50,80.50,3.002,0.893,20.2,2.790,N
BX22-054,80.50,82.50,2.762,0.916,16.7,2.826,N
BX22-054,82.50,84.00,2.551,0.940,17.8,2.747,N
BX22-054,84.00,85.50,2.056,0.773,17.1,2.619,N
BX22-054,85.50,87.50,3.205,1.207,19.9,2.854,N
BX22-054,87.50,88.50,2.444,0.742,11.7,2.773,N
BX22-054,88.50,89.50,2.096,0.856,13.1,2.772,N
BX22-054,89.50,90.50,1.782,0.522,11.1,2.743,N
BX22-054,90.50,91.50,1.778,0.596,14.5,2.794,N
BX22-054,91.50,93.00,2.093,0.797,12.9,2.752,N
BX22-054,93.00,95.00,2.165,0.820,13.7,2.788,N
BX22-054,95.00,96.00,1.891,0.659,9.9,2.728,N
BX22-054,96.00,97.50,2.106,0.716,12.3,2.679,N
BX22-054,97.50,98.50,1.867,0.611,11.4,2.744,N
BX22-054,98.50,100.00,2.295,0.863,12.4,2.768,N
BX22-054,100.00,101.50,2.163,0.758,14.5,2.685,N
BX22-054,101.50,103.50,2.419,0.889,12.1,2.775,N
BX22-054,103.50,105.00,2.187,0.828,14.4,2.773,N
BX22-054,105.00,106.00,2.208,0.751,16.3,2.744,N
BX22-054,106.00,107.00,2.199,0.752,9.3,2.806,N
BX22-054,107.00,108.00,2.125,0.484,10.8,2.795,N
BX22-054,108.00,109.00,1.992,0.516,9.7,2.748,N
BX22-054,109.00,110.00,1.610,0.639,10.1,2.670,N
BX22-054,110.00,111.00,2.201,0.771,13.6,2.728,N
BX22-054,111.00,112.00,1.659,0.463,10.9,2.689,Y
BX22-054,112.00,113.50,1.883,0.764,12.1,2.719,N
BX22-054,113.50,114.50,1.674,0.621,10.7,2.737,N
BX22-054,114.50,115.50,1.504,0.437,11.8,2.665,N
BX22-054,115.50,117.50,2.021,0.674,12.8,2.688,N
BX22-054,117.50,119.50,2.343,0.835,11.7,2.782,N
BX22-054,119.50,121.50,0.791,0.295,9.7,2.649,N
BX22-054,121.50,123.00,2.136,0.669,14.1,2.760,N
BX22-054,123.00,124.50,1.333,0.446,9.3,2.700,N
BX22-054,124.50,126.50,1.342,0.462,8.5,2.721,N
BX22-054,126.50,127.50,1.664,0.547,9.6,2.690,N
BX22-054,127.50,128.50,1.272,0.479,7.3,2.678,N
BX22-054,128.50,129.50,1.908,0.577,10.9,2.733,N
BX22-054,129.50,130.50,1.660,0.548,9.9,2.737,N
BX22-054,130.50,131.50,1.482,0.531,9.8,2.694,N
BX22-054,131.50,133.50,1.753,0.513,11.8,2.727,N
BX22-054,133.50,134.50,1.492,0.668,7.2,2.717,N
BX22-054,134.50,135.50,2.135,0.893,11.4,2.755,N
BX22-054,135.50,136.50,1.154,0.621,11.2,2.686,N
BX22-054,136.50,138.00,1.684,0.657,11.1,2.718,N
BX22-054,138.00,140.00,1.635,0.741,10.1,2.695,N
BX22-054,140.00,141.00,1.904,0.678,13.7,2.684,N
BX22-055,0.00,1.50,1.076,0.347,5.8,2.646,N
BX22-055,1.50,2.50,1.234,0.242,9.1,2.715,N
BX22-055,2.50,3.50,1.195,0.609,9.4,2.666,N
BX22-055,3.50,4.50,0.894,0.326,4.2,2.666,N
BX22-055,4.50,5.50,0.785,0.061,5.3,2.665,N
BX22-055,5.50,7.00,1.191,0.402,9.6,2.716,N
BX22-055,7.00,8.00,0.655,0.168,2.5,2.662,N
BX22-055,8.00,10.00,1.264,0.397,10.2,2.682,N
BX22-055,10.00,12.00,1.239,0.438,10.3,2.713,N
BX22-055,12.00,13.00,0.903,0.395,8.2,2.697,N
BX22-055,13.00,14.00,0.729,0.206,3.9,2.683,N
BX22-055,14.00,15.00,0.656,0.245,2.0,2.679,N
BX22-055,15.00,16.50,1.445,0.558,6.2,2.723,N
BX22-055,16.50,18.00,0.708,0.288,5.3,2.695,N
BX22-055,18.00,19.00,0.824,0.320,3.7,2.671,N
BX22-055,19.00,20.00,0.616,0.390,3.7,2.631,Y
BX22-055,20.00,21.50,1.221,0.471,8.8,2.680,N
BX22-055,21.50,23.00,0.898,0.376,6.3,2.631,N
BX22-055,23.00,24.00,0.919,0.345,4.9,2.675,N
BX22-055,24.00,25.50,1.110,0.378,5.4,2.710,N
BX22-055,25.50,27.00,0.655,0.291,3.0,2.623,N
BX22-055,27.00,28.50,0.818,0.328,7.0,2.658,N
BX22-055,28.50,29.50,0.949,0.359,2.4,2.694,N
BX22-055,29.50,30.50,1.352,0.394,10.2,2.629,N
BX22-055,30.50,31.50,0.744,0.210,6.6,2.646,N
BX22-055,31.50,33.50,0.826,0.284,11.1,2.636,N
BX22-055,33.50,35.00,1.159,0.617,6.5,2.727,N
BX22-055,35.00,36.00,0.897,0.487,7.7,2.718,N
BX22-055,36.00,38.00,0.443,0.195,1.8,2.614,N
BX22-055,38.00,39.50,1.032,0.456,7.7,2.685,N
BX22-055,39.50,41.50,0.844,0.297,3.3,2.683,N
BX22-055,41.50,43.00,0.816,0.092,4.4,2.653,N
BX22-055,43.00,44.00,0.873,0.432,4.6,2.620,N
BX22-055,44.00,45.00,0.527,0.205,2.6,2.682,N
BX22-055,45.00,47.00,1.092,0.494,6.9,2.704,N
BX22-055,47.00,48.00,0.631,0.164,4.4,2.653,N
BX22-055,48.00,50.00,0.689,0.418,4.4,2.679,N
BX22-055,50.00,52.00,0.334,0.050,4.0,2.674,N
BX22-055,52.00,53.50,1.176,0.531,6.5,2.635,N
BX22-055,53.50,54.50,1.161,0.324,6.1,2.684,N
BX22-055,54.50,55.50,0.430,0.134,5.2,2.656,N
BX22-055,55.50,57.50,0.923,0.318,0.9,2.722,N
BX22-055,57.50,58.50,1.087,0.529,7.8,2.716,N
BX22-055,58.50,60.00,0.737,0.367,3.5,2.676,N
BX22-055,60.00,61.00,0.342,0.124,4.7,2.665,N
BX22-055,61.00,63.00,1.099,0.283,4.7,2.672,N
BX22-055,63.00,64.50,0.507,0.262,1.8,2.658,N
BX22-055,64.50,65.50,0.957,0.261,7.5,2.694,N
BX22-055,65.50,66.50,0.252,0.032,0.5,2.633,N
BX22-055,66.50,68.00,0.767,0.239,9.2,2.693,N
BX22-055,68.00,69.50,0.551,0.288,2.5,2.657,N
BX22-055,69.50,71.50,1.529,0.372,7.3,2.714,N
BX22-055,71.50,72.50,1.276,0.354,3.9,2.648,N
BX22-055,72.50,73.50,0.829,0.353,5.8,2.636,N
BX22-055,73.50,75.00,1.002,0.370,6.5,2.678,N
BX22-055,75.00,76.50,0.360,0.229,5.5,2.659,N
BX22-055,76.50,78.00,0.752,0.422,9.1,2.649,N
BX22-055,78.00,79.00,0.144,0.013,1.5,2.644,N
BX22-055,79.00,80.50,1.307,0.370,10.6,2.690,N
BX22-055,80.50,81.50,0.636,0.147,6.2,2.627,N
BX22-055,81.50,82.50,0.020,0.010,0.5,2.614,N
BX22-055,82.50,83.50,0.826,0.253,1.3,2.711,N
BX22-055,83.50,84.50,0.463,0.010,4.0,2.658,N
BX22-055,84.50,86.00,1.415,0.587,11.2,2.712,N
BX22-055,86.00,87.50,0.663,0.172,5.4,2.656,N
BX22-055,87.50,89.50,0.557,0.302,0.5,2.670,N
BX22-055,89.50,91.50,0.267,0.097,3.8,2.625,N
BX22-055,91.50,92.50,0.849,0.208,6.7,2.660,N
BX22-055,92.50,93.50,1.047,0.433,7.9,2.700,N
BX22-055,93.50,95.50,0.533,0.184,2.9,2.659,N
BX22-055,95.50,97.00,0.183,0.187,0.5,2.656,Y
BX22-055,97.00,98.00,0.020,0.010,0.5,2.631,N
BX22-055,98.00,100.00,0.202,0.180,0.5,2.628,N
BX22-055,100.00,101.50,0.020,0.149,0.5,2.609,N
BX22-055,101.50,102.50,0.634,0.302,2.7,2.624,N
BX22-055,102.50,104.50,0.020,0.062,0.5,2.614,N
BX22-055,104.50,106.00,0.332,0.263,1.0,2.638,N
BX22-055,106.00,108.00,0.020,0.116,0.8,2.669,N
BX22-055,108.00,109.50,0.020,0.010,0.5,2.686,N
BX22-055,109.50,111.50,0.101,0.084,1.3,2.640,N
BX22-055,111.50,112.50,0.108,0.051,0.5,2.668,N
BX22-055,112.50,113.50,0.918,0.223,7.9,2.665,N
BX22-055,113.50,114.50,0.448,0.221,5.8,2.656,N
BX22-055,114.50,115.50,0.188,0.010,0.5,2.603,N
BX22-055,115.50,117.50,0.020,0.010,1.2,2.620,N
BX22-055,117.50,118.50,0.686,0.380,1.7,2.700,N
BX22-055,118.50,120.00,0.020,0.010,2.3,2.645,N
BX22-055,120.00,121.00,0.297,0.059,1.2,2.608,N
BX22-055,121.00,123.00,0.274,0.134,5.6,2.608,N
BX22-055,123.00,124.50,0.256,0.153,2.6,2.619,N
BX22-055,124.50,125.50,0.221,0.010,2.0,2.613,N
BX22-055,125.50,126.50,0.384,0.314,1.1,2.618,N
BX22-055,126.50,127.50,0.603,0.319,8.1,2.641,N
BX22-055,127.50,129.00,0.321,0.103,0.5,2.606,N
BX22-055,129.00,130.00,0.366,0.073,3.5,2.602,N
BX22-055,130.00,132.00,0.277,0.048,2.4,2.619,N
BX22-055,132.00,133.50,0.136,0.010,2.3,2.634,N
BX22-055,133.50,134.50,0.130,0.141,0.5,2.657,N
BX22-055,134.50,135.50,0.875,0.467,8.8,2.706,N
BX22-055,135.50,137.50,0.806,0.352,6.2,2.661,Y
BX22-055,137.50,139.00,0.035,0.049,1.3,2.614,N
BX22-055,139.00,141.00,0.020,0.010,1.8,2.617,N
BX22-055,141.00,142.50,0.758,0.262,3.8,2.697,N
BX22-055,142.50,144.00,0.658,0.302,8.1,2.678,N
BX22-055,144.00,145.00,0.234,0.115,0.5,2.633,N
BX22-055,145.00,147.00,0.590,0.207,2.5,2.633,N
BX22-055,147.00,148.00,1.170,0.310,9.1,2.667,N
BX22-055,148.00,149.50,0.458,0.036,0.5,2.667,N
BX22-055,149.50,150.50,0.244,0.010,0.5,2.614,N
BX22-055,150.50,152.00,0.020,0.034,2.2,2.603,N
BX22-055,152.00,154.00,0.219,0.010,2.4,2.640,N
BX22-055,154.00,156.00,0.148,0.083,0.5,2.647,N
BX22-055,156.00,157.00,0.764,0.181,1.9,2.619,N
BX22-055,157.00,158.00,0.748,0.306,4.7,2.700,N
BX22-055,158.00,160.00,0.037,0.114,0.5,2.660,N
BX22-055,160.00,161.00,0.379,0.120,2.8,2.660,N
BX22-055,161.00,162.00,0.076,0.170,0.5,2.651,N
BX22-055,162.00,163.00,0.178,0.016,0.5,2.617,N
BX22-055,163.00,164.00,0.020,0.051,0.5,2.645,N
BX22-055,164.00,165.50,0.376,0.198,0.7,2.670,N
BX22-055,165.50,167.00,0.470,0.197,7.1,2.601,N
BX22-055,167.00,168.00,0.159,0.128,1.7,2.655,N
BX22-055,168.00,170.00,0.072,0.215,0.5,2.629,Y
BX22-055,170.00,171.50,0.705,0.419,4.5,2.594,N
BX22-055,171.50,172.50,0.747,0.230,3.8,2.672,N
BX22-055,172.50,174.50,0.437,0.150,3.1,2.634,N
BX22-055,174.50,176.50,0.318,0.089,1.5,2.606,N
BX22-055,176.50,177.50,0.186,0.010,1.1,2.602,N
BX22-055,177.50,178.50,0.110,0.197,1.8,2.614,N
BX22-055,178.50,180.00,0.020,0.105,2.1,2.662,N
BX22-055,180.00,182.00,0.020,0.010,3.1,2.700,N
BX22-055,182.00,183.00,0.020,0.035,0.5,2.588,N
BX22-055,183.00,184.00,0.308,0.188,1.8,2.632,N
BX22-055,184.00,186.00,0.072,0.074,0.5,2.602,N
BX22-055,186.00,187.50,0.421,0.208,2.8,2.674,N
BX22-055,187.50,188.50,0.020,0.039,0.5,2.606,N
BX22-055,188.50,189.50,0.933,0.359,6.3,2.675,Y
BX22-055,189.50,191.50,0.750,0.447,8.1,2.717,N
BX22-055,191.50,193.00,0.020,0.070,0.5,2.621,N
BX22-055,193.00,194.00,0.020,0.070,3.0,2.607,N
BX22-055,194.00,195.50,0.122,0.010,3.5,2.663,N
BX22-055,195.50,196.50,0.020,0.048,0.5,2.602,N
BX22-055,196.50,198.00,0.455,0.199,4.7,2.667,N
BX22-055,198.00,199.00,0.080,0.010,0.5,2.600,N
BX22-055,199.00,200.50,0.020,0.070,0.5,2.580,N
BX22-055,200.50,202.50,0.020,0.010,0.5,2.601,N
BX22-055,202.50,203.50,0.172,0.120,5.2,2.606,N
BX22-055,203.50,204.50,0.776,0.316,3.4,2.665,N
BX22-055,204.50,205.50,0.273,0.111,0.5,2.611,N
BX22-055,205.50,207.50,0.221,0.056,4.0,2.630,N
BX22-055,207.50,209.50,0.532,0.318,1.5,2.627,N
BX22-055,209.50,211.00,0.057,0.010,0.5,2.569,N
BX22-055,211.00,213.00,0.799,0.233,6.6,2.711,N
BX22-055,213.00,214.50,0.213,0.010,1.8,2.610,N
BX22-055,214.50,216.50,0.898,0.332,5.9,2.686,N
BX22-055,216.50,217.50,0.413,0.140,2.6,2.679,Y
BX22-055,217.50,219.50,0.148,0.190,6.9,2.617,N
BX22-055,219.50,220.50,0.020,0.010,2.6,2.641,N
BX22-055,220.50,222.50,0.408,0.283,2.5,2.696,N
BX22-055,222.50,224.50,0.480,0.169,3.7,2.601,N
BX22-055,224.50,226.00,0.466,0.346,0.5,2.627,N
BX22-055,226.00,227.00,0.020,0.010,0.5,2.640,N
BX22-056,0.00,1.50,0.020,0.010,0.5,2.669,N
BX22-056,1.50,3.00,0.747,0.239,5.5,2.725,N
BX22-056,3.00,4.00,0.253,0.203,3.6,2.705,N
BX22-056,4.00,5.00,0.231,0.174,2.3,2.629,N
BX22-056,5.00,6.00,0.091,0.036,0.5,2.641,N
BX22-056,6.00,7.00,0.020,0.010,0.5,2.616,Y
BX22-056,7.00,8.00,0.327,0.067,0.5,2.652,N
BX22-056,8.00,9.00,0.094,0.010,3.3,2.655,N
BX22-056,9.00,10.00,0.049,0.140,0.5,2.591,N
BX22-056,10.00,11.00,0.293,0.092,1.1,2.605,N
BX22-056,11.00,12.00,0.291,0.247,0.5,2.619,N
BX22-056,12.00,13.00,0.552,0.177,0.5,2.615,N
BX22-056,13.00,15.00,0.020,0.010,0.5,2.670,N
BX22-056,15.00,16.00,0.453,0.216,3.7,2.623,N
BX22-056,16.00,17.00,0.521,0.152,2.4,2.614,N
BX22-056,17.00,18.00,0.291,0.197,1.9,2.655,N
BX22-056,18.00,19.50,0.088,0.010,0.5,2.653,N
BX22-056,19.50,21.50,0.149,0.149,0.5,2.638,N
BX22-056,21.50,23.00,0.388,0.230,3.5,2.624,N
BX22-056,23.00,24.00,1.035,0.437,7.1,2.666,N
BX22-056,24.00,25.50,0.896,0.241,3.1,2.651,N
BX22-056,25.50,26.50,0.376,0.016,5.1,2.692,N
BX22-056,26.50,28.00,0.230,0.013,1.7,2.609,N
BX22-056,28.00,29.50,0.078,0.088,4.3,2.625,N
BX22-056,29.50,30.50,0.584,0.010,6.0,2.672,N
BX22-056,30.50,32.00,0.357,0.365,3.8,2.571,N
BX22-056,32.00,34.00,0.452,0.010,3.5,2.658,N
BX22-056,34.00,35.50,0.753,0.378,6.1,2.657,Y
BX22-056,35.50,36.50,1.340,0.607,6.2,2.716,N
BX22-056,36.50,37.50,0.307,0.181,0.5,2.636,N
BX22-056,37.50,38.50,0.813,0.326,5.5,2.645,N
BX22-056,38.50,39.50,0.151,0.010,1.9,2.596,N
BX22-056,39.50,40.50,0.349,0.297,1.8,2.668,N
BX22-056,40.50,41.50,0.639,0.214,7.1,2.667,N
BX22-056,41.50,42.50,0.444,0.265,0.5,2.661,N
BX22-056,42.50,44.00,0.532,0.308,2.3,2.670,N
BX22-056,44.00,46.00,0.391,0.105,6.7,2.674,N
BX22-056,46.00,48.00,0.530,0.100,5.0,2.657,Y
BX22-056,48.00,49.00,1.216,0.177,9.6,2.667,N
BX22-056,49.00,51.00,0.808,0.249,4.4,2.664,N
BX22-056,51.00,52.00,0.567,0.226,4.7,2.610,N
BX22-056,52.00,54.00,0.323,0.153,1.9,2.631,N
BX22-056,54.00,55.50,0.885,0.401,7.1,2.714,N
BX22-056,55.50,57.50,0.587,0.355,4.1,2.649,N
BX22-056,57.50,59.00,0.973,0.407,6.9,2.706,N
BX22-056,59.00,60.00,0.256,0.010,0.5,2.636,N
BX22-056,60.00,61.00,1.147,0.506,6.3,2.691,N
BX22-056,61.00,62.50,0.789,0.232,7.0,2.710,Y
BX22-056,62.50,63.50,0.588,0.180,1.4,2.659,N
BX22-056,63.50,65.50,0.245,0.300,1.4,2.604,N
BX22-056,65.50,67.50,0.881,0.089,5.5,2.672,N
BX22-056,67.50,68.50,1.038,0.348,6.9,2.673,N
BX22-056,68.50,69.50,0.394,0.148,3.8,2.664,N
BX22-056,69.50,70.50,1.443,0.307,8.5,2.706,N
BX22-056,70.50,72.00,0.020,0.060,0.9,2.590,N
BX22-056,72.00,73.00,0.980,0.305,7.0,2.633,N
BX22-056,73.00,74.00,0.671,0.320,2.9,2.664,N
BX22-056,74.00,75.00,0.435,0.012,2.7,2.657,N
BX22-056,75.00,76.00,0.457,0.114,4.8,2.603,N
BX22-056,76.00,77.00,0.499,0.136,3.6,2.682,N
BX22-056,77.00,78.50,1.044,0.479,7.4,2.707,N
BX22-056,78.50,79.50,0.937,0.372,5.1,2.660,N
BX22-056,79.50,81.50,1.053,0.491,10.7,2.662,N
BX22-056,81.50,83.50,1.143,0.579,9.1,2.729,N
BX22-056,83.50,85.50,1.306,0.506,6.1,2.725,N
BX22-056,85.50,87.00,1.344,0.724,8.6,2.663,N
BX22-056,87.00,89.00,0.976,0.593,5.6,2.692,N
BX22-056,89.00,91.00,0.858,0.284,5.9,2.670,N
BX22-056,91.00,93.00,1.479,0.410,10.7,2.749,N
BX22-056,93.00,94.00,1.096,0.410,7.3,2.693,N
BX22-056,94.00,95.00,1.223,0.363,8.4,2.666,N
BX22-056,95.00,96.00,1.248,0.533,8.9,2.689,N
BX22-056,96.00,97.00,1.156,0.278,8.9,2.664,N
BX22-056,97.00,99.00,0.959,0.390,9.2,2.652,N
BX22-056,99.00,100.00,1.587,0.537,9.0,2.709,N
BX22-056,100.00,101.00,1.197,0.382,2.1,2.699,N
BX22-056,101.00,102.00,1.370,0.668,4.1,2.677,N
BX22-056,102.00,103.50,1.423,0.461,8.4,2.751,N
BX22-056,103.50,105.50,1.911,0.810,14.1,2.746,N
BX22-056,105.50,106.50,1.636,0.514,9.6,2.691,N
BX22-056,106.50,107.50,1.135,0.325,8.0,2.700,N
BX22-056,107.50,108.50,1.172,0.411,5.6,2.671,N
BX22-056,108.50,110.00,1.198,0.616,6.5,2.728,N
BX22-056,110.00,111.00,0.434,0.204,2.6,2.596,N
BX22-056,111.00,112.00,1.368,0.544,11.2,2.735,N
BX22-056,112.00,113.50,1.399,0.535,7.2,2.672,N
BX22-056,113.50,115.00,0.821,0.090,8.5,2.662,N
BX22-056,115.00,116.00,1.819,0.596,13.5,2.746,N
BX22-056,116.00,117.00,1.609,0.502,6.5,2.706,N
BX22-056,117.00,118.00,1.234,0.459,5.5,2.694,N
BX22-056,118.00,120.00,1.536,0.553,10.9,2.686,N
BX22-056,120.00,121.50,1.707,0.533,12.2,2.769,N
BX22-056,121.50,122.50,1.539,0.533,10.2,2.733,N
BX22-056,122.50,124.50,2.172,0.886,11.2,2.788,N
BX22-056,124.50,126.00,2.256,0.710,12.8,2.776,N
BX22-056,126.00,127.00,2.243,0.954,13.7,2.770,N
BX22-056,127.00,128.00,1.454,0.473,7.5,2.692,N
BX22-056,128.00,130.00,1.620,0.535,11.7,2.742,N
BX22-056,130.00,131.50,2.079,0.714,12.5,2.814,N
BX22-056,131.50,132.50,1.710,0.701,13.0,2.685,N
BX22-056,132.50,134.50,2.079,0.775,15.1,2.759,N
BX22-056,134.50,135.50,1.804,0.726,11.3,2.715,N
BX22-056,135.50,137.50,2.144,0.938,11.9,2.769,N
BX22-056,137.50,139.00,2.014,0.625,13.5,2.793,N
BX22-056,139.00,140.00,2.079,0.731,12.0,2.730,N
BX22-056,140.00,141.50,1.737,0.496,11.6,2.726,N
BX22-056,141.50,142.50,1.869,0.607,10.1,2.715,N
BX22-056,142.50,144.00,2.401,0.889,17.5,2.804,N
BX22-056,144.00,145.50,2.373,0.913,18.8,2.763,N
BX22-056,145.50,146.50,2.350,0.803,12.5,2.764,N
BX22-056,146.50,147.50,2.502,0.776,13.7,2.805,N
BX22-056,147.50,148.50,2.030,0.626,13.8,2.680,N
BX22-056,148.50,150.50,2.532,1.005,15.1,2.808,N
BX22-056,150.50,151.50,2.463,0.968,13.2,2.801,N
BX22-056,151.50,152.50,1.597,0.537,6.2,2.702,N
BX22-056,152.50,154.00,2.651,1.040,13.1,2.764,N
BX22-056,154.00,155.00,2.671,1.144,17.0,2.768,N
BX22-056,155.00,156.00,2.632,0.869,14.1,2.741,N
BX22-056,156.00,158.00,1.992,0.627,10.5,2.733,N
BX22-056,158.00,159.50,2.639,0.958,14.8,2.797,Y
BX22-056,159.50,160.50,2.507,0.856,12.7,2.763,N
BX22-056,160.50,161.50,2.476,0.967,14.5,2.735,N
BX22-056,161.50,162.50,2.303,0.760,16.2,2.720,N
BX22-056,162.50,163.50,1.710,0.543,7.4,2.748,N
BX22-056,163.50,165.50,2.423,0.911,14.2,2.760,N
BX22-056,165.50,166.50,2.637,1.026,16.2,2.812,N
BX22-056,166.50,168.00,3.067,1.011,19.6,2.858,N
BX22-056,168.00,169.00,2.697,0.992,16.4,2.855,N
BX22-056,169.00,170.00,2.901,1.123,17.0,2.822,N
BX22-056,170.00,171.00,2.401,0.870,14.4,2.743,N
BX22-056,171.00,172.50,3.283,1.044,19.2,2.790,N
BX22-056,172.50,174.00,2.583,0.739,17.5,2.786,N
BX22-056,174.00,175.00,2.528,0.823,16.4,2.792,N
BX22-056,175.00,176.00,2.728,1.005,20.1,2.809,N
BX22-056,176.00,178.00,2.818,0.942,16.1,2.771,N
BX22-056,178.00,179.00,2.691,0.769,12.5,2.783,N
BX22-056,179.00,180.00,2.567,0.745,14.5,2.782,N
BX22-056,180.00,181.00,2.945,0.904,14.7,2.821,N
BX22-056,181.00,183.00,3.122,1.161,22.5,2.791,N
BX22-056,183.00,184.00,2.997,0.977,19.7,2.781,N
BX22-056,184.00,185.00,3.845,1.261,24.9,2.868,N
BX22-056,185.00,186.00,2.507,0.882,17.0,2.800,N
BX22-056,186.00,187.00,3.199,1.253,19.4,2.796,N
BX22-056,187.00,189.00,2.431,0.883,15.8,2.768,N
BX22-057,0.00,1.50,0.020,0.088,0.5,2.598,N
BX22-057,1.50,2.50,0.584,0.023,2.9,2.638,N
BX22-057,2.50,4.00,0.058,0.010,0.7,2.630,Y
BX22-057,4.00,5.00,0.020,0.010,0.5,2.641,N
BX22-057,5.00,6.50,0.038,0.010,0.5,2.636,N
BX22-057,6.50,7.50,0.218,0.062,0.5,2.611,N
BX22-057,7.50,8.50,0.580,0.044,0.5,2.662,N
BX22-057,8.50,10.50,0.787,0.320,4.8,2.622,N
BX22-057,10.50,11.50,0.020,0.010,0.5,2.618,N
BX22-057,11.50,12.50,0.110,0.010,0.5,2.590,N
BX22-057,12.50,14.50,0.214,0.069,0.5,2.644,N
BX22-057,14.50,15.50,0.020,0.010,3.7,2.625,N
BX22-057,15.50,16.50,0.020,0.045,1.8,2.649,N
BX22-057,16.50,17.50,0.352,0.196,0.9,2.665,N
BX22-057,17.50,18.50,0.020,0.017,0.5,2.626,N
BX22-057,18.50,19.50,0.596,0.210,5.4,2.674,N
BX22-057,19.50,20.50,0.020,0.010,2.0,2.603,N
BX22-057,20.50,21.50,0.020,0.067,2.5,2.601,N
BX22-057,21.50,23.50,0.063,0.164,0.5,2.605,N
BX22-057,23.50,24.50,0.787,0.116,4.8,2.665,N
BX22-057,24.50,25.50,0.068,0.010,0.5,2.600,N
BX22-057,25.50,26.50,0.020,0.010,0.5,2.640,N
BX22-057,26.50,28.00,0.020,0.010,0.5,2.614,N
BX22-057,28.00,29.00,0.020,0.016,1.4,2.650,N
BX22-057,29.00,30.50,0.020,0.010,0.5,2.643,N
BX22-057,30.50,32.50,0.020,0.010,0.5,2.618,N
BX22-057,32.50,34.00,0.115,0.019,0.7,2.633,N
BX22-057,34.00,36.00,0.020,0.010,1.8,2.582,N
BX22-057,36.00,37.00,0.208,0.076,0.7,2.620,N
BX22-057,37.00,38.00,0.560,0.431,4.7,2.679,N
BX22-057,38.00,39.00,0.200,0.067,5.2,2.606,N
BX22-057,39.00,40.00,0.020,0.010,1.6,2.597,N
BX22-057,40.00,41.00,0.460,0.260,2.2,2.641,N
BX22-057,41.00,42.50,0.151,0.010,4.1,2.685,N
BX22-057,42.50,43.50,0.020,0.025,2.0,2.656,N
BX22-057,43.50,45.50,0.056,0.010,1.8,2.628,N
BX22-057,45.50,47.00,0.020,0.016,0.5,2.657,N
BX22-057,47.00,49.00,0.020,0.010,0.5,2.623,N
BX22-057,49.00,50.00,0.130,0.098,1.0,2.622,N
BX22-057,50.00,51.00,0.020,0.017,0.5,2.640,N
BX22-057,51.00,52.50,0.020,0.010,2.0,2.558,N
BX22-057,52.50,54.00,0.020,0.010,1.1,2.623,N
BX22-057,54.00,55.50,0.285,0.010,4.1,2.617,N
BX22-057,55.50,57.00,0.020,0.091,0.5,2.598,N
BX22-057,57.00,58.50,0.105,0.010,2.8,2.618,N
BX22-057,58.50,59.50,0.020,0.010,0.5,2.636,N
BX22-057,59.50,60.50,0.020,0.148,2.3,2.637,N
BX22-057,60.50,62.50,0.020,0.040,0.5,2.618,N
BX22-057,62.50,63.50,0.702,0.248,2.4,2.683,N
BX22-057,63.50,64.50,0.020,0.024,0.5,2.619,N
BX22-057,64.50,66.00,0.020,0.119,3.2,2.609,N
BX22-057,66.00,67.00,0.451,0.047,4.8,2.644,N
BX22-057,67.00,69.00,0.335,0.214,0.5,2.636,N
BX22-057,69.00,71.00,0.020,0.085,0.5,2.569,N
BX22-057,71.00,72.50,0.020,0.143,1.0,2.649,N
BX22-057,72.50,74.50,0.020,0.010,0.5,2.602,N
BX22-057,74.50,76.00,0.020,0.010,0.5,2.578,N
BX22-057,76.00,77.00,0.020,0.039,2.0,2.612,N
BX22-057,77.00,79.00,0.023,0.017,0.5,2.615,N
BX22-057,79.00,80.00,0.020,0.103,0.5,2.596,N
BX22-057,80.00,81.00,0.020,0.073,1.6,2.649,N
BX22-057,81.00,82.00,0.478,0.023,3.7,2.607,Y
BX22-057,82.00,83.00,0.020,0.010,0.9,2.605,N
BX22-057,83.00,84.00,0.020,0.010,5.9,2.654,N
BX22-057,84.00,85.00,0.020,0.010,2.0,2.652,Y
BX22-057,85.00,87.00,0.020,0.028,2.3,2.593,N
BX22-057,87.00,89.00,0.022,0.086,0.5,2.582,N
BX22-057,89.00,90.00,0.520,0.200,3.3,2.643,N
BX22-057,90.00,91.50,0.020,0.081,0.5,2.623,N
BX22-057,91.50,92.50,0.165,0.010,2.5,2.596,N
BX22-057,92.50,94.00,0.141,0.010,1.0,2.659,N
BX22-057,94.00,95.50,0.250,0.161,2.3,2.677,N
BX22-057,95.50,97.50,0.020,0.010,0.5,2.628,N
BX22-057,97.50,98.50,0.020,0.010,3.2,2.573,N
BX22-057,98.50,99.50,0.020,0.010,0.5,2.599,N
BX22-057,99.50,100.50,0.020,0.010,0.5,2.664,N
BX22-057,100.50,102.50,0.314,0.074,5.8,2.629,N
BX22-057,102.50,103.50,0.020,0.010,1.6,2.635,N
BX22-057,103.50,104.50,0.020,0.014,0.5,2.634,N
BX22-057,104.50,105.50,0.201,0.273,0.5,2.680,N
BX22-057,105.50,107.00,0.020,0.210,1.7,2.601,N
BX22-057,107.00,109.00,0.588,0.368,5.0,2.751,N
BX22-057,109.00,110.00,0.051,0.010,0.5,2.634,N
BX22-057,110.00,112.00,0.087,0.116,4.7,2.613,N
BX22-057,112.00,113.00,0.020,0.010,1.3,2.690,N
BX22-057,113.00,114.50,0.020,0.010,0.5,2.581,N
BX22-057,114.50,116.00,0.200,0.055,7.2,2.668,N
BX22-057,116.00,117.50,0.021,0.089,0.5,2.620,N
BX22-057,117.50,119.50,0.021,0.088,0.5,2.639,N
BX22-057,119.50,120.50,0.043,0.124,2.5,2.654,N
BX22-057,120.50,121.50,0.142,0.010,0.5,2.589,N
BX22-057,121.50,122.50,0.020,0.081,2.5,2.646,N
BX22-057,122.50,124.50,0.042,0.010,6.2,2.603,Y
BX22-057,124.50,126.50,0.660,0.163,5.8,2.735,N
BX22-057,126.50,128.50,0.020,0.079,1.5,2.633,N
BX22-057,128.50,130.50,0.020,0.065,0.8,2.596,N
BX22-057,130.50,131.50,0.020,0.010,1.9,2.600,N
BX22-057,131.50,133.00,0.331,0.010,1.1,2.664,N
BX22-057,133.00,134.00,0.020,0.010,0.5,2.617,N
BX22-057,134.00,135.50,0.020,0.304,0.5,2.630,N
BX22-057,135.50,136.50,0.020,0.176,0.5,2.619,Y
BX22-057,136.50,138.50,0.020,0.153,1.6,2.595,N
BX22-057,138.50,139.50,0.020,0.010,0.5,2.650,N
BX22-057,139.50,140.50,0.306,0.108,0.5,2.680,N
BX22-057,140.50,141.50,0.020,0.148,0.5,2.641,N
BX22-057,141.50,143.00,0.020,0.010,0.5,2.642,N
BX22-057,143.00,144.50,0.258,0.010,1.9,2.598,N
BX22-057,144.50,146.50,0.020,0.025,4.7,2.620,Y
BX22-057,146.50,148.00,0.020,0.010,0.5,2.645,N
BX22-057,148.00,149.00,0.020,0.112,0.5,2.623,N
BX22-057,149.00,151.00,0.170,0.010,0.5,2.645,N
BX22-057,151.00,153.00,0.020,0.010,0.5,2.625,N
BX22-057,153.00,155.00,0.020,0.020,0.5,2.571,N
BX22-057,155.00,157.00,0.020,0.126,1.2,2.634,N
BX22-057,157.00,159.00,0.033,0.010,0.5,2.559,N
BX22-057,159.00,161.00,0.020,0.234,0.7,2.631,N
BX22-057,161.00,162.00,0.020,0.142,0.5,2.551,N
BX22-057,162.00,163.50,0.176,0.051,1.5,2.635,N
BX22-057,163.50,165.50,0.632,0.159,4.3,2.635,N
BX22-057,165.50,167.50,0.020,0.010,0.5,2.592,N
BX22-057,167.50,169.00,0.302,0.010,0.5,2.678,N
BX22-057,169.00,170.50,0.020,0.066,0.5,2.655,N
BX22-057,170.50,171.50,0.020,0.010,0.5,2.558,N
BX22-057,171.50,172.50,0.170,0.277,1.5,2.674,N
BX22-057,172.50,174.50,0.020,0.010,0.5,2.617,N
BX22-057,174.50,175.50,0.459,0.192,4.3,2.640,N
BX22-057,175.50,177.00,0.020,0.010,0.5,2.661,N
BX22-057,177.00,178.50,0.020,0.010,0.5,2.601,N
BX22-057,178.50,180.50,0.445,0.064,2.3,2.662,N
BX22-057,180.50,182.50,0.090,0.010,0.5,2.626,N
BX22-057,182.50,183.50,0.424,0.252,0.5,2.655,N
BX22-057,183.50,185.50,0.020,0.067,0.5,2.645,N
BX22-057,185.50,186.50,0.020,0.020,0.5,2.631,N
BX22-057,186.50,187.50,0.020,0.010,0.7,2.615,N
BX22-057,187.50,188.50,0.318,0.099,1.4,2.682,Y
BX22-057,188.50,189.50,0.044,0.027,0.5,2.594,N
BX22-057,189.50,191.00,0.493,0.116,1.2,2.655,N
BX22-058,0.00,1.00,0.145,0.010,2.9,2.658,N
BX22-058,1.00,3.00,0.040,0.112,0.8,2.637,Y
BX22-058,3.00,4.50,0.020,0.010,1.7,2.656,N
BX22-058,4.50,6.00,0.527,0.119,3.5,2.574,N
BX22-058,6.00,7.00,0.065,0.010,1.3,2.608,N
BX22-058,7.00,9.00,0.020,0.010,6.1,2.610,N
BX22-058,9.00,10.00,0.020,0.010,2.8,2.623,N
BX22-058,10.00,12.00,0.532,0.254,6.8,2.667,N
BX22-058,12.00,13.00,0.208,0.065,0.5,2.621,N
BX22-058,13.00,14.00,0.020,0.010,0.5,2.661,N
BX22-058,14.00,15.00,0.371,0.362,3.9,2.647,Y
BX22-058,15.00,17.00,0.949,0.428,5.5,2.669,N
BX22-058,17.00,18.00,0.079,0.183,0.5,2.581,N
BX22-058,18.00,20.00,0.020,0.013,1.7,2.605,N
BX22-058,20.00,21.00,0.034,0.164,2.0,2.644,N
BX22-058,21.00,23.00,0.058,0.081,0.5,2.662,N
BX22-058,23.00,25.00,0.020,0.010,0.5,2.657,N
BX22-058,25.00,26.00,0.109,0.023,1.2,2.569,N
BX22-058,26.00,28.00,0.073,0.025,1.8,2.631,N
BX22-058,28.00,29.00,0.020,0.010,0.5,2.657,N
BX22-058,29.00,30.00,0.020,0.010,0.5,2.609,N
BX22-058,30.00,32.00,0.577,0.191,4.1,2.688,N
BX22-058,32.00,33.50,0.034,0.135,0.5,2.619,N
BX22-058,33.50,35.00,0.020,0.010,0.5,2.640,N
BX22-058,35.00,36.00,0.166,0.122,0.5,2.658,N
BX22-058,36.00,38.00,0.020,0.010,0.5,2.650,N
BX22-058,38.00,39.00,0.075,0.010,0.5,2.638,N
BX22-058,39.00,40.00,0.100,0.075,0.5,2.616,N
BX22-058,40.00,41.50,0.430,0.088,0.5,2.654,N
BX22-058,41.50,43.00,0.022,0.010,0.5,2.661,N
BX22-058,43.00,44.00,0.361,0.144,2.4,2.643,N
BX22-058,44.00,45.00,0.352,0.164,0.5,2.669,N
BX22-058,45.00,46.00,0.364,0.097,2.3,2.690,N
BX22-058,46.00,47.00,0.020,0.010,0.5,2.643,N
BX22-058,47.00,48.00,0.020,0.161,3.1,2.618,N
BX22-058,48.00,49.00,0.020,0.090,0.7,2.624,N
BX22-058,49.00,50.50,0.320,0.054,3.9,2.662,N
BX22-058,50.50,52.50,0.181,0.237,0.5,2.732,N
BX22-058,52.50,53.50,0.020,0.035,1.7,2.640,N
BX22-058,53.50,55.50,0.020,0.010,0.5,2.651,N
BX22-058,55.50,57.00,0.020,0.010,0.5,2.660,N
BX22-058,57.00,58.00,0.020,0.010,0.5,2.651,N
BX22-058,58.00,59.00,0.020,0.010,1.8,2.667,N
BX22-058,59.00,60.50,0.020,0.079,2.5,2.588,N
BX22-058,60.50,61.50,0.020,0.010,0.5,2.648,N
BX22-058,61.50,62.50,0.611,0.343,3.0,2.644,N
BX22-058,62.50,64.50,0.020,0.010,1.1,2.601,N
BX22-058,64.50,66.00,0.020,0.010,0.5,2.609,N
BX22-058,66.00,67.00,0.290,0.010,0.5,2.593,Y
BX22-058,67.00,68.00,0.020,0.010,0.5,2.611,N
BX22-058,68.00,70.00,0.301,0.070,0.9,2.655,N
BX22-058,70.00,71.50,0.020,0.010,1.4,2.641,N
BX22-058,71.50,73.00,0.020,0.010,1.0,2.592,N
BX22-058,73.00,74.50,0.020,0.024,0.5,2.665,N
BX22-058,74.50,76.50,0.110,0.010,3.1,2.600,N
BX22-058,76.50,78.50,0.020,0.139,0.5,2.577,N
BX22-058,78.50,79.50,0.033,0.010,0.8,2.634,N
BX22-058,79.50,80.50,0.715,0.506,8.9,2.668,N
BX22-058,80.50,81.50,0.076,0.273,0.5,2.661,N
BX22-058,81.50,83.00,0.479,0.010,4.3,2.620,N
BX22-058,83.00,84.50,0.339,0.010,1.8,2.668,N
BX22-058,84.50,85.50,0.020,0.010,0.5,2.592,N
BX22-058,85.50,86.50,0.207,0.130,3.3,2.546,Y
BX22-058,86.50,88.50,0.506,0.272,6.6,2.603,N
BX22-058,88.50,90.50,0.101,0.010,1.8,2.661,N
BX22-058,90.50,92.50,0.382,0.291,0.5,2.685,N
BX22-058,92.50,93.50,0.159,0.231,0.5,2.629,N
BX22-058,93.50,95.00,0.020,0.060,0.5,2.598,N
BX22-058,95.00,96.50,0.020,0.010,2.4,2.653,N
BX22-058,96.50,98.00,0.020,0.010,5.0,2.600,N
BX22-058,98.00,99.50,0.184,0.159,0.5,2.671,N
BX22-058,99.50,100.50,0.085,0.060,1.8,2.623,N
BX22-058,100.50,102.00,0.092,0.037,1.2,2.609,N
BX22-058,102.00,104.00,0.526,0.199,0.5,2.714,N
BX22-058,104.00,105.00,0.275,0.010,0.5,2.643,N
BX22-058,105.00,106.00,0.020,0.012,0.5,2.634,N
BX22-058,106.00,107.00,0.020,0.010,0.5,2.633,N
BX22-058,107.00,108.00,0.020,0.042,0.5,2.639,N
BX22-058,108.00,110.00,0.523,0.132,3.5,2.620,N
BX22-058,110.00,111.50,0.125,0.021,0.5,2.625,N
BX22-058,111.50,112.50,0.020,0.010,1.7,2.609,N
BX22-058,112.50,114.50,0.020,0.020,1.1,2.584,N
BX22-058,114.50,115.50,0.106,0.020,0.5,2.603,N
BX22-058,115.50,116.50,0.482,0.133,1.6,2.687,N
BX22-058,116.50,118.00,0.228,0.010,0.5,2.622,N
BX22-058,118.00,119.00,0.020,0.010,0.5,2.651,N
BX22-058,119.00,120.00,0.020,0.106,1.5,2.613,N
BX22-058,120.00,122.00,0.470,0.202,4.5,2.593,N
BX22-058,122.00,124.00,0.391,0.054,2.6,2.602,N
BX22-058,124.00,125.50,0.350,0.258,1.5,2.666,N
BX22-058,125.50,127.00,0.101,0.010,0.6,2.641,N
BX22-058,127.00,129.00,0.020,0.010,0.5,2.623,N
BX22-058,129.00,130.50,0.112,0.010,0.5,2.604,N
BX22-058,130.50,132.00,0.020,0.010,0.5,2.667,N
BX22-058,132.00,133.50,0.020,0.010,1.7,2.626,N
BX22-058,133.50,135.50,0.080,0.010,3.1,2.620,N
BX22-058,135.50,136.50,0.020,0.068,0.5,2.692,Y
BX22-058,136.50,138.50,0.085,0.110,0.5,2.710,N
BX22-058,138.50,139.50,0.020,0.010,0.5,2.644,N
BX22-058,139.50,141.50,0.020,0.010,1.4,2.590,N
BX22-058,141.50,142.50,0.051,0.066,0.5,2.574,N
BX22-058,142.50,143.50,0.020,0.010,1.5,2.630,N
BX22-058,143.50,145.00,0.107,0.090,3.9,2.637,N
BX22-058,145.00,146.00,0.173,0.013,1.6,2.586,N
BX22-058,146.00,148.00,0.020,0.115,0.5,2.594,N
BX22-058,148.00,149.50,0.060,0.134,0.9,2.657,N
BX22-058,149.50,151.00,0.020,0.054,1.1,2.576,N
BX22-059,0.00,2.00,0.020,0.010,1.9,2.589,N
BX22-059,2.00,3.00,0.020,0.130,2.5,2.640,N
BX22-059,3.00,5.00,0.191,0.107,1.7,2.667,N
BX22-059,5.00,6.50,0.611,0.297,3.0,2.683,N
BX22-059,6.50,7.50,0.020,0.223,0.5,2.600,N
BX22-059,7.50,9.50,0.020,0.010,0.5,2.634,N
BX22-059,9.50,10.50,0.020,0.010,1.5,2.640,N
BX22-059,10.50,12.50,0.189,0.149,0.7,2.600,Y
BX22-059,12.50,14.00,0.020,0.012,0.5,2.597,N
BX22-059,14.00,15.00,0.020,0.010,0.5,2.575,N
BX22-059,15.00,16.50,0.724,0.356,0.5,2.658,N
BX22-059,16.50,17.50,0.020,0.010,0.5,2.609,N
BX22-059,17.50,19.50,0.020,0.010,0.5,2.608,N
BX22-059,19.50,21.50,0.034,0.010,0.5,2.632,N
BX22-059,21.50,22.50,0.109,0.010,0.5,2.651,N
BX22-059,22.50,23.50,0.020,0.010,6.9,2.609,N
BX22-059,23.50,24.50,0.020,0.111,1.3,2.625,N
BX22-059,24.50,25.50,0.020,0.071,3.7,2.621,N
BX22-059,25.50,26.50,0.129,0.010,2.7,2.650,N
BX22-059,26.50,28.00,0.020,0.010,0.5,2.611,N
BX22-059,28.00,30.00,0.223,0.056,0.5,2.600,N
BX22-059,30.00,32.00,0.020,0.205,1.8,2.604,N
BX22-059,32.00,33.00,0.567,0.186,4.3,2.692,N
BX22-059,33.00,34.50,0.364,0.199,0.6,2.619,N
BX22-059,34.50,36.50,0.059,0.010,3.2,2.597,N
BX22-059,36.50,38.50,0.607,0.246,4.7,2.625,Y
BX22-059,38.50,40.50,0.020,0.206,0.5,2.625,N
BX22-059,40.50,42.50,0.086,0.010,0.5,2.667,N
BX22-059,42.50,43.50,0.020,0.121,0.5,2.603,N
BX22-059,43.50,45.50,0.453,0.304,0.5,2.657,N
BX22-059,45.50,46.50,0.040,0.010,0.5,2.650,N
BX22-059,46.50,47.50,0.020,0.113,0.5,2.634,N
BX22-059,47.50,48.50,0.497,0.241,5.1,2.644,N
BX22-059,48.50,50.00,0.065,0.010,0.5,2.576,N
BX22-059,50.00,51.00,0.202,0.283,3.2,2.602,N
BX22-059,51.00,52.00,0.037,0.010,0.5,2.578,Y
BX22-059,52.00,53.00,0.113,0.010,2.5,2.691,N
BX22-059,53.00,55.00,0.020,0.010,4.6,2.619,N
BX22-059,55.00,56.00,0.020,0.010,0.5,2.598,N
BX22-059,56.00,57.50,0.020,0.010,0.5,2.605,N
BX22-059,57.50,58.50,0.285,0.010,1.1,2.651,N
BX22-059,58.50,60.00,0.020,0.045,0.5,2.629,N
BX22-059,60.00,61.50,0.020,0.102,0.5,2.588,N
BX22-059,61.50,62.50,0.310,0.147,4.0,2.582,N
BX22-059,62.50,64.50,0.020,0.010,0.5,2.604,N
BX22-059,64.50,65.50,0.153,0.010,4.1,2.577,N
BX22-059,65.50,66.50,0.065,0.010,0.5,2.631,N
BX22-059,66.50,68.50,0.100,0.174,1.8,2.600,N
BX22-059,68.50,69.50,0.020,0.054,0.5,2.603,N
BX22-059,69.50,71.00,0.020,0.088,2.7,2.639,N
BX22-059,71.00,72.00,0.329,0.049,0.6,2.681,N
BX22-059,72.00,74.00,0.020,0.171,1.5,2.654,N
BX22-059,74.00,75.00,0.360,0.268,4.4,2.637,N
BX22-059,75.00,77.00,0.020,0.066,0.5,2.598,Y
BX22-059,77.00,78.00,0.140,0.010,1.6,2.622,N
BX22-059,78.00,79.50,0.325,0.245,3.5,2.630,N
BX22-059,79.50,81.50,0.640,0.302,1.4,2.707,N
BX22-059,81.50,82.50,0.020,0.010,0.5,2.640,N
BX22-059,82.50,83.50,0.280,0.085,1.0,2.669,N
BX22-059,83.50,85.50,0.020,0.010,0.5,2.589,N
BX22-059,85.50,87.00,0.020,0.169,0.5,2.644,N
BX22-059,87.00,88.00,0.232,0.136,0.9,2.731,N
BX22-059,88.00,90.00,0.020,0.010,2.6,2.643,N
BX22-059,90.00,91.50,0.020,0.031,0.5,2.669,N
BX22-059,91.50,93.50,0.020,0.092,0.5,2.601,Y
BX22-059,93.50,94.50,0.020,0.010,0.5,2.607,N
BX22-059,94.50,95.50,0.020,0.121,2.0,2.629,N
BX22-059,95.50,97.50,0.020,0.077,1.4,2.661,N
BX22-059,97.50,98.50,0.020,0.022,0.5,2.719,N
BX22-059,98.50,100.00,0.020,0.010,0.5,2.602,N
BX22-059,100.00,101.00,0.020,0.010,0.5,2.614,N
BX22-059,101.00,103.00,0.020,0.010,0.5,2.608,N
BX22-059,103.00,104.00,0.020,0.010,0.5,2.559,N
BX22-059,104.00,105.00,0.020,0.024,1.3,2.648,N
BX22-059,105.00,106.50,0.020,0.020,3.2,2.623,N
BX22-059,106.50,108.50,0.020,0.073,0.8,2.628,N
BX22-059,108.50,110.00,0.558,0.215,5.6,2.621,N
BX22-059,110.00,111.00,0.020,0.054,0.5,2.585,N
BX22-059,111.00,112.50,0.020,0.010,0.5,2.611,N
BX22-059,112.50,114.50,0.020,0.010,0.8,2.635,N
BX22-059,114.50,116.50,0.253,0.010,0.8,2.599,N
BX22-059,116.50,118.00,0.020,0.010,0.5,2.596,N
BX22-059,118.00,119.50,0.191,0.056,2.2,2.668,N
BX22-059,119.50,121.00,0.020,0.010,0.5,2.605,Y
BX22-059,121.00,123.00,0.647,0.192,1.8,2.730,N
BX22-059,123.00,124.00,0.020,0.010,1.5,2.595,N
BX22-059,124.00,125.50,0.020,0.175,1.0,2.645,N
BX22-059,125.50,126.50,0.427,0.252,4.5,2.665,N
BX22-059,126.50,128.00,0.315,0.010,0.5,2.615,N
BX22-059,128.00,130.00,0.020,0.010,0.5,2.619,N
BX22-059,130.00,131.50,0.124,0.010,0.5,2.640,N
BX22-059,131.50,133.50,0.314,0.247,1.9,2.633,N
BX22-059,133.50,135.50,0.344,0.172,3.1,2.667,N
BX22-059,135.50,137.50,0.020,0.010,2.1,2.610,N
BX22-059,137.50,139.50,0.020,0.139,0.5,2.609,N
BX22-059,139.50,140.50,0.247,0.199,0.5,2.672,N
BX22-059,140.50,141.50,0.138,0.010,0.5,2.665,N
BX22-059,141.50,143.50,0.020,0.010,0.5,2.657,N
BX22-059,143.50,145.00,0.020,0.092,0.5,2.622,N
BX22-059,145.00,146.50,0.020,0.025,0.5,2.623,N
BX22-059,146.50,147.50,0.020,0.010,0.5,2.624,N
BX22-059,147.50,148.50,0.020,0.131,0.5,2.582,N
BX22-059,148.50,149.50,0.020,0.010,0.5,2.605,N
BX22-059,149.50,150.50,0.020,0.089,0.5,2.589,N
BX22-059,150.50,151.50,0.020,0.010,0.5,2.644,N
BX22-059,151.50,152.50,0.020,0.037,0.6,2.573,N
BX22-059,152.50,153.00,0.020,0.010,0.5,2.657,N
BX22-060,0.00,2.00,0.026,0.010,0.5,2.615,N
BX22-060,2.00,4.00,0.020,0.031,0.5,2.625,N
BX22-060,4.00,6.00,0.020,0.010,0.5,2.630,N
BX22-060,6.00,7.00,0.020,0.010,0.5,2.589,N
BX22-060,7.00,8.00,0.020,0.088,0.5,2.618,N
BX22-060,8.00,9.00,0.587,0.091,4.3,2.668,N
BX22-060,9.00,10.50,0.673,0.190,5.7,2.658,N
BX22-060,10.50,11.50,0.020,0.010,0.5,2.675,N
BX22-060,11.50,12.50,0.020,0.044,2.7,2.620,N
BX22-060,12.50,13.50,0.064,0.023,0.5,2.652,N
BX22-060,13.50,14.50,0.553,0.134,2.2,2.663,N
BX22-060,14.50,16.00,0.480,0.197,4.0,2.695,N
BX22-060,16.00,17.00,0.020,0.010,0.5,2.552,N
BX22-060,17.00,18.50,0.020,0.010,0.5,2.632,N
BX22-060,18.50,19.50,0.020,0.010,0.5,2.610,N
BX22-060,19.50,20.50,0.717,0.227,5.4,2.625,N
BX22-060,20.50,21.50,0.729,0.140,1.9,2.732,N
BX22-060,21.50,22.50,0.020,0.091,0.5,2.569,N
BX22-060,22.50,23.50,0.020,0.010,0.5,2.566,N
BX22-060,23.50,24.50,0.077,0.010,1.4,2.615,N
BX22-060,24.50,25.50,0.020,0.010,0.5,2.596,N
BX22-060,25.50,26.50,0.109,0.010,0.5,2.624,N
BX22-060,26.50,28.50,0.020,0.271,0.6,2.600,N
BX22-060,28.50,29.50,0.061,0.081,0.5,2.580,N
BX22-060,29.50,31.00,0.228,0.142,1.8,2.691,N
BX22-060,31.00,33.00,0.222,0.120,1.0,2.686,N
BX22-060,33.00,34.00,0.020,0.088,0.5,2.638,N
BX22-060,34.00,36.00,0.344,0.068,1.2,2.640,N
BX22-060,36.00,37.00,0.020,0.010,0.5,2.619,N
BX22-060,37.00,39.00,0.252,0.075,6.0,2.621,N
BX22-060,39.00,40.50,0.048,0.061,0.5,2.643,N
BX22-060,40.50,42.50,0.629,0.194,4.2,2.655,N
BX22-060,42.50,43.50,0.020,0.158,0.5,2.610,N
BX22-060,43.50,45.00,0.020,0.124,0.9,2.612,N
BX22-060,45.00,46.00,0.020,0.155,3.6,2.648,N
BX22-060,46.00,47.00,0.467,0.046,5.4,2.672,N
BX22-060,47.00,48.00,0.020,0.010,0.5,2.589,N
BX22-060,48.00,49.00,0.020,0.012,0.5,2.584,N
BX22-060,49.00,50.00,0.020,0.010,0.6,2.601,N
BX22-060,50.00,51.50,0.753,0.048,7.8,2.698,N
BX22-060,51.50,53.50,0.179,0.105,2.5,2.599,Y
BX22-060,53.50,54.50,0.162,0.197,2.7,2.602,N
BX22-060,54.50,55.50,0.020,0.010,0.5,2.611,N
BX22-060,55.50,56.50,0.409,0.042,4.2,2.631,N
BX22-060,56.50,57.50,0.220,0.043,1.5,2.619,N
BX22-060,57.50,59.50,0.020,0.010,2.9,2.623,N
BX22-060,59.50,60.50,0.020,0.036,0.8,2.633,N
BX22-060,60.50,62.50,0.020,0.010,0.7,2.649,N
BX22-060,62.50,64.00,0.020,0.024,1.7,2.628,N
BX22-060,64.00,65.00,0.020,0.031,2.7,2.603,N
BX22-060,65.00,66.50,0.020,0.058,0.5,2.635,N
BX22-060,66.50,67.50,0.020,0.287,1.4,2.630,N
BX22-060,67.50,68.50,0.020,0.010,1.6,2.604,N
BX22-060,68.50,70.50,0.061,0.229,3.1,2.658,N
BX22-060,70.50,71.50,0.477,0.174,4.1,2.637,N
BX22-060,71.50,73.00,0.020,0.010,0.5,2.639,N
BX22-060,73.00,74.00,0.020,0.042,0.5,2.587,N
BX22-060,74.00,76.00,0.163,0.010,0.5,2.657,N
BX22-060,76.00,77.00,0.020,0.010,0.5,2.632,N
BX22-060,77.00,78.00,0.144,0.010,0.6,2.646,N
BX22-060,78.00,79.00,0.188,0.130,6.7,2.609,N
BX22-060,79.00,80.00,0.020,0.130,0.5,2.613,N
BX22-060,80.00,82.00,0.120,0.010,0.5,2.661,N
BX22-060,82.00,83.00,0.168,0.010,0.5,2.649,N
BX22-060,83.00,84.00,0.312,0.195,0.5,2.642,N
BX22-060,84.00,86.00,0.020,0.045,0.5,2.696,N
BX22-060,86.00,87.00,0.020,0.010,0.9,2.625,N
BX22-060,87.00,88.00,0.020,0.010,2.5,2.598,N
BX22-060,88.00,89.50,0.125,0.010,4.6,2.617,N
BX22-060,89.50,90.50,0.020,0.059,0.5,2.650,N
BX22-060,90.50,92.00,0.020,0.037,0.5,2.591,N
BX22-060,92.00,93.50,0.020,0.010,2.5,2.645,N
BX22-060,93.50,95.00,0.020,0.010,0.5,2.625,N
BX22-060,95.00,97.00,0.020,0.010,1.0,2.647,N
BX22-060,97.00,98.00,0.054,0.010,1.9,2.660,N
BX22-060,98.00,99.50,0.070,0.010,0.5,2.654,N
BX22-060,99.50,101.00,0.958,0.416,7.9,2.664,N
BX22-060,101.00,102.00,0.020,0.126,0.5,2.654,N
BX22-060,102.00,103.00,0.072,0.010,0.5,2.651,N
BX22-060,103.00,104.50,0.812,0.391,5.1,2.594,N
BX22-060,104.50,105.50,0.182,0.144,0.5,2.608,N
BX22-060,105.50,106.50,0.270,0.116,1.8,2.651,N
BX22-060,106.50,107.50,0.070,0.010,0.5,2.621,N
BX22-060,107.50,109.50,0.020,0.077,0.5,2.614,N
BX22-060,109.50,111.00,0.020,0.010,0.5,2.638,N
BX22-060,111.00,112.00,0.119,0.119,0.5,2.641,N
BX22-060,112.00,113.50,0.020,0.010,0.5,2.606,N
BX22-060,113.50,115.00,0.051,0.093,1.7,2.596,N
BX22-060,115.00,116.50,0.142,0.076,0.5,2.648,N
BX22-060,116.50,117.50,0.020,0.010,0.5,2.613,N
BX22-060,117.50,118.50,0.020,0.019,1.4,2.620,N
BX22-060,118.50,120.00,0.020,0.010,0.7,2.624,N
BX22-060,120.00,121.50,0.024,0.164,0.5,2.598,N
BX22-060,121.50,122.50,0.020,0.010,1.2,2.633,N
BX22-060,122.50,123.50,0.020,0.010,0.5,2.654,N
BX22-060,123.50,125.00,0.258,0.010,0.5,2.657,Y
BX22-060,125.00,126.50,0.246,0.115,3.3,2.635,N
BX22-060,126.50,128.00,0.020,0.132,0.5,2.570,N
BX22-060,128.00,129.00,0.020,0.010,1.6,2.635,N
BX22-060,129.00,130.00,0.272,0.123,0.9,2.648,N
BX22-060,130.00,132.00,0.020,0.010,0.5,2.618,Y
BX22-060,132.00,133.50,0.020,0.010,2.6,2.648,N
BX22-060,133.50,134.50,0.020,0.167,0.5,2.603,N
BX22-060,134.50,136.50,0.375,0.010,2.8,2.676,N
BX22-060,136.50,137.50,0.417,0.128,1.0,2.662,N
BX22-060,137.50,138.50,0.386,0.010,1.1,2.615,N
BX22-060,138.50,140.50,0.020,0.010,2.8,2.633,N
BX22-060,140.50,141.50,0.042,0.010,0.5,2.613,N
BX22-060,141.50,142.50,0.150,0.050,0.5,2.645,N
BX22-060,142.50,144.50,0.020,0.010,1.7,2.609,N
BX22-060,144.50,145.50,0.020,0.020,1.9,2.585,N
BX22-060,145.50,147.00,0.534,0.261,0.5,2.605,N
BX22-060,147.00,149.00,0.020,0.010,0.5,2.601,N
BX22-060,149.00,150.50,0.020,0.071,0.7,2.614,N
BX22-060,150.50,151.50,0.020,0.051,0.5,2.649,N
BX22-060,151.50,152.50,0.020,0.010,0.5,2.654,N
BX22-060,152.50,154.00,0.020,0.034,0.5,2.604,N
BX22-060,154.00,156.00,0.870,0.351,2.1,2.712,N
BX22-060,156.00,157.00,0.020,0.094,1.6,2.634,N
BX22-060,157.00,159.00,0.020,0.026,0.5,2.627,N
BX22-060,159.00,160.00,0.770,0.246,0.5,2.619,N
BX22-060,160.00,161.50,0.020,0.079,2.3,2.660,N
BX22-060,161.50,163.00,0.034,0.146,0.5,2.630,N
BX22-060,163.00,164.00,0.153,0.216,0.9,2.632,N
BX22-060,164.00,166.00,0.020,0.036,0.5,2.668,N
BX22-060,166.00,167.00,0.059,0.023,0.5,2.651,N
BX22-060,167.00,168.00,0.145,0.109,1.7,2.633,N
BX22-060,168.00,169.00,0.020,0.010,0.5,2.650,N
BX22-060,169.00,171.00,0.040,0.010,0.5,2.627,N
BX22-060,171.00,173.00,0.068,0.083,2.6,2.635,N
BX22-060,173.00,174.00,0.091,0.010,5.2,2.567,N
BX22-060,174.00,176.00,0.439,0.255,3.4,2.647,N
BX22-060,176.00,178.00,0.020,0.010,0.5,2.596,N
BX22-060,178.00,179.50,0.020,0.010,0.5,2.634,N
BX22-060,179.50,180.50,0.020,0.104,0.5,2.648,N
BX22-060,180.50,181.50,0.115,0.034,0.5,2.662,N
BX22-060,181.50,183.00,0.020,0.010,1.5,2.622,N
BX22-060,183.00,185.00,0.501,0.192,2.9,2.655,N
BX22-060,185.00,186.50,0.020,0.135,0.8,2.632,N
BX22-060,186.50,187.50,0.020,0.010,0.5,2.638,N
BX22-060,187.50,189.50,0.283,0.042,3.3,2.636,N
BX22-060,189.50,191.00,0.020,0.010,3.3,2.594,N
BX22-060,191.00,192.00,0.219,0.241,0.5,2.624,N
BX22-060,192.00,194.00,0.588,0.132,3.6,2.621,N
BX22-060,194.00,195.00,0.169,0.144,2.2,2.682,N
BX22-060,195.00,196.00,0.601,0.409,4.5,2.652,N
BX22-060,196.00,198.00,0.020,0.010,0.5,2.576,N
BX22-060,198.00,200.00,0.130,0.118,0.5,2.658,N
BX22-060,200.00,201.00,0.239,0.135,4.3,2.730,N
BX22-060,201.00,203.00,0.020,0.049,0.5,2.588,N
BX22-060,203.00,204.00,0.020,0.010,0.5,2.609,N
BX22-060,204.00,205.00,0.026,0.089,0.5,2.607,N
BX22-060,205.00,206.50,0.313,0.040,3.0,2.575,N
BX22-060,206.50,207.50,0.742,0.309,7.3,2.684,N
BX22-060,207.50,208.50,0.020,0.102,0.5,2.624,N
BX22-060,208.50,210.50,0.520,0.168,2.4,2.610,Y
BX22-060,210.50,212.00,0.560,0.100,5.0,2.664,N
BX22-060,212.00,214.00,0.363,0.260,0.5,2.615,N
BX22-060,214.00,215.00,0.361,0.156,2.8,2.668,N
BX22-060,215.00,217.00,0.020,0.130,1.5,2.606,N
BX22-060,217.00,219.00,0.020,0.124,0.5,2.584,N
BX22-060,219.00,221.00,0.058,0.010,2.2,2.615,N
BX22-060,221.00,222.50,0.020,0.263,2.3,2.618,N
BX22-060,222.50,223.50,0.246,0.010,0.5,2.645,N
BX22-060,223.50,224.50,0.020,0.224,1.4,2.653,N
BX22-060,224.50,225.50,0.020,0.018,1.6,2.677,N
BX22-060,225.50,226.50,0.020,0.010,0.5,2.676,N
BX22-060,226.50,227.50,0.738,0.209,4.7,2.664,N
BX22-060,227.50,228.50,0.020,0.010,0.5,2.644,N
BX22-060,228.50,229.50,0.020,0.111,1.5,2.626,N
BX22-060,229.50,230.50,0.020,0.185,0.5,2.609,N
BX22-060,230.50,232.00,0.020,0.073,0.5,2.654,N
BX22-060,232.00,233.50,0.033,0.010,1.4,2.604,N
BX22-060,233.50,235.00,0.210,0.010,0.5,2.693,N
BX22-060,235.00,236.00,0.020,0.010,1.1,2.657,N
BX22-060,236.00,237.00,0.060,0.099,3.2,2.619,N
BX22-060,237.00,239.00,0.213,0.095,7.5,2.581,N
BX22-060,239.00,241.00,0.020,0.187,1.4,2.627,N
BX22-060,241.00,242.00,0.020,0.010,0.5,2.641,N
BX22-060,242.00,243.00,0.530,0.075,3.3,2.646,N
BX22-060,243.00,245.00,0.627,0.227,3.6,2.642,N
BX22-060,245.00,246.00,0.020,0.130,1.1,2.606,N
BX22-060,246.00,247.00,0.020,0.069,0.5,2.644,N
BX22-060,247.00,248.00,0.020,0.010,0.5,2.597,N
